-- --------------------------------------------------------
-- Host:                         127.0.0.1
-- Versi server:                 8.0.30 - MySQL Community Server - GPL
-- OS Server:                    Win64
-- HeidiSQL Versi:               12.1.0.6537
-- --------------------------------------------------------

/*!40101 SET @OLD_CHARACTER_SET_CLIENT=@@CHARACTER_SET_CLIENT */;
/*!40101 SET NAMES utf8 */;
/*!50503 SET NAMES utf8mb4 */;
/*!40103 SET @OLD_TIME_ZONE=@@TIME_ZONE */;
/*!40103 SET TIME_ZONE='+00:00' */;
/*!40014 SET @OLD_FOREIGN_KEY_CHECKS=@@FOREIGN_KEY_CHECKS, FOREIGN_KEY_CHECKS=0 */;
/*!40101 SET @OLD_SQL_MODE=@@SQL_MODE, SQL_MODE='NO_AUTO_VALUE_ON_ZERO' */;
/*!40111 SET @OLD_SQL_NOTES=@@SQL_NOTES, SQL_NOTES=0 */;


-- Membuang struktur basisdata untuk api_ticketing
CREATE DATABASE IF NOT EXISTS `api_ticketing` /*!40100 DEFAULT CHARACTER SET utf8mb4 COLLATE utf8mb4_0900_ai_ci */ /*!80016 DEFAULT ENCRYPTION='N' */;
USE `api_ticketing`;

-- membuang struktur untuk table api_ticketing.assets
CREATE TABLE IF NOT EXISTS `assets` (
  `id` bigint unsigned NOT NULL AUTO_INCREMENT,
  `assets_code` varchar(50) CHARACTER SET utf8mb4 COLLATE utf8mb4_unicode_ci DEFAULT NULL,
  `assets_name` varchar(255) CHARACTER SET utf8mb4 COLLATE utf8mb4_unicode_ci DEFAULT NULL,
  `image` varchar(255) CHARACTER SET utf8mb4 COLLATE utf8mb4_unicode_ci DEFAULT NULL,
  `category` varchar(255) CHARACTER SET utf8mb4 COLLATE utf8mb4_unicode_ci DEFAULT NULL,
  `status` varchar(255) CHARACTER SET utf8mb4 COLLATE utf8mb4_unicode_ci DEFAULT NULL,
  `model` varchar(255) CHARACTER SET utf8mb4 COLLATE utf8mb4_unicode_ci DEFAULT NULL,
  `check_in` varchar(255) CHARACTER SET utf8mb4 COLLATE utf8mb4_unicode_ci DEFAULT NULL,
  `check_out` varchar(255) CHARACTER SET utf8mb4 COLLATE utf8mb4_unicode_ci DEFAULT NULL,
  `check_out_to` varchar(255) CHARACTER SET utf8mb4 COLLATE utf8mb4_unicode_ci DEFAULT NULL,
  `location` varchar(255) CHARACTER SET utf8mb4 COLLATE utf8mb4_unicode_ci DEFAULT NULL,
  `notes` varchar(255) CHARACTER SET utf8mb4 COLLATE utf8mb4_unicode_ci DEFAULT NULL,
  `created_at` timestamp NULL DEFAULT NULL,
  `updated_at` timestamp NULL DEFAULT NULL,
  `deleted_at` timestamp NULL DEFAULT NULL,
  PRIMARY KEY (`id`) USING BTREE
) ENGINE=InnoDB AUTO_INCREMENT=511 DEFAULT CHARSET=utf8mb4 COLLATE=utf8mb4_unicode_ci ROW_FORMAT=DYNAMIC;

-- Membuang data untuk tabel api_ticketing.assets: ~510 rows (lebih kurang)
INSERT INTO `assets` (`id`, `assets_code`, `assets_name`, `image`, `category`, `status`, `model`, `check_in`, `check_out`, `check_out_to`, `location`, `notes`, `created_at`, `updated_at`, `deleted_at`) VALUES
	(1, 'C.A.01.20171007.0001', 'LENOVO 120S-141AP', '(NULL)', 'LAPTOP', 'Available (In IT Storage)', 'LENOVO LAPTOP', '(NULL)', '(NULL)', '(NULL)', 'HEAD OFFICE DUTA GARDEN', '(NULL)', NULL, NULL, NULL),
	(2, 'C.A.01.20171202.0004', 'LENOVO 120S-141AP', '(NULL)', 'LAPTOP', 'Available (In IT Storage)', 'LENOVO LAPTOP', '(NULL)', '(NULL)', '(NULL)', 'HEAD OFFICE DUTA GARDEN', '(NULL)', NULL, NULL, NULL),
	(3, 'C.A.02.00000000.0027', 'ASUS A455L', '(NULL)', 'LAPTOP', 'Available (In IT Storage)', 'ASUS LAPTOP', '(NULL)', '(NULL)', '(NULL)', 'HEAD OFFICE DUTA GARDEN', '(NULL)', NULL, NULL, NULL),
	(4, 'C.A.02.00000000.0030', 'ASUS A455L', '(NULL)', 'LAPTOP', 'Available (In IT Storage)', 'ASUS LAPTOP', '(NULL)', '(NULL)', '(NULL)', 'HEAD OFFICE DUTA GARDEN', '(NULL)', NULL, NULL, NULL),
	(5, 'C.A.02.00000000.0031', 'ASUS A455L', '(NULL)', 'LAPTOP', 'Available (In IT Storage)', 'ASUS LAPTOP', '(NULL)', '(NULL)', '(NULL)', 'HEAD OFFICE DUTA GARDEN', '(NULL)', NULL, NULL, NULL),
	(6, 'C.A.02.20180316.0008', 'ASUS X441VA - WX330T', '(NULL)', 'LAPTOP', 'Available (In IT Storage)', 'ASUS LAPTOP', '(NULL)', '(NULL)', '(NULL)', 'HEAD OFFICE DUTA GARDEN', '(NULL)', NULL, NULL, NULL),
	(7, 'C.A.02.20180316.0010', 'ASUS X441VA - WX330T', '(NULL)', 'LAPTOP', 'Available (In IT Storage) Deployed', 'ASUS LAPTOP', '(NULL)', '(NULL)', '(NULL)', 'STORE 01 PASAR LAMA', '(NULL)', NULL, NULL, NULL),
	(8, 'C.A.02.20180316.0011', 'ASUS X441VA - WX330T', '(NULL)', 'LAPTOP', 'Available (In IT Storage)', 'ASUS LAPTOP', '(NULL)', '(NULL)', '(NULL)', 'HEAD OFFICE DUTA GARDEN', '(NULL)', NULL, NULL, NULL),
	(9, 'C.A.02.20180316.0012', 'ASUS X441VA - WX330T', '(NULL)', 'LAPTOP', 'Available (In IT Storage)', 'ASUS LAPTOP', '(NULL)', '(NULL)', '(NULL)', 'HEAD OFFICE DUTA GARDEN', '(NULL)', NULL, NULL, NULL),
	(10, 'C.A.02.20180505.0015', 'ASUS X441VA - WX321T', '(NULL)', 'LAPTOP', 'Available (In IT Storage)', 'ASUS LAPTOP', '(NULL)', '(NULL)', '(NULL)', 'HEAD OFFICE DUTA GARDEN', '(NULL)', NULL, NULL, NULL),
	(11, 'C.A.02.20180505.0016', 'ASUS X441UA - WX322T', '(NULL)', 'LAPTOP', 'Available (In IT Storage)', 'ASUS LAPTOP', '(NULL)', '(NULL)', '(NULL)', 'HEAD OFFICE DUTA GARDEN', '(NULL)', NULL, NULL, NULL),
	(12, 'C.A.02.20180531.0017', 'ASUS ZENBOOK UX410UQ', '(NULL)', 'LAPTOP', 'Available (In IT Storage)', 'ASUS LAPTOP', '(NULL)', '(NULL)', '(NULL)', 'HEAD OFFICE DUTA GARDEN', '(NULL)', NULL, NULL, NULL),
	(13, 'C.A.02.20181101.0035', 'LENOVO IDEAPAD 320-14ISK', '(NULL)', 'LAPTOP', 'Available (In IT Storage)', 'LENOVO LAPTOP', '(NULL)', '(NULL)', '(NULL)', 'HEAD OFFICE DUTA GARDEN', '(NULL)', NULL, NULL, NULL),
	(14, 'C.A.02.20190115.0040', 'ASUS A407UA-BV320T', '(NULL)', 'LAPTOP', 'Available (In IT Storage)', 'ASUS LAPTOP', '(NULL)', '(NULL)', '(NULL)', 'HEAD OFFICE DUTA GARDEN', '(NULL)', NULL, NULL, NULL),
	(15, 'C.A.02.20190213.0041', 'ASUS A407UA-BV320T', '(NULL)', 'LAPTOP', 'Available (In IT Storage)', 'ASUS LAPTOP', '(NULL)', '(NULL)', '(NULL)', 'HEAD OFFICE DUTA GARDEN', '(NULL)', NULL, NULL, NULL),
	(16, 'C.A.02.20190216.0043', 'ASUS A407UA-BV320T', '(NULL)', 'LAPTOP', 'Available (In IT Storage)', 'ASUS LAPTOP', '(NULL)', '(NULL)', '(NULL)', 'HEAD OFFICE DUTA GARDEN', '(NULL)', NULL, NULL, NULL),
	(17, 'C.A.02.20191008.0047', 'ASUS X441UA-GA314T', '(NULL)', 'LAPTOP', 'Available (In IT Storage)', 'ASUS LAPTOP', '(NULL)', '(NULL)', '(NULL)', 'HEAD OFFICE DUTA GARDEN', '(NULL)', NULL, NULL, NULL),
	(18, 'C.A.02.20200423.0056', 'ASUS VIVOBOOK X441UA-GA312T', '(NULL)', 'LAPTOP', 'Available (In IT Storage) Deployed', 'ASUS LAPTOP', '(NULL)', '(NULL)', 'Bayu Prasetya (bayu.prasetya)', 'HEAD OFFICE DUTA GARDEN', '(NULL)', NULL, NULL, NULL),
	(19, 'C.A.02.20200622.0060', 'ASUS VIVOBOOK A409UA-BV351T', '(NULL)', 'LAPTOP', 'Available (In IT Storage)', 'ASUS LAPTOP', '(NULL)', '(NULL)', '(NULL)', 'HEAD OFFICE DUTA GARDEN', '(NULL)', NULL, NULL, NULL),
	(20, 'C.A.02.20200717.0062', 'ASUS VIVOBOOK A509UJ-BR352T', '(NULL)', 'LAPTOP', 'Available (In IT Storage) Deployed', 'ASUS LAPTOP', '(NULL)', '(NULL)', 'REZA PRASASTI (Reza)', 'HEAD OFFICE DUTA GARDEN', '(NULL)', NULL, NULL, NULL),
	(21, 'C.A.02.20200819.0067', 'ASUS VIVOBOOK X441UA-GA312T', '(NULL)', 'LAPTOP', 'Available (In IT Storage)', 'ASUS LAPTOP', '(NULL)', '(NULL)', '(NULL)', 'HEAD OFFICE DUTA GARDEN', '(NULL)', NULL, NULL, NULL),
	(22, 'C.A.02.20200930.0072', 'ASUS VIVOBOOK X441UA-GA333T', '(NULL)', 'LAPTOP', 'Available (In IT Storage)', 'ASUS LAPTOP', '(NULL)', '(NULL)', '(NULL)', 'HEAD OFFICE DUTA GARDEN', '(NULL)', NULL, NULL, NULL),
	(23, 'C.A.03.20190910.0046', 'ASUS VIVOBOOK A412F-EK501T', '(NULL)', 'LAPTOP', 'Available (In IT Storage)', 'ASUS LAPTOP', '(NULL)', '(NULL)', '(NULL)', 'HEAD OFFICE DUTA GARDEN', '(NULL)', NULL, NULL, NULL),
	(24, 'C.A.03.20200609.0059', 'ASUS X441UB-GA311T', '(NULL)', 'LAPTOP', 'Available (In IT Storage)', 'ASUS LAPTOP', '(NULL)', '(NULL)', '(NULL)', 'HEAD OFFICE DUTA GARDEN', '(NULL)', NULL, NULL, NULL),
	(25, 'C.A.03.20201017.0053', 'ASUS UX333FN-A7602T', '(NULL)', 'LAPTOP', 'Available (In IT Storage)', 'ASUS LAPTOP', '(NULL)', '(NULL)', '(NULL)', 'HEAD OFFICE DUTA GARDEN', '(NULL)', NULL, NULL, NULL),
	(26, 'C.A.04.00000000.0028', 'ACER-ASPIRE E5-473G', '(NULL)', 'LAPTOP', 'Available (In IT Storage)', 'ACER LAPTOP', '(NULL)', '(NULL)', '(NULL)', 'HEAD OFFICE DUTA GARDEN', '(NULL)', NULL, NULL, NULL),
	(27, 'C.A.04.20171204.0006', 'ASUS ZENBOOK UX410U', '(NULL)', 'LAPTOP', 'Available (In IT Storage)', 'ASUS LAPTOP', '(NULL)', '(NULL)', '(NULL)', 'HEAD OFFICE DUTA GARDEN', '(NULL)', NULL, NULL, NULL),
	(28, 'C.A.04.20230106.0103', 'LENOVO V14 G2', '(NULL)', 'LAPTOP', 'Available (In IT Storage)', 'LENOVO LAPTOP', '(NULL)', '(NULL)', '(NULL)', 'HEAD OFFICE DUTA GARDEN', '(NULL)', NULL, NULL, NULL),
	(29, 'C.A.05.20220129.0086', 'ACER ASPIRE 3 SLIM A314-22', '(NULL)', 'LAPTOP', 'Available (In IT Storage)', 'ACER LAPTOP', '(NULL)', '(NULL)', '(NULL)', 'HEAD OFFICE DUTA GARDEN', '(NULL)', NULL, NULL, NULL),
	(30, 'C.A.06.20210712.0080', 'HP 245 G7', '(NULL)', 'LAPTOP', 'Available (In IT Storage)', 'HP LAPTOP', '(NULL)', '(NULL)', '(NULL)', 'HEAD OFFICE DUTA GARDEN', '(NULL)', NULL, NULL, NULL),
	(31, 'C.A.01.20230808.0117', 'LENOVO V14 G2', '(NULL)', 'LAPTOP', 'Available (In IT Storage) Deployed', 'LENOVO LAPTOP', '(NULL)', '(NULL)', 'Mohammad Fadly V Delon Syam (vdelon)', 'HEAD OFFICE DUTA GARDEN', '(NULL)', NULL, NULL, NULL),
	(32, 'C.A.01.20231123.0128', 'LENOVO V14 G3 IAP', '(NULL)', 'LAPTOP', 'Available (In IT Storage)', 'LENOVO LAPTOP', '(NULL)', '(NULL)', '(NULL)', 'HEAD OFFICE DUTA GARDEN', '(NULL)', NULL, NULL, NULL),
	(33, 'C.A.02.20231124.0130', 'ASUS A1404Z', '(NULL)', 'LAPTOP', 'Available (In IT Storage) Deployed', 'ASUS LAPTOP', '(NULL)', '(NULL)', 'WAREHOUSE JATAKE 1', 'WAREHOUSE JATAKE 1', '(NULL)', NULL, NULL, NULL),
	(34, 'C.A.06.20240118.0138', 'MSI MODERN 14 C12MO', '(NULL)', 'LAPTOP', 'Available (In IT Storage) Deployed', 'MSI LAPTOP', '(NULL)', '(NULL)', 'Nasywa Isbah Hidayah (nasywa.isbah.hidayah)', '(NULL)', '(NULL)', NULL, NULL, NULL),
	(35, 'C.A.01.20240206.0155', 'LENOVO IDEAPAD SLIM 3', '(NULL)', 'LAPTOP', 'Available (In IT Storage)', 'LENOVO LAPTOP', '(NULL)', '(NULL)', '(NULL)', '(NULL)', '(NULL)', NULL, NULL, NULL),
	(36, 'C.A.01.20240710.0167', 'LENOVO IDEAPAD SLIM 3', '(NULL)', 'LAPTOP', 'Available (In IT Storage)', 'LENOVO LAPTOP', '(NULL)', '(NULL)', '(NULL)', 'HEAD OFFICE DUTA GARDEN', '(NULL)', NULL, NULL, NULL),
	(37, 'C.A.02.20241010.0184', 'ASUS VIVOBOOK GO 14 E1404FA', '(NULL)', 'LAPTOP', 'Available (In IT Storage) Deployed', 'ASUS LAPTOP', '(NULL)', '(NULL)', 'Tabita Maharani Wijaya (tabita)', 'STUDIO MARKETING PASAR LAMA', '(NULL)', NULL, NULL, NULL),
	(38, 'C.F.03.00000000.0003', 'PLUSTEK SCANNER AD 480', '(NULL)', 'PLUSTEK SCANNER', 'Available (In IT Storage)', 'PLUSTEK', '(NULL)', '(NULL)', '(NULL)', 'HEAD OFFICE DUTA GARDEN', '(NULL)', NULL, NULL, NULL),
	(39, 'C.F.03.20181018.0014', 'PLUSTEK SCANNER S 410', '(NULL)', 'PLUSTEK SCANNER', 'Available (In IT Storage)', 'PLUSTEK', '(NULL)', '(NULL)', '(NULL)', 'HEAD OFFICE DUTA GARDEN', '(NULL)', NULL, NULL, NULL),
	(40, 'C.F.03.20201211.0041', 'PLUSTEK PS188', '(NULL)', 'PLUSTEK SCANNER', 'Available (In IT Storage) Deployed', 'PLUSTEK', '(NULL)', '(NULL)', 'WAREHOUSE JATAKE 1', 'WAREHOUSE JATAKE 1', '(NULL)', NULL, NULL, NULL),
	(41, 'C.F.03.20190214.0015', 'PLUSTEK SCANNER AD 480', '(NULL)', 'PLUSTEK SCANNER', 'Available (In IT Storage)', 'PLUSTEK', '(NULL)', '(NULL)', '(NULL)', 'HEAD OFFICE DUTA GARDEN', '(NULL)', NULL, NULL, NULL),
	(42, 'C.F.14.20231214.0061', 'EPSON M1120', '(NULL)', 'EPSON PRINTER', 'Available (In IT Storage)', 'EPSON', '(NULL)', '(NULL)', '(NULL)', 'HEAD OFFICE DUTA GARDEN', '(NULL)', NULL, NULL, NULL),
	(43, 'C.F.19.202400614.0080', 'BROTHER DCP-T220', '(NULL)', 'BROTHER PRINTER', 'Available (In IT Storage)', 'BROTHER', '(NULL)', '(NULL)', '(NULL)', 'WAREHOUSE KS TUBUN', '(NULL)', NULL, NULL, NULL),
	(44, 'C.F.19.202400614.0081', 'WINCODE C342C', '(NULL)', 'WINCODE PRINTER', 'Available (In IT Storage)', 'WINCODE', '(NULL)', '(NULL)', '(NULL)', 'WAREHOUSE KS TUBUN', '(NULL)', NULL, NULL, NULL),
	(45, 'C.F.18.20241105.0096', 'WINCODE C342C', '(NULL)', 'WINCODE PRINTER', 'Available (In IT Storage)', 'WINCODE', '(NULL)', '(NULL)', '(NULL)', 'WAREHOUSE KS TUBUN', '(NULL)', NULL, NULL, NULL),
	(46, 'S.A.01.20181226.0004', 'ASUS', '(NULL)', 'SMARTPHONE', 'Available (In IT Storage)', 'ASUS SMARTPHONE', '(NULL)', '(NULL)', '(NULL)', 'HEAD OFFICE DUTA GARDEN', '(NULL)', NULL, NULL, NULL),
	(47, 'G.A.01.20231103.0017', 'ITEL P40', '(NULL)', 'SMARTPHONE', 'Available (In IT Storage)', 'ITEL SMARTPHONE', '(NULL)', '(NULL)', '(NULL)', 'HEAD OFFICE DUTA GARDEN', '(NULL)', NULL, NULL, NULL),
	(48, 'G.A.01.20231229.0024', 'ITEL P40', '(NULL)', 'SMARTPHONE', 'Available (In IT Storage)', 'ITEL SMARTPHONE', '(NULL)', '(NULL)', '(NULL)', 'HEAD OFFICE DUTA GARDEN', '(NULL)', NULL, NULL, NULL),
	(49, 'O.A.01.202406014.0036', 'ITEL A70', '(NULL)', 'SMARTPHONE', 'Available (In IT Storage)', 'ITEL SMARTPHONE', '(NULL)', '(NULL)', '(NULL)', 'HEAD OFFICE DUTA GARDEN', '(NULL)', NULL, NULL, NULL),
	(50, 'O.A.01.20240619.0038', 'ITEL A70', '(NULL)', 'SMARTPHONE', 'Available (In IT Storage) Deployed', 'ITEL SMARTPHONE', '(NULL)', '(NULL)', 'Ryan (ryan.bagas.setiyanto)', 'HEAD OFFICE DUTA GARDEN', '(NULL)', NULL, NULL, NULL),
	(51, 'AK.24.06.022', 'iMin Swan 1', '(NULL)', 'POS MACHINE', 'Available (In IT Storage)', 'IMIN POS MACHINE', '(NULL)', '(NULL)', '(NULL)', 'WAREHOUSE KS TUBUN', '(NULL)', NULL, NULL, NULL),
	(52, 'AK.24.06.023', 'iMin Swan 1', '(NULL)', 'POS MACHINE', 'Available (In IT Storage)', 'IMIN POS MACHINE', '(NULL)', '(NULL)', '(NULL)', 'WAREHOUSE KS TUBUN', '(NULL)', NULL, NULL, NULL),
	(53, 'AK.24.11.001', 'iMin Swan 1', '(NULL)', 'POS MACHINE', 'Available (In IT Storage)', 'IMIN POS MACHINE', '(NULL)', '(NULL)', '(NULL)', 'WAREHOUSE KS TUBUN', '(NULL)', NULL, NULL, NULL),
	(54, 'AK.24.11.002', 'iMin Swan 1', '(NULL)', 'POS MACHINE', 'Available (In IT Storage)', 'IMIN POS MACHINE', '(NULL)', '(NULL)', '(NULL)', 'WAREHOUSE KS TUBUN', '(NULL)', NULL, NULL, NULL),
	(55, 'C.G.01.20221201.0009', 'LG LED IPS LG 24MP400', '(NULL)', 'MONITOR', 'Available (In IT Storage)', 'LG MONITOR', '(NULL)', '(NULL)', '(NULL)', 'WAREHOUSE JATAKE 1', '(NULL)', NULL, NULL, NULL),
	(56, 'C.G.01.20240126.0032', 'LG LED 24MP400', '(NULL)', 'MONITOR', 'Available (In IT Storage) Deployed', 'LG MONITOR', '(NULL)', '(NULL)', 'WAREHOUSE RAWABOKOR', 'WAREHOUSE RAWABOKOR', '(NULL)', NULL, NULL, NULL),
	(57, 'C.G.1.20241220.0049', 'VIEW SONIC VA2432-H-W / WHITE', '(NULL)', 'MONITOR', 'Available (In IT Storage) Deployed', 'VIEW SONIC MONITOR', '(NULL)', '(NULL)', 'HEAD OFFICE DUTA GARDEN', 'HEAD OFFICE DUTA GARDEN', '(NULL)', NULL, NULL, NULL),
	(58, 'C.B.03.00000000.0005', 'PC RAKITAN NTEL CORE I5 GEN 3', '(NULL)', 'PC', 'Available (In IT Storage)', 'RAKITAN PC', '(NULL)', '(NULL)', '(NULL)', 'HEAD OFFICE DUTA GARDEN', '(NULL)', NULL, NULL, NULL),
	(59, 'C.N.06.20241004.0085', 'MIKROTIK RB3011 UIASRM', '(NULL)', 'ROUTER/SWITCH', 'Available (In IT Storage)', 'ROUTER/SWITCH MIKROTIK', '(NULL)', '(NULL)', '(NULL)', 'HEAD OFFICE DUTA GARDEN', '(NULL)', NULL, NULL, NULL),
	(60, 'C.N.02.20240629.0066', 'IDS-7216HQHI-MI/E 16CH', '(NULL)', 'DVR', 'Available (In IT Storage)', 'DVR HIKVISION', '(NULL)', '(NULL)', '(NULL)', 'WAREHOUSE KS TUBUN', '(NULL)', NULL, NULL, NULL),
	(61, 'C.N.03.20241112.0095', 'IDS-7232HQHI-M2/S 32CH', '(NULL)', 'DVR', 'Available (In IT Storage)', 'DVR HIKVISION', '(NULL)', '(NULL)', '(NULL)', 'WAREHOUSE KS TUBUN', '(NULL)', NULL, NULL, NULL),
	(62, 'AK.24.06.020', 'COCAA 40S3U 40 INCH', '(NULL)', 'TV', 'Available (In IT Storage)', 'COOCAA TV', '(NULL)', '(NULL)', '(NULL)', 'WAREHOUSE KS TUBUN', '(NULL)', NULL, NULL, NULL),
	(63, 'AK.24.11.003', 'COOCAA 40Z72 40 INCH', '(NULL)', 'TV', 'Available (In IT Storage)', 'COOCAA TV', '(NULL)', '(NULL)', '(NULL)', 'WAREHOUSE KS TUBUN', '(NULL)', NULL, NULL, NULL),
	(64, 'AK.24.11.004', 'COOCAA 40Z72 40 INCH', '(NULL)', 'TV', 'Available (In IT Storage)', 'COOCAA TV', '(NULL)', '(NULL)', '(NULL)', 'WAREHOUSE KS TUBUN', '(NULL)', NULL, NULL, NULL),
	(65, 'C.L.01.20190320.0001', 'UBIQUITI UNIFI UAP AC PRO', '(NULL)', 'ACCESS POINT', 'Available (In IT Storage)', 'UBIQUITI ACCESS POINT', '(NULL)', '(NULL)', '(NULL)', 'HEAD OFFICE DUTA GARDEN', '(NULL)', NULL, NULL, NULL),
	(66, 'C.Q.1.20200323.002', 'UBIQUITI UNIFI UAP AC MESH PRO', '(NULL)', 'ACCESS POINT', 'Available (In IT Storage)', 'UBIQUITI ACCESS POINT', '(NULL)', '(NULL)', '(NULL)', 'HEAD OFFICE DUTA GARDEN', '(NULL)', NULL, NULL, NULL),
	(67, 'C.L.1.20200323.003', 'UBIQUITI UNIFI UAP AC PRO', '(NULL)', 'ACCESS POINT', 'Available (In IT Storage)', 'UBIQUITI ACCESS POINT', '(NULL)', '(NULL)', '(NULL)', 'HEAD OFFICE DUTA GARDEN', '(NULL)', NULL, NULL, NULL),
	(68, 'C.L.1.20200323.004', 'UBIQUITI UNIFI UAP AC MESH PRO', '(NULL)', 'ACCESS POINT', 'Available (In IT Storage)', 'UBIQUITI ACCESS POINT', '(NULL)', '(NULL)', '(NULL)', 'HEAD OFFICE DUTA GARDEN', '(NULL)', NULL, NULL, NULL),
	(69, 'C.L.1.20200323.005', 'UBIQUITI UNIFI UAP AC PRO', '(NULL)', 'ACCESS POINT', 'Available (In IT Storage)', 'UBIQUITI ACCESS POINT', '(NULL)', '(NULL)', '(NULL)', 'HEAD OFFICE DUTA GARDEN', '(NULL)', NULL, NULL, NULL),
	(70, 'C.L.2.20200819.001', 'Dlink Switch 5 port', '(NULL)', 'ACCESS POINT', 'Available (In IT Storage)', 'D-LINK ACCESS POINT', '(NULL)', '(NULL)', '(NULL)', 'HEAD OFFICE DUTA GARDEN', '(NULL)', NULL, NULL, NULL),
	(71, 'C.Q.1.00000000.0003', 'UBIQUITI UNIFI UAP AC PRO', '(NULL)', 'ACCESS POINT', 'Available (In IT Storage)', 'UBIQUITI ACCESS POINT', '(NULL)', '(NULL)', '(NULL)', 'HEAD OFFICE DUTA GARDEN', '(NULL)', NULL, NULL, NULL),
	(72, 'C.K.01.20221130.0016', 'ADSL Modem', '(NULL)', 'ACCESS POINT', 'Available (In IT Storage)', 'TP-LINK ACCESS POINT', '(NULL)', '(NULL)', '(NULL)', 'HEAD OFFICE DUTA GARDEN', '(NULL)', NULL, NULL, NULL),
	(73, 'C.A.02.00000000.0029', 'ASUS A455L', '(NULL)', 'LAPTOP', 'Cannibalized (Spare Part Source)', 'ASUS LAPTOP', '(NULL)', '(NULL)', '(NULL)', 'HEAD OFFICE DUTA GARDEN', '(NULL)', NULL, NULL, NULL),
	(74, 'C.A.02.20180316.0013', 'ASUS X441VA - WX330T', '(NULL)', 'LAPTOP', 'Cannibalized (Spare Part Source)', 'ASUS LAPTOP', '(NULL)', '(NULL)', '(NULL)', 'HEAD OFFICE DUTA GARDEN', '(NULL)', NULL, NULL, NULL),
	(75, 'C.A.02.20181113.0039', 'LENOVO-5MO8178T', '(NULL)', 'LAPTOP', 'Cannibalized (Spare Part Source)', 'LENOVO LAPTOP', '(NULL)', '(NULL)', '(NULL)', 'HEAD OFFICE DUTA GARDEN', '(NULL)', NULL, NULL, NULL),
	(76, 'C.A.02.20200727.0065', 'ASUS VIVOBOOK ULTRA A403FA-EB301T', '(NULL)', 'LAPTOP', 'Cannibalized (Spare Part Source)', 'ASUS LAPTOP', '(NULL)', '(NULL)', '(NULL)', 'HEAD OFFICE DUTA GARDEN', '(NULL)', NULL, NULL, NULL),
	(77, 'C.A.02.20200826.0068', 'ASUS VIVOBOOK X441UA-GA312T', '(NULL)', 'LAPTOP', 'Cannibalized (Spare Part Source)', 'ASUS LAPTOP', '(NULL)', '(NULL)', '(NULL)', 'HEAD OFFICE DUTA GARDEN', '(NULL)', NULL, NULL, NULL),
	(78, 'C.A.03.20180801.0019', 'APPLE MACBOOK AIR', '(NULL)', 'LAPTOP', 'Cannibalized (Spare Part Source)', 'APPLE LAPTOP', '(NULL)', '(NULL)', '(NULL)', 'HEAD OFFICE DUTA GARDEN', '(NULL)', NULL, NULL, NULL),
	(79, 'C.A.04.20230106.0100', 'LENOVO V14 G2', '(NULL)', 'LAPTOP', 'Cannibalized (Spare Part Source)', 'LENOVO LAPTOP', '(NULL)', '(NULL)', '(NULL)', 'HEAD OFFICE DUTA GARDEN', '(NULL)', NULL, NULL, NULL),
	(80, 'C.A.02.00000000.0024', 'ASUS A455L', '(NULL)', 'LAPTOP', 'In Use (Assigned to User) Deployed', 'ASUS LAPTOP', '(NULL)', '(NULL)', 'Ikhsan HL (ikhsan.hl)', 'WAREHOUSE RAWABOKOR', '(NULL)', NULL, NULL, NULL),
	(81, 'C.A.02.20180824.0022', 'ASUS X 441U', '(NULL)', 'LAPTOP', 'In Use (Assigned to User) Deployed', 'ASUS LAPTOP', '(NULL)', '(NULL)', 'Taufiq Ahad (taufiq.ahad)', 'HEAD OFFICE DUTA GARDEN', '(NULL)', NULL, NULL, NULL),
	(82, 'C.A.02.20200102.0051', 'ASUS X441UA-GA312T', '(NULL)', 'LAPTOP', 'In Use (Assigned to User) Deployed', 'ASUS LAPTOP', '(NULL)', '(NULL)', 'Edi Siswanto (edi)', 'HEAD OFFICE DUTA GARDEN', '(NULL)', NULL, NULL, NULL),
	(83, 'C.A.02.20200607.0058', 'ASUS X441UB-GA312T', '(NULL)', 'LAPTOP', 'In Use (Assigned to User) Deployed', 'ASUS LAPTOP', '(NULL)', '(NULL)', 'Ropitasari (ropitasari)', 'HEAD OFFICE DUTA GARDEN', '(NULL)', NULL, NULL, NULL),
	(84, 'C.A.02.20200717.0063', 'ASUS VIVOBOOK A509UJ-BR352T', '(NULL)', 'LAPTOP', 'In Use (Assigned to User) Deployed', 'ASUS LAPTOP', '(NULL)', '(NULL)', 'Wahyuni (wahyuni)', 'WAREHOUSE RAWABOKOR', '(NULL)', NULL, NULL, NULL),
	(85, 'C.A.02.20200717.0064', 'ASUS VIVOBOOK A509UJ-BR352T', '(NULL)', 'LAPTOP', 'In Use (Assigned to User) Deployed', 'ASUS LAPTOP', '(NULL)', '(NULL)', 'Silvia Febriani (silvia.febriani)', 'WAREHOUSE RAWABOKOR', '(NULL)', NULL, NULL, NULL),
	(86, 'C.A.02.20200727.0066', 'ASUS VIVOBOOK ULTRA A403FA-EB301T', '(NULL)', 'LAPTOP', 'In Use (Assigned to User) Deployed', 'ASUS LAPTOP', '(NULL)', '(NULL)', 'Hikma Alfaja Apriyani (hikma.alfaja.apriyani)', 'WAREHOUSE JATAKE 1', '(NULL)', NULL, NULL, NULL),
	(87, 'C.A.02.20220112.0084', 'LENOVO IDEAPAD 3 15ALC6`', '(NULL)', 'LAPTOP', 'In Use (Assigned to User) Deployed', 'LENOVO LAPTOP', '(NULL)', '(NULL)', 'Ikhsan HL (ikhsan.hl)', '(NULL)', '(NULL)', NULL, NULL, NULL),
	(88, 'C.A.02.20220303.0088', 'ACER ASPIRE 5 515-45-R3TY', '(NULL)', 'LAPTOP', 'In Use (Assigned to User) Deployed', 'ACER LAPTOP', '(NULL)', '(NULL)', 'Tuti Hidayah (tuti.hidayah)', 'HEAD OFFICE DUTA GARDEN', '(NULL)', NULL, NULL, NULL),
	(89, 'C.A.02.20220829.0092', 'LENOVO V14 G2', '(NULL)', 'LAPTOP', 'In Use (Assigned to User) Deployed', 'LENOVO LAPTOP', '(NULL)', '(NULL)', 'MUHAMMAD NURFATHAN ATHAILLAH HUMAEDI (NURFATHAN)', 'HEAD OFFICE DUTA GARDEN', '(NULL)', NULL, NULL, NULL),
	(90, 'C.A.02.20221021.0093', 'LENOVO V15 G2', '(NULL)', 'LAPTOP', 'In Use (Assigned to User) Deployed', 'LENOVO LAPTOP', '(NULL)', '(NULL)', 'Refi Indriyani (refi)', 'WAREHOUSE JATAKE 1', '(NULL)', NULL, NULL, NULL),
	(91, 'C.A.03.20200330.0055', 'ASUS VIVOBOOK A412F', '(NULL)', 'LAPTOP', 'In Use (Assigned to User) Deployed', 'ASUS LAPTOP', '(NULL)', '(NULL)', 'Mulyasi Rahardja (mulyasi.rahardja)', 'HEAD OFFICE DUTA GARDEN', '(NULL)', NULL, NULL, NULL),
	(92, 'C.A.03.20210517.0078', 'LENOVO IDEAPAD 3 14ADA05', '(NULL)', 'LAPTOP', 'In Use (Assigned to User) Deployed', 'LENOVO LAPTOP', '(NULL)', '(NULL)', 'Linda (linda)', 'WAREHOUSE RAWABOKOR', '(NULL)', NULL, NULL, NULL),
	(93, 'C.A.04.00000000.0032', 'ASUS ZENBOOK UX410UQ', '(NULL)', 'LAPTOP', 'In Use (Assigned to User) Deployed', 'ASUS LAPTOP', '(NULL)', '(NULL)', 'Lisianty Gouzali (lisianty.gouzali)', 'HEAD OFFICE DUTA GARDEN', '(NULL)', NULL, NULL, NULL),
	(94, 'C.A.04.20171218.0007', 'ASUS ROG GL553VD-FY380T', '(NULL)', 'LAPTOP', 'In Use (Assigned to User) Deployed', 'ASUS LAPTOP', '(NULL)', '(NULL)', 'REZA PRASASTI (Reza)', 'HEAD OFFICE DUTA GARDEN', '(NULL)', NULL, NULL, NULL),
	(95, 'C.A.04.20221025.0094', 'ASUS A1403Z', '(NULL)', 'LAPTOP', 'In Use (Assigned to User) Deployed', 'ASUS LAPTOP', '(NULL)', '(NULL)', 'Simon Gunawan Gouzali (simon.gunawan.gouzali)', 'HEAD OFFICE DUTA GARDEN', '(NULL)', NULL, NULL, NULL),
	(96, 'C.A.04.20221123.0095', 'LENOVO IDEAPAD SLIM 1 14 114AMN7', '(NULL)', 'LAPTOP', 'In Use (Assigned to User) Deployed', 'LENOVO LAPTOP', '(NULL)', '(NULL)', 'Rinovi Septiar (rinovi.septiar)', 'HEAD OFFICE DUTA GARDEN', '(NULL)', NULL, NULL, NULL),
	(97, 'C.A.04.20230104.0096', 'LENOVO IDEAPAD SLIM 1 14 114AMN7', '(NULL)', 'LAPTOP', 'In Use (Assigned to User) Deployed', 'LENOVO LAPTOP', '(NULL)', '(NULL)', 'Andika Pratama (andika.pratama)', 'HEAD OFFICE DUTA GARDEN', '(NULL)', NULL, NULL, NULL),
	(98, 'C.A.04.20230106.0097', 'LENOVO V14 G2', '(NULL)', 'LAPTOP', 'In Use (Assigned to User) Deployed', 'LENOVO LAPTOP', '(NULL)', '(NULL)', 'Istiqma Nurfitriyah Adwili (istiqma.nurfitriyah.adwili)', 'WAREHOUSE JATAKE 1', '(NULL)', NULL, NULL, NULL),
	(99, 'C.A.04.20230106.0098', 'LENOVO V14 G2', '(NULL)', 'LAPTOP', 'In Use (Assigned to User) Deployed', 'LENOVO LAPTOP', '(NULL)', '(NULL)', 'Rosanna Mulak Roha Simanjorang (rosanna.mulak.roha.simanjorang)', 'WAREHOUSE JATAKE 1', '(NULL)', NULL, NULL, NULL),
	(100, 'C.A.04.20230106.0099', 'LENOVO V14 G2', '(NULL)', 'LAPTOP', 'In Use (Assigned to User) Deployed', 'LENOVO LAPTOP', '(NULL)', '(NULL)', 'Diyah Puji (diyah.puji)', 'WAREHOUSE JATAKE 1', '(NULL)', NULL, NULL, NULL),
	(101, 'C.A.04.20230106.0101', 'LENOVO V14 G2', '(NULL)', 'LAPTOP', 'In Use (Assigned to User) Deployed', 'LENOVO LAPTOP', '(NULL)', '(NULL)', 'Frisilia Ichma Sevia (frisilia.ichma.sevia)', 'WAREHOUSE JATAKE 1', '(NULL)', NULL, NULL, NULL),
	(102, 'C.A.04.20230106.0102', 'LENOVO V14 G2', '(NULL)', 'LAPTOP', 'In Use (Assigned to User) Deployed', 'LENOVO LAPTOP', '(NULL)', '(NULL)', 'Siska Amelia (siska.amelia)', 'WAREHOUSE JATAKE 1', '(NULL)', NULL, NULL, NULL),
	(103, 'C.A.04.20230106.0104', 'LENOVO V14 G2', '(NULL)', 'LAPTOP', 'In Use (Assigned to User) Deployed', 'LENOVO LAPTOP', '(NULL)', '(NULL)', 'Adelya Yowanda (adelya.yowanda)', 'WAREHOUSE JATAKE 1', '(NULL)', NULL, NULL, NULL),
	(104, 'C.A.04.20230109.0105', 'LENOVO V14 G2', '(NULL)', 'LAPTOP', 'In Use (Assigned to User) Deployed', 'LENOVO LAPTOP', '(NULL)', '(NULL)', 'Timothy Muryo Wiyoso (timothy.muryo.wiyoso)', 'HEAD OFFICE DUTA GARDEN', '(NULL)', NULL, NULL, NULL),
	(105, 'C.A.05.20201125.0076', 'ACER ASPIRE 3 A314-22-R6FB', '(NULL)', 'LAPTOP', 'In Use (Assigned to User) Deployed', 'ACER LAPTOP', '(NULL)', '(NULL)', 'Renaldy Alfarizi (renaldy.alfarizi)', 'HEAD OFFICE DUTA GARDEN', '(NULL)', NULL, NULL, NULL),
	(106, 'C.A.05.20201229.0077', 'ACER ASPIRE 3 A314-22-R8JF', '(NULL)', 'LAPTOP', 'In Use (Assigned to User) Deployed', 'ACER LAPTOP', '(NULL)', '(NULL)', 'Fitriyani (fitriyani)', 'WAREHOUSE JATAKE 1', '(NULL)', NULL, NULL, NULL),
	(107, 'C.A.05.20220112.0085', 'ACER ASPIRE 3 A314-22-R3RG', '(NULL)', 'LAPTOP', 'In Use (Assigned to User) Deployed', 'ACER LAPTOP', '(NULL)', '(NULL)', 'Tesha (tesha)', 'WAREHOUSE JATAKE 1', '(NULL)', NULL, NULL, NULL),
	(108, 'C.A.05.20220829.0091', 'ACER ASPIRE 3 A315-43-R8OX', '(NULL)', 'LAPTOP', 'In Use (Assigned to User) Deployed', 'ACER LAPTOP', '(NULL)', '(NULL)', 'Kevin Phillips (kevin.phillips)', 'HEAD OFFICE DUTA GARDEN', '(NULL)', NULL, NULL, NULL),
	(109, 'C.A.06.20211109.0083', 'HP 15-EF2125WM', '(NULL)', 'LAPTOP', 'In Use (Assigned to User) Deployed', 'HP LAPTOP', '(NULL)', '(NULL)', 'Adi Yoga Satrio (adi)', 'WAREHOUSE JATAKE 1', '(NULL)', NULL, NULL, NULL),
	(110, 'C.A.06.20220310.0089', 'APPLE MACBOOK M1 2021', '(NULL)', 'LAPTOP', 'In Use (Assigned to User) Deployed', 'APPLE LAPTOP', '(NULL)', '(NULL)', 'Rangga', 'HEAD OFFICE DUTA GARDEN', '(NULL)', NULL, NULL, NULL),
	(111, 'C.A.06.20220310.0090', 'APPLE MACBOOK M1 2021', '(NULL)', 'LAPTOP', 'In Use (Assigned to User) Deployed', 'APPLE LAPTOP', '(NULL)', '(NULL)', 'Wandi Prawisnu Sima(NULL)ang (wandi.prawisnu.sima(NULL)ang)', 'STUDIO MARKETING PASAR LAMA', '(NULL)', NULL, NULL, NULL),
	(112, 'C.A.02.20230307.0107', 'ASUS VIVOBOOK M1403Q', '(NULL)', 'LAPTOP', 'In Use (Assigned to User) Deployed', 'ASUS LAPTOP', '(NULL)', '(NULL)', 'Yosefhin Tesalonika (yosefhin.tesalonika)', 'HEAD OFFICE DUTA GARDEN', '(NULL)', NULL, NULL, NULL),
	(113, 'C.A.03.20230307.0108', 'APPLE MACBOOK AIR M1', '(NULL)', 'LAPTOP', 'In Use (Assigned to User) Deployed', 'APPLE LAPTOP', '(NULL)', '(NULL)', 'Agam Nur Firdausy (agam.nur.firdausy)', 'HEAD OFFICE DUTA GARDEN', '(NULL)', NULL, NULL, NULL),
	(114, 'C.A.03.20230307.0109', 'APPLE MACBOOK AIR M1', '(NULL)', 'LAPTOP', 'In Use (Assigned to User) Deployed', 'APPLE LAPTOP', '(NULL)', '(NULL)', 'Rizqi Armanda (rizqi.armanda)', 'HEAD OFFICE DUTA GARDEN', '(NULL)', NULL, NULL, NULL),
	(115, 'C.A.01.20230328.0110', 'LENOVO IDEAPAD 3I', '(NULL)', 'LAPTOP', 'In Use (Assigned to User) Deployed', 'LENOVO LAPTOP', '(NULL)', '(NULL)', 'Rahmat Helan (rahmat.helan)', 'HEAD OFFICE DUTA GARDEN', '(NULL)', NULL, NULL, NULL),
	(116, 'C.A.03.20230523.0111', 'APPLE MACBOOK AIR', '(NULL)', 'LAPTOP', 'In Use (Assigned to User) Deployed', 'APPLE LAPTOP', '(NULL)', '(NULL)', 'Trijuariyogo (trijuariyogo)', 'WAREHOUSE JATAKE 1', '(NULL)', NULL, NULL, NULL),
	(117, 'C.A.03.20230627.0113', 'APPLE MACBOOK AIR', '(NULL)', 'LAPTOP', 'In Use (Assigned to User) Deployed', 'APPLE LAPTOP', '(NULL)', '(NULL)', 'Achmad Arifin (achmad.arifin)', 'STUDIO MARKETING PASAR LAMA', '(NULL)', NULL, NULL, NULL),
	(118, 'C.A.02.20230627.0114', 'ASUS VIVOBOOK M1403Q', '(NULL)', 'LAPTOP', 'In Use (Assigned to User) Deployed', 'ASUS LAPTOP', '(NULL)', '(NULL)', 'Johan Setyo Utomo (johan.setyo.utomo)', 'WAREHOUSE KS TUBUN', '(NULL)', NULL, NULL, NULL),
	(119, 'C.A.02.20230706.0115', 'ASUS VIVOBOOK M1403Q', '(NULL)', 'LAPTOP', 'In Use (Assigned to User) Deployed', 'ASUS LAPTOP', '(NULL)', '(NULL)', 'Rodo Evan Bonatua (rodo)', 'HEAD OFFICE DUTA GARDEN', '(NULL)', NULL, NULL, NULL),
	(120, 'C.A.01.20230828.0116', 'LENOVO V14 G2', '(NULL)', 'LAPTOP', 'In Use (Assigned to User) Deployed', 'LENOVO LAPTOP', '(NULL)', '(NULL)', 'Ajeng Devita Anugraini (Ajeng)', 'WAREHOUSE JATAKE 1', '(NULL)', NULL, NULL, NULL),
	(121, 'C.A.01.20230808.0118', 'LENOVO V14 G2', '(NULL)', 'LAPTOP', 'In Use (Assigned to User) Deployed', 'LENOVO LAPTOP', '(NULL)', '(NULL)', 'Raziz Gandi (raziz.gandi)', 'WAREHOUSE KS TUBUN', '(NULL)', NULL, NULL, NULL),
	(122, 'C.A.04.20230904.0119', 'ACER ASPIRE 7 A715', '(NULL)', 'LAPTOP', 'In Use (Assigned to User) Deployed', 'ACER LAPTOP', '(NULL)', '(NULL)', 'Adi Bima Surahim (adi.bima.surahim)', 'WAREHOUSE JATAKE 1', '(NULL)', NULL, NULL, NULL),
	(123, 'C.A.04.20230904.0120', 'HP G8 255', '(NULL)', 'LAPTOP', 'In Use (Assigned to User) Deployed', 'HP LAPTOP', '(NULL)', '(NULL)', 'Ahmad Asnawi (ahmad.asnawi)', 'WAREHOUSE JATAKE 1', '(NULL)', NULL, NULL, NULL),
	(124, 'C.A.02.20230907.0121', 'ASUS VIVOBOOK M1403Q', '(NULL)', 'LAPTOP', 'In Use (Assigned to User) Deployed', 'ASUS LAPTOP', '(NULL)', '(NULL)', 'Nurhadi Umar (nurhadi.umar)', 'HEAD OFFICE DUTA GARDEN', '(NULL)', NULL, NULL, NULL),
	(125, 'C.A.02.20230907.0122', 'ASUS VIVOBOOK M1403Q', '(NULL)', 'LAPTOP', 'In Use (Assigned to User) Deployed', 'ASUS LAPTOP', '(NULL)', '(NULL)', 'Muhamad Asep Hafidzul Umam (muhamad.asep.hafidzul.umam)', 'HEAD OFFICE DUTA GARDEN', '(NULL)', NULL, NULL, NULL),
	(126, 'C.A.02.20230926.0123', 'ASUS VIVOBOOK K340V', '(NULL)', 'LAPTOP', 'In Use (Assigned to User)', 'ASUS LAPTOP', '(NULL)', '(NULL)', '(NULL)', '(NULL)', '(NULL)', NULL, NULL, NULL),
	(127, 'C.A.02.20231004.0124', 'ASUS VIVOBOOK K340V', '(NULL)', 'LAPTOP', 'In Use (Assigned to User) Deployed', 'ASUS LAPTOP', '(NULL)', '(NULL)', 'Ernest Hianto (ernest.hianto)', 'HEAD OFFICE DUTA GARDEN', '(NULL)', NULL, NULL, NULL),
	(128, 'C.A.01.20231011.0125', 'LENOVO IDEAPAD PRO 5', '(NULL)', 'LAPTOP', 'In Use (Assigned to User) Deployed', 'LENOVO LAPTOP', '(NULL)', '(NULL)', 'Benediktus Gouzali (benediktus.gouzali)', 'HEAD OFFICE DUTA GARDEN', '(NULL)', NULL, NULL, NULL),
	(129, 'C.A.04.20231018.0126', 'ACER NITRO V15', '(NULL)', 'LAPTOP', 'In Use (Assigned to User) Deployed', 'ACER LAPTOP', '(NULL)', '(NULL)', 'Faizal Bastian Razaq (faizal.bastian.razaq)', 'WAREHOUSE KS TUBUN', '(NULL)', NULL, NULL, NULL),
	(130, 'C.A.01.20231101.0127', 'LENOVO V14 G3 IAP', '(NULL)', 'LAPTOP', 'In Use (Assigned to User) Deployed', 'LENOVO LAPTOP', '(NULL)', '(NULL)', 'Ema Sugi Yanah (ema.sugi.yanah)', 'HEAD OFFICE DUTA GARDEN', '(NULL)', NULL, NULL, NULL),
	(131, 'C.A.01.20231123.0129', 'LENOVO V14 G3 IAP', '(NULL)', 'LAPTOP', 'In Use (Assigned to User) Deployed', 'LENOVO LAPTOP', '(NULL)', '(NULL)', 'Muhamad Azrin (muhamad.azrin)', 'WAREHOUSE KS TUBUN', '(NULL)', NULL, NULL, NULL),
	(132, 'C.A.02.20231129.0131', 'ASUS VIVOBOOK M1403Q', '(NULL)', 'LAPTOP', 'In Use (Assigned to User) Deployed', 'ASUS LAPTOP', '(NULL)', '(NULL)', 'Sandy Aprianto (sandy.aprianto)', 'WAREHOUSE JATAKE 1', '(NULL)', NULL, NULL, NULL),
	(133, 'C.A.02.20231201.0132', 'ASUS A1404Z', '(NULL)', 'LAPTOP', 'In Use (Assigned to User) Deployed', 'ASUS LAPTOP', '(NULL)', '(NULL)', 'Muhammad Salman Alfarisi (muhammad.salman.alfarisi)', 'HEAD OFFICE DUTA GARDEN', '(NULL)', NULL, NULL, NULL),
	(134, 'C.A.02.20231212.0133', 'ASUS A1404Z', '(NULL)', 'LAPTOP', 'In Use (Assigned to User) Deployed', 'ASUS LAPTOP', '(NULL)', '(NULL)', 'Rivaldo Ryos Hutapea (rivaldo.ryos.hutapea)', 'HEAD OFFICE DUTA GARDEN', '(NULL)', NULL, NULL, NULL),
	(135, 'C.A.02.20231219.0134', 'ASUS A1404Z', '(NULL)', 'LAPTOP', 'In Use (Assigned to User) Deployed', 'ASUS LAPTOP', '(NULL)', '(NULL)', 'Elvira Indri Safitri (elvira.indri.safitri)', 'HEAD OFFICE DUTA GARDEN', '(NULL)', NULL, NULL, NULL),
	(136, 'C.A.01.20231220.0135', 'LENOVO IDEAPAD SLIM 3I', '(NULL)', 'LAPTOP', 'In Use (Assigned to User) Deployed', 'LENOVO LAPTOP', '(NULL)', '(NULL)', 'Bayu Noegroho (bayu)', '(NULL)', '(NULL)', NULL, NULL, NULL),
	(137, 'C.A.06.20240118.0137', 'MSI MODERN 14 C12MO', '(NULL)', 'LAPTOP', 'In Use (Assigned to User) Deployed', 'MSI LAPTOP', '(NULL)', '(NULL)', 'Khuzaima Desri Rahmadhani (khuzaima.desri.rahmadhani)', 'HEAD OFFICE DUTA GARDEN', '(NULL)', NULL, NULL, NULL),
	(138, 'C.A.02.20240118.0139', 'ASUS A1404Z', '(NULL)', 'LAPTOP', 'In Use (Assigned to User) Deployed', 'ASUS LAPTOP', '(NULL)', '(NULL)', 'Dessy Manurung (dessy.manurung)', 'HEAD OFFICE DUTA GARDEN', '(NULL)', NULL, NULL, NULL),
	(139, 'C.A.02.20240118.0140', 'ASUS A1404Z', '(NULL)', 'LAPTOP', 'In Use (Assigned to User) Deployed', 'ASUS LAPTOP', '(NULL)', '(NULL)', 'Melawati (melawati)', 'HEAD OFFICE DUTA GARDEN', '(NULL)', NULL, NULL, NULL),
	(140, 'C.A.02.20240118.0141', 'ASUS A1404Z', '(NULL)', 'LAPTOP', 'In Use (Assigned to User) Deployed', 'ASUS LAPTOP', '(NULL)', '(NULL)', 'Agus Rifaldi (agus.rifaldi)', 'HEAD OFFICE DUTA GARDEN', '(NULL)', NULL, NULL, NULL),
	(141, 'C.A.02.20240118.0142', 'ASUS A1404Z', '(NULL)', 'LAPTOP', 'In Use (Assigned to User) Deployed', 'ASUS LAPTOP', '(NULL)', '(NULL)', 'Trisha (trisha)', 'HEAD OFFICE DUTA GARDEN', '(NULL)', NULL, NULL, NULL),
	(142, 'C.A.02.20240118.0143', 'ASUS A1404Z', '(NULL)', 'LAPTOP', 'In Use (Assigned to User) Deployed', 'ASUS LAPTOP', '(NULL)', '(NULL)', 'Marhatun Awaliah (marhatun.awaliah)', 'HEAD OFFICE DUTA GARDEN', '(NULL)', NULL, NULL, NULL),
	(143, 'C.A.02.20240118.0144', 'ASUS A1404Z', '(NULL)', 'LAPTOP', 'In Use (Assigned to User) Deployed', 'ASUS LAPTOP', '(NULL)', '(NULL)', 'Loransjia Milazania Ongso (loransjia.milazania.ongso)', 'HEAD OFFICE DUTA GARDEN', '(NULL)', NULL, NULL, NULL),
	(144, 'C.A.01.20240118.0145', 'LENOVO IDEAPAD SLIM 5 14IRL8', '(NULL)', 'LAPTOP', 'In Use (Assigned to User) Deployed', 'LENOVO LAPTOP', '(NULL)', '(NULL)', 'Al Fatih Zainul Falah (fatih)', 'HEAD OFFICE DUTA GARDEN', '(NULL)', NULL, NULL, NULL),
	(145, 'C.A.01.20240119.0146', 'ASUS A1404Z', '(NULL)', 'LAPTOP', 'In Use (Assigned to User) Deployed', 'ASUS LAPTOP', '(NULL)', '(NULL)', 'Rina Rahayu (rina.rahayu)', 'HEAD OFFICE DUTA GARDEN', '(NULL)', NULL, NULL, NULL),
	(146, 'C.A.01.20240119.0147', 'ASUS A1404Z', '(NULL)', 'LAPTOP', 'In Use (Assigned to User) Deployed', 'ASUS LAPTOP', '(NULL)', '(NULL)', 'Shoona Kabila Mahaaba (shoona.kabila.mahaaba)', 'HEAD OFFICE DUTA GARDEN', '(NULL)', NULL, NULL, NULL),
	(147, 'C.A.01.20240119.0148', 'ASUS A1404Z', '(NULL)', 'LAPTOP', 'In Use (Assigned to User) Deployed', 'ASUS LAPTOP', '(NULL)', '(NULL)', 'Bintang Oktarini Anggun (bintang.oktarini.anggun)', 'HEAD OFFICE DUTA GARDEN', '(NULL)', NULL, NULL, NULL),
	(148, 'C.A.01.20240119.0149', 'ASUS A1404Z', '(NULL)', 'LAPTOP', 'In Use (Assigned to User) Deployed', 'ASUS LAPTOP', '(NULL)', '(NULL)', 'Hosea Geraldino (hosea.geraldino)', 'HEAD OFFICE DUTA GARDEN', '(NULL)', NULL, NULL, NULL),
	(149, 'C.A.01.20240119.0150', 'ASUS A1404Z', '(NULL)', 'LAPTOP', 'In Use (Assigned to User) Deployed', 'ASUS LAPTOP', '(NULL)', '(NULL)', 'Ketty (ketty)', 'HEAD OFFICE DUTA GARDEN', '(NULL)', NULL, NULL, NULL),
	(150, 'C.A.01.20240126.0151', 'ASUS A1404Z', '(NULL)', 'LAPTOP', 'In Use (Assigned to User) Deployed', 'ASUS LAPTOP', '(NULL)', '(NULL)', 'Cahyaningtyas Merry Nugraheni (cahyaningtyas.merry.nugraheni)', 'HEAD OFFICE DUTA GARDEN', '(NULL)', NULL, NULL, NULL),
	(151, 'C.A.01.20240205.0152', 'LENOVO IDEAPAD SLIM 1 14AMN7', '(NULL)', 'LAPTOP', 'In Use (Assigned to User) Deployed', 'LENOVO LAPTOP', '(NULL)', '(NULL)', 'FARAH INDRIYANI (farah)', 'HEAD OFFICE DUTA GARDEN', '(NULL)', NULL, NULL, NULL),
	(152, 'C.A.01.20240206.0153', 'LENOVO IDEAPAD SLIM 3', '(NULL)', 'LAPTOP', 'In Use (Assigned to User) Deployed', 'LENOVO LAPTOP', '(NULL)', '(NULL)', 'Nurhidayat Kamil Pratama (Nurhidayat)', 'WAREHOUSE JATAKE 1', '(NULL)', NULL, NULL, NULL),
	(153, 'C.A.01.20240206.0154', 'LENOVO IDEAPAD SLIM 3', '(NULL)', 'LAPTOP', 'In Use (Assigned to User) Deployed', 'LENOVO LAPTOP', '(NULL)', '(NULL)', 'Cristianingsih (cristianingsih)', 'WAREHOUSE JATAKE 1', '(NULL)', NULL, NULL, NULL),
	(154, 'C.A.01.20240205.0156', 'LENOVO IDEAPAD SLIM 5 14IRL8', '(NULL)', 'LAPTOP', 'In Use (Assigned to User) Deployed', 'LENOVO LAPTOP', '(NULL)', '(NULL)', 'Ivon Yuanita Miharja (ivon.yuanita.miharja)', 'HEAD OFFICE DUTA GARDEN', '(NULL)', NULL, NULL, NULL),
	(155, 'C.A.02.20240423.0157', 'ASUS VIVOBOOK GO 14 E1404FA', '(NULL)', 'LAPTOP', 'In Use (Assigned to User) Deployed', 'ASUS LAPTOP', '(NULL)', '(NULL)', 'M.Rizky Fahrizal Lubis (m.rizky.fahrizal.lubis)', 'WAREHOUSE JATAKE 1', '(NULL)', NULL, NULL, NULL),
	(156, 'C.A.01.20240508.0158', 'LENOVO IDEAPAD SLIM 3', '(NULL)', 'LAPTOP', 'In Use (Assigned to User) Deployed', 'LENOVO LAPTOP', '(NULL)', '(NULL)', 'Warsito (warsito)', 'WAREHOUSE KS TUBUN', '(NULL)', NULL, NULL, NULL),
	(157, 'C.A.05.20240605.0159', 'HP 255G8', '(NULL)', 'LAPTOP', 'In Use (Assigned to User) Deployed', 'HP LAPTOP', '(NULL)', '(NULL)', 'Masriati Indah Yani (masriati.indah.yani)', 'WAREHOUSE JATAKE 1', '(NULL)', NULL, NULL, NULL),
	(158, 'C.A.01.20240603.0160', 'LENOVO IDEAPAD SLIM 3', '(NULL)', 'LAPTOP', 'In Use (Assigned to User) Deployed', 'LENOVO LAPTOP', '(NULL)', '(NULL)', 'Agitta Puspitarini (agitta.puspitarini)', 'WAREHOUSE KS TUBUN', '(NULL)', NULL, NULL, NULL),
	(159, 'C.A.01.20240607.0161', 'LENOVO IDEAPAD SLIM 3', '(NULL)', 'LAPTOP', 'In Use (Assigned to User) Deployed', 'LENOVO LAPTOP', '(NULL)', '(NULL)', 'Jeanever (jeanever)', 'HEAD OFFICE DUTA GARDEN', '(NULL)', NULL, NULL, NULL),
	(160, 'C.A.03.20240619.0162', 'APPLE MACBOOK AIR M1 13IN', '(NULL)', 'LAPTOP', 'In Use (Assigned to User) Deployed', 'APPLE LAPTOP', '(NULL)', '(NULL)', 'Rifky Fajriansyah (rifky.fajriansyah)', 'STUDIO MARKETING PASAR LAMA', '(NULL)', NULL, NULL, NULL),
	(161, 'C.A.02.20240618.0163', 'ASUS VIVOBOOK GO 14 E1404FA', '(NULL)', 'LAPTOP', 'In Use (Assigned to User) Deployed', 'ASUS LAPTOP', '(NULL)', '(NULL)', 'Bagas Sarwidianto (bagas.sarwidianto)', 'STUDIO MARKETING PASAR LAMA', '(NULL)', NULL, NULL, NULL),
	(162, 'C.A.01.20240710.0165', 'LENOVO IDEAPAD SLIM 3', '(NULL)', 'LAPTOP', 'In Use (Assigned to User) Deployed', 'LENOVO LAPTOP', '(NULL)', '(NULL)', 'Nanda Wahyuni (nanda.wahyuni)', 'WAREHOUSE JATAKE 1', '(NULL)', NULL, NULL, NULL),
	(163, 'C.A.01.20240710.0166', 'LENOVO IDEAPAD SLIM 3', '(NULL)', 'LAPTOP', 'In Use (Assigned to User) Deployed', 'LENOVO LAPTOP', '(NULL)', '(NULL)', 'Nabila Nur Fauziah (nabila)', 'STUDIO MARKETING PASAR LAMA', '(NULL)', NULL, NULL, NULL),
	(164, 'C.A.01.20240717.0168', 'LENOVO IDEAPAD SLIM 1', '(NULL)', 'LAPTOP', 'In Use (Assigned to User) Deployed', 'LENOVO LAPTOP', '(NULL)', '(NULL)', 'Egy Irsandy (egy.irsandy)', 'WAREHOUSE RAWABOKOR', '(NULL)', NULL, NULL, NULL),
	(165, 'C.A.01.20240808.0169', 'LENOVO IDEAPAD SLIM 1', '(NULL)', 'LAPTOP', 'In Use (Assigned to User) Deployed', 'LENOVO LAPTOP', '(NULL)', '(NULL)', 'Nawawi (nawawi)', 'WAREHOUSE KS TUBUN', '(NULL)', NULL, NULL, NULL),
	(166, 'C.A.01.20240812.0170', 'LENOVO IDEAPAD SLIM 1', '(NULL)', 'LAPTOP', 'In Use (Assigned to User) Deployed', 'LENOVO LAPTOP', '(NULL)', '(NULL)', 'Ciptanty Tsaaniatun (ciptanty.tsaaniatun)', 'STUDIO MARKETING PASAR LAMA', '(NULL)', NULL, NULL, NULL),
	(167, 'C.A.01.20240702.0171', 'LENOVO IDEAPAD SLIM 1', '(NULL)', 'LAPTOP', 'In Use (Assigned to User) Deployed', 'LENOVO LAPTOP', '(NULL)', '(NULL)', 'Muhammad Rizky (muhammad.rizky)', 'WAREHOUSE KS TUBUN', '(NULL)', NULL, NULL, NULL),
	(168, 'C.A.01.20240802.0172', 'LENOVO IDEAPAD SLIM 3I', '(NULL)', 'LAPTOP', 'In Use (Assigned to User) Deployed', 'LENOVO LAPTOP', '(NULL)', '(NULL)', 'Fatimah Raudhatul Jannah (fatimah.raudhatul.jannah)', 'HEAD OFFICE DUTA GARDEN', '(NULL)', NULL, NULL, NULL),
	(169, 'C.A.01.20240821.0173', 'LENOVO V14 G4 RYZEN 3', '(NULL)', 'LAPTOP', 'In Use (Assigned to User) Deployed', 'LENOVO LAPTOP', '(NULL)', '(NULL)', 'Ryan (ryan.bagas.setiyanto)', 'HEAD OFFICE DUTA GARDEN', '(NULL)', NULL, NULL, NULL),
	(170, 'C.A.01.20240822.0174', 'LENOVO IDEAPAD SLIM 3I', '(NULL)', 'LAPTOP', 'In Use (Assigned to User) Deployed', 'LENOVO LAPTOP', '(NULL)', '(NULL)', 'Siti Rifdatul Adawiyah (siti.rifdatul.adawiyah)', 'WAREHOUSE JATAKE 1', '(NULL)', NULL, NULL, NULL),
	(171, 'C.A.01.20240919.0175', 'LENOVO V14 G4 RYZEN 5', '(NULL)', 'LAPTOP', 'In Use (Assigned to User) Deployed', 'LENOVO LAPTOP', '(NULL)', '(NULL)', 'Nurna Bella AP (nurna.bella.ap)', 'WAREHOUSE RAWABOKOR', '(NULL)', NULL, NULL, NULL),
	(172, 'C.A.03.20240904.0178', 'APPLE MACBOOK AIR M1 13IN', '(NULL)', 'LAPTOP', 'In Use (Assigned to User) Deployed', 'APPLE LAPTOP', '(NULL)', '(NULL)', 'Katherine (katherine)', 'HEAD OFFICE DUTA GARDEN', '(NULL)', NULL, NULL, NULL),
	(173, 'C.A.02.20241010.0179', 'ASUS VIVOBOOK GO 14 E1404FA', '(NULL)', 'LAPTOP', 'In Use (Assigned to User) Deployed', 'ASUS LAPTOP', '(NULL)', '(NULL)', 'Mohamad Bahudin (mohamad.bahudin)', 'WAREHOUSE RAWABOKOR', '(NULL)', NULL, NULL, NULL),
	(174, 'C.A.02.20241010.0180', 'ASUS VIVOBOOK GO 14 E1404FA', '(NULL)', 'LAPTOP', 'In Use (Assigned to User) Deployed', 'ASUS LAPTOP', '(NULL)', '(NULL)', 'Herianto (herianto)', 'WAREHOUSE RAWABOKOR', '(NULL)', NULL, NULL, NULL),
	(175, 'C.A.02.20241010.0181', 'ASUS VIVOBOOK GO 14 E1404FA', '(NULL)', 'LAPTOP', 'In Use (Assigned to User) Deployed', 'ASUS LAPTOP', '(NULL)', '(NULL)', 'Benny (benny)', 'WAREHOUSE RAWABOKOR', '(NULL)', NULL, NULL, NULL),
	(176, 'C.A.02.20241010.0182', 'ASUS VIVOBOOK GO 14 E1404FA', '(NULL)', 'LAPTOP', 'In Use (Assigned to User) Deployed', 'ASUS LAPTOP', '(NULL)', '(NULL)', 'Deni Setiawan (deni.setiawan)', 'WAREHOUSE RAWABOKOR', '(NULL)', NULL, NULL, NULL),
	(177, 'C.A.02.20241010.0183', 'ASUS VIVOBOOK GO 14 E1404FA', '(NULL)', 'LAPTOP', 'In Use (Assigned to User) Deployed', 'ASUS LAPTOP', '(NULL)', '(NULL)', 'Hendri (hendri)', 'WAREHOUSE RAWABOKOR', '(NULL)', NULL, NULL, NULL),
	(178, 'C.A.01.20241021.0186', 'LENOVO IDEAPAD SLIM 3I', '(NULL)', 'LAPTOP', 'In Use (Assigned to User) Deployed', 'LENOVO LAPTOP', '(NULL)', '(NULL)', 'Tiara Nur Azizah (tiara.nur.azizah)', 'WAREHOUSE RAWABOKOR', '(NULL)', NULL, NULL, NULL),
	(179, 'C.A.02.20241112.0189', 'ASUS VIVOBOOK 14 E1404FA', '(NULL)', 'LAPTOP', 'In Use (Assigned to User) Deployed', 'ASUS LAPTOP', '(NULL)', '(NULL)', 'Muhamad Ali (muhamad.ali)', 'WAREHOUSE JATAKE 1', '(NULL)', NULL, NULL, NULL),
	(180, 'C.A.02.20241115.0191', 'ASUS VIVOBOOK 14 X1404ZA', '(NULL)', 'LAPTOP', 'In Use (Assigned to User) Deployed', 'ASUS LAPTOP', '(NULL)', '(NULL)', 'Nafizka Nisa Azzahra (nafizka.nisa.azzahra)', 'WAREHOUSE RAWABOKOR', '(NULL)', NULL, NULL, NULL),
	(181, 'C.A.02.20241115.0192', 'ASUS VIVOBOOK 14 X1404ZA', '(NULL)', 'LAPTOP', 'In Use (Assigned to User) Deployed', 'ASUS LAPTOP', '(NULL)', '(NULL)', 'Trinita (trinita)', 'WAREHOUSE KS TUBUN', '(NULL)', NULL, NULL, NULL),
	(182, 'C.A.01.20241122.0193', 'LENOVO IDEAPAD SLIM 3I', '(NULL)', 'LAPTOP', 'In Use (Assigned to User)', 'LENOVO LAPTOP', '(NULL)', '(NULL)', '(NULL)', 'HEAD OFFICE DUTA GARDEN', '(NULL)', NULL, NULL, NULL),
	(183, 'C.F.19.20221117.0051', 'BROHTER DCP T720DW', '(NULL)', 'BROTHER PRINTER', 'In Use (Assigned to User)', 'BROTHER', '(NULL)', '(NULL)', '(NULL)', '(NULL)', '(NULL)', NULL, NULL, NULL),
	(184, 'O.A.01.20231103.0018', 'ITEL P40', '(NULL)', 'SMARTPHONE', 'In Use (Assigned to User) Deployed', 'ITEL SMARTPHONE', '(NULL)', '(NULL)', 'Siska Amelia (siska.amelia)', 'WAREHOUSE JATAKE 1', '(NULL)', NULL, NULL, NULL),
	(185, 'O.A.01.20231106.0019', 'ITEL P40', '(NULL)', 'SMARTPHONE', 'In Use (Assigned to User) Deployed', 'ITEL SMARTPHONE', '(NULL)', '(NULL)', 'Faizal Bastian Razaq (faizal.bastian.razaq)', 'WAREHOUSE KS TUBUN', '(NULL)', NULL, NULL, NULL),
	(186, 'G.A.01.20231229.0023', 'ITEL P40', '(NULL)', 'SMARTPHONE', 'In Use (Assigned to User)', 'ITEL SMARTPHONE', '(NULL)', '(NULL)', '(NULL)', '(NULL)', '(NULL)', NULL, NULL, NULL),
	(187, 'G.A.01.20230110.0025', 'XIAOMI REDMI 13C', '(NULL)', 'SMARTPHONE', 'In Use (Assigned to User) Deployed', 'XIAOMI SMARTPHONE', '(NULL)', '(NULL)', 'Nurhadi Umar (nurhadi.umar)', 'HEAD OFFICE DUTA GARDEN', '(NULL)', NULL, NULL, NULL),
	(188, 'O.A.01.20240422.0031', 'ITEL A70', '(NULL)', 'SMARTPHONE', 'In Use (Assigned to User) Deployed', 'ITEL SMARTPHONE', '(NULL)', '(NULL)', 'Muhammad Rizky (muhammad.rizky)', 'WAREHOUSE KS TUBUN', '(NULL)', NULL, NULL, NULL),
	(189, 'O.A.01.20240619.0037', 'ITEL A70', '(NULL)', 'SMARTPHONE', 'In Use (Assigned to User) Deployed', 'ITEL SMARTPHONE', '(NULL)', '(NULL)', 'Edi Siswanto (edi)', 'HEAD OFFICE DUTA GARDEN', '(NULL)', NULL, NULL, NULL),
	(190, 'O.A.01.20240626.0039', 'REALME C63', '(NULL)', 'SMARTPHONE', 'In Use (Assigned to User) Deployed', 'REALME SMARTPHONE', '(NULL)', '(NULL)', 'Tabita Maharani Wijaya (tabita)', 'STUDIO MARKETING PASAR LAMA', '(NULL)', NULL, NULL, NULL),
	(191, 'M.A.01.20240812.0049', 'ITEL P55', '(NULL)', 'SMARTPHONE', 'In Use (Assigned to User) Deployed', 'ITEL SMARTPHONE', '(NULL)', '(NULL)', 'Tabita Maharani Wijaya (tabita)', 'STUDIO MARKETING PASAR LAMA', '(NULL)', NULL, NULL, NULL),
	(192, 'G.A.01.20241001.0054', 'ITEL A70', '(NULL)', 'SMARTPHONE', 'In Use (Assigned to User) Deployed', 'ITEL SMARTPHONE', '(NULL)', '(NULL)', 'Taufiq Ahad (taufiq.ahad)', 'HEAD OFFICE DUTA GARDEN', '(NULL)', NULL, NULL, NULL),
	(193, 'O.A.01.20241105.0057', 'ITEL A80', '(NULL)', 'SMARTPHONE', 'In Use (Assigned to User) Deployed', 'ITEL SMARTPHONE', '(NULL)', '(NULL)', 'Bagas Sarwidianto (bagas.sarwidianto)', 'STUDIO MARKETING PASAR LAMA', '(NULL)', NULL, NULL, NULL),
	(194, 'C.G.01.00000000.0001', 'LG 24\'', '(NULL)', 'MONITOR', 'In Use (Assigned to User) Deployed', 'LG MONITOR', '(NULL)', '(NULL)', 'Ivon Yuanita Miharja (ivon.yuanita.miharja)', 'HEAD OFFICE DUTA GARDEN', '(NULL)', NULL, NULL, NULL),
	(195, 'C.G.15.20200121.0063', 'SAMSUNG LC24F390FHEXXD 23.5\' FREESYNC FULL HD CURVED', '(NULL)', 'MONITOR', 'In Use (Assigned to User) Deployed', 'SAMSUNG MONITOR', '(NULL)', '(NULL)', 'Benediktus Gouzali (benediktus.gouzali)', 'HEAD OFFICE DUTA GARDEN', '(NULL)', NULL, NULL, NULL),
	(196, 'C.G.01.20210318.0002', 'LG 22MK600', '(NULL)', 'MONITOR', 'In Use (Assigned to User) Deployed', 'LG MONITOR', '(NULL)', '(NULL)', 'Loransjia Milazania Ongso (loransjia.milazania.ongso)', 'HEAD OFFICE DUTA GARDEN', '(NULL)', NULL, NULL, NULL),
	(197, 'C.G.01.20220421.0004', 'SPC SM-22', '(NULL)', 'MONITOR', 'In Use (Assigned to User) Deployed', 'SPC MONITOR', '(NULL)', '(NULL)', 'Khuzaima Desri Rahmadhani (khuzaima.desri.rahmadhani)', 'HEAD OFFICE DUTA GARDEN', '(NULL)', NULL, NULL, NULL),
	(198, 'C.G.01.20221201.0005', 'LG LED IPS LG 24MP400', '(NULL)', 'MONITOR', 'In Use (Assigned to User) Deployed', 'LG MONITOR', '(NULL)', '(NULL)', 'Rahmat Helan (rahmat.helan)', 'HEAD OFFICE DUTA GARDEN', '(NULL)', NULL, NULL, NULL),
	(199, 'C.G.01.20221201.0006', 'LG LED IPS LG 24MP400', '(NULL)', 'MONITOR', 'In Use (Assigned to User) Deployed', 'LG MONITOR', '(NULL)', '(NULL)', 'Ernest Hianto (ernest.hianto)', 'HEAD OFFICE DUTA GARDEN', '(NULL)', NULL, NULL, NULL),
	(200, 'C.G.01.20221201.0007', 'LG LED IPS LG 24MP400', '(NULL)', 'MONITOR', 'In Use (Assigned to User) Deployed', 'LG MONITOR', '(NULL)', '(NULL)', 'Jeanever (jeanever)', 'HEAD OFFICE DUTA GARDEN', '(NULL)', NULL, NULL, NULL),
	(201, 'C.G.01.20221201.0008', 'LG LED IPS LG 24MP400', '(NULL)', 'MONITOR', 'In Use (Assigned to User) Deployed', 'LG MONITOR', '(NULL)', '(NULL)', 'Katherine (katherine)', 'HEAD OFFICE DUTA GARDEN', '(NULL)', NULL, NULL, NULL),
	(202, 'C.G.01.20221201.0010', 'LG LED IPS LG 24MP400', '(NULL)', 'MONITOR', 'In Use (Assigned to User) Deployed', 'LG MONITOR', '(NULL)', '(NULL)', 'M.Rizky Fahrizal Lubis (m.rizky.fahrizal.lubis)', 'WAREHOUSE JATAKE 1', '(NULL)', NULL, NULL, NULL),
	(203, 'C.G.01.20221201.0011', 'LG LED IPS LG 24MP400', '(NULL)', 'MONITOR', 'In Use (Assigned to User) Deployed', 'LG MONITOR', '(NULL)', '(NULL)', 'Bagas Sarwidianto (bagas.sarwidianto)', 'STUDIO MARKETING PASAR LAMA', '(NULL)', NULL, NULL, NULL),
	(204, 'C.G.01.20230106.0012', 'LENOVO', '(NULL)', 'MONITOR', 'In Use (Assigned to User) Deployed', 'LENOVO MONITOR', '(NULL)', '(NULL)', 'Damianus Gouzali (damianus.gouzali)', 'HEAD OFFICE DUTA GARDEN', '(NULL)', NULL, NULL, NULL),
	(205, 'C.G.03.20230130.0013', 'LENOVO', '(NULL)', 'MONITOR', 'In Use (Assigned to User) Deployed', 'LENOVO MONITOR', '(NULL)', '(NULL)', 'Timothy Muryo Wiyoso (timothy.muryo.wiyoso)', 'HEAD OFFICE DUTA GARDEN', '(NULL)', NULL, NULL, NULL),
	(206, 'C.G.01.20230306.0014', 'LG LED IPS LG 24MP400', '(NULL)', 'MONITOR', 'In Use (Assigned to User) Deployed', 'LG MONITOR', '(NULL)', '(NULL)', 'Agam Nur Firdausy (agam.nur.firdausy)', 'HEAD OFFICE DUTA GARDEN', '(NULL)', NULL, NULL, NULL),
	(207, 'C.G.01.20230306.0015', 'LG LED IPS LG 24MP400', '(NULL)', 'MONITOR', 'In Use (Assigned to User) Deployed', 'LG MONITOR', '(NULL)', '(NULL)', 'Rizqi Armanda (rizqi.armanda)', 'HEAD OFFICE DUTA GARDEN', '(NULL)', NULL, NULL, NULL),
	(208, 'C.G.03.20230405.0016', 'LENOVO 24\'', '(NULL)', 'MONITOR', 'In Use (Assigned to User) Deployed', 'LENOVO MONITOR', '(NULL)', '(NULL)', 'Muhamad Ali (muhamad.ali)', 'WAREHOUSE JATAKE 1', '(NULL)', NULL, NULL, NULL),
	(209, 'C.G.03.20230509.0017', 'LENOVO 24\'', '(NULL)', 'MONITOR', 'In Use (Assigned to User) Deployed', 'LENOVO MONITOR', '(NULL)', '(NULL)', 'Yulliemty (yuli)', 'HEAD OFFICE DUTA GARDEN', '(NULL)', NULL, NULL, NULL),
	(210, 'C.G.03.20230706.0019', 'LENOVO 24\'', '(NULL)', 'MONITOR', 'In Use (Assigned to User) Deployed', 'LENOVO MONITOR', '(NULL)', '(NULL)', 'Rivaldo Ryos Hutapea (rivaldo.ryos.hutapea)', 'HEAD OFFICE DUTA GARDEN', '(NULL)', NULL, NULL, NULL),
	(211, 'C.G.03.20231013.0023', 'LG 21,45IN', '(NULL)', 'MONITOR', 'In Use (Assigned to User) Deployed', 'LG MONITOR', '(NULL)', '(NULL)', 'Alexsander Benediktus (alexsander)', 'HEAD OFFICE DUTA GARDEN', '(NULL)', NULL, NULL, NULL),
	(212, 'C.G.15.20231211.0026', 'XIAOMI 27I', '(NULL)', 'MONITOR', 'In Use (Assigned to User) Deployed', 'XIAOMI MONITOR', '(NULL)', '(NULL)', 'Kevin Phillips (kevin.phillips)', 'HEAD OFFICE DUTA GARDEN', '(NULL)', NULL, NULL, NULL),
	(213, 'C.G.03.20231211.0027', 'LENOVO 24\'', '(NULL)', 'MONITOR', 'In Use (Assigned to User) Deployed', 'LENOVO MONITOR', '(NULL)', '(NULL)', 'Yosefhin Tesalonika (yosefhin.tesalonika)', 'HEAD OFFICE DUTA GARDEN', '(NULL)', NULL, NULL, NULL),
	(214, 'C.G.03.20231211.0028', 'LENOVO 24\'', '(NULL)', 'MONITOR', 'In Use (Assigned to User) Deployed', 'LENOVO MONITOR', '(NULL)', '(NULL)', 'Andika Pratama (andika.pratama)', 'HEAD OFFICE DUTA GARDEN', '(NULL)', NULL, NULL, NULL),
	(215, 'C.G.15.20231227.0029', 'XIAOMI 27I', '(NULL)', 'MONITOR', 'In Use (Assigned to User) Deployed', 'XIAOMI MONITOR', '(NULL)', '(NULL)', 'Benediktus Gouzali (benediktus.gouzali)', 'HEAD OFFICE DUTA GARDEN', '(NULL)', NULL, NULL, NULL),
	(216, 'C.G.15.20240307.0035', 'LG 24\'', '(NULL)', 'MONITOR', 'In Use (Assigned to User) Deployed', 'LG MONITOR', '(NULL)', '(NULL)', 'Muhamad Asep Hafidzul Umam (muhamad.asep.hafidzul.umam)', 'HEAD OFFICE DUTA GARDEN', '(NULL)', NULL, NULL, NULL),
	(217, 'C.G.1.20241201.0048', 'LG 24IN 24MS500', '(NULL)', 'MONITOR', 'In Use (Assigned to User) Deployed', 'LG MONITOR', '(NULL)', '(NULL)', 'Elvira Indri Safitri (elvira.indri.safitri)', 'HEAD OFFICE DUTA GARDEN', '(NULL)', NULL, NULL, NULL),
	(218, 'C.G.1.20241220.0050', 'VIEW SONIC VA2432-H-W / WHITE', '(NULL)', 'MONITOR', 'In Use (Assigned to User) Deployed', 'VIEW SONIC MONITOR', '(NULL)', '(NULL)', 'Cahyaningtyas Merry Nugraheni (cahyaningtyas.merry.nugraheni)', 'HEAD OFFICE DUTA GARDEN', '(NULL)', NULL, NULL, NULL),
	(219, 'C.G.1.20250203.0051', 'LG 24\'', '(NULL)', 'MONITOR', 'In Use (Assigned to User) Deployed', 'LG MONITOR', '(NULL)', '(NULL)', 'Mulyasi Rahardja (mulyasi.rahardja)', 'HEAD OFFICE DUTA GARDEN', '(NULL)', NULL, NULL, NULL),
	(220, 'C.G.1.20250206.0052', 'LENOVO L24I-4A', '(NULL)', 'MONITOR', 'In Use (Assigned to User) Deployed', 'LENOVO MONITOR', '(NULL)', '(NULL)', 'Dessy Manurung (dessy.manurung)', 'HEAD OFFICE DUTA GARDEN', '(NULL)', NULL, NULL, NULL),
	(221, 'C.B.03.20200612.0007', 'PC RAKITAN INTEL CORE I5 9400F', '(NULL)', 'PC', 'In Use (Assigned to User) Deployed', 'RAKITAN PC', '(NULL)', '(NULL)', 'Achmad Arifin (achmad.arifin)', 'STUDIO MARKETING PASAR LAMA', '(NULL)', NULL, NULL, NULL),
	(222, 'C.B.04.20210318.0008', 'MAC MINI M1', '(NULL)', 'PC', 'In Use (Assigned to User) Deployed', 'APPLE PC', '(NULL)', '(NULL)', 'Ray Christian Perangin-angin (ray.christian.perangin-angin)', 'STUDIO MARKETING PASAR LAMA', '(NULL)', NULL, NULL, NULL),
	(223, 'C.G.08.20250506.0053', 'MSI PRO MP273QW E2 27\' IPS 2K', '(NULL)', 'MONITOR', 'In Use (Assigned to User) Deployed', 'MSI MONITOR', '(NULL)', '(NULL)', 'Sandy Aprianto (sandy.aprianto)', 'WAREHOUSE JATAKE 1', '(NULL)', NULL, NULL, NULL),
	(224, 'C.G.08.20250717.0054', 'MONITOR MSI LED IPS PRO MP251L E2', '(NULL)', 'MONITOR', 'In Use (Assigned to User) Deployed', 'MSI MONITOR', '(NULL)', '(NULL)', 'HEAD OFFICE DUTA GARDEN', 'HEAD OFFICE DUTA GARDEN', '(NULL)', NULL, NULL, NULL),
	(225, 'C.A.06.20250827.0194', 'MSI MODERN 14 CORE I5 120U 16GB/512GB', '(NULL)', 'LAPTOP', 'In Use (Assigned to User) Deployed', 'MSI LAPTOP', '(NULL)', '(NULL)', 'Suwanto (Suwanto)', 'HEAD OFFICE DUTA GARDEN', '(NULL)', NULL, NULL, NULL),
	(226, 'C.G.08.20251021.0055', 'MONITOR MSI PRO MP225V 22\'', '(NULL)', 'MONITOR', 'In Use (Assigned to User) Deployed', 'MSI MONITOR', '(NULL)', '(NULL)', 'Adi Saputra (adi.saputra)', 'WAREHOUSE JATAKE 1', '(NULL)', NULL, NULL, NULL),
	(227, 'C.A.01.20251014.0195', '(NULL)', '(NULL)', 'LAPTOP', 'In Use (Assigned to User) Deployed', 'LENOVO LAPTOP', '(NULL)', '(NULL)', 'Chandra (chandra)', 'WAREHOUSE RAWABOKOR', '(NULL)', NULL, NULL, NULL),
	(228, 'C.A.02.20251016.0196', '(NULL)', '(NULL)', 'LAPTOP', 'In Use (Assigned to User) Deployed', 'ASUS LAPTOP', '(NULL)', '(NULL)', 'Azi Fauzi (azi)', 'HEAD OFFICE DUTA GARDEN', '(NULL)', NULL, NULL, NULL),
	(229, 'C.A.02.20180316.0009', 'ASUS X441VA - WX330T', '(NULL)', 'LAPTOP', 'In Use (Shared in Location) Deployed', 'ASUS LAPTOP', '(NULL)', '(NULL)', 'STORE 01 PASAR LAMA', 'STORE 01 PASAR LAMA', '(NULL)', NULL, NULL, NULL),
	(230, 'C.A.02.20181105.0037', 'LENOVO V130-14IKB', '(NULL)', 'LAPTOP', 'In Use (Shared in Location)', 'LENOVO LAPTOP', '(NULL)', '(NULL)', '(NULL)', 'WAREHOUSE JATAKE 1', '(NULL)', NULL, NULL, NULL),
	(231, 'C.A.02.20181113.0038', 'LENOVO V130-14IKB', '(NULL)', 'LAPTOP', 'In Use (Shared in Location)', 'LENOVO LAPTOP', '(NULL)', '(NULL)', '(NULL)', 'WAREHOUSE JATAKE 1', '(NULL)', NULL, NULL, NULL),
	(232, 'C.A.02.20191008.0048', 'ASUS X441UA-GA312T', '(NULL)', 'LAPTOP', 'In Use (Shared in Location) Deployed', 'ASUS LAPTOP', '(NULL)', '(NULL)', 'WAREHOUSE KS TUBUN', 'WAREHOUSE KS TUBUN', '(NULL)', NULL, NULL, NULL),
	(233, 'C.A.02.20200102.0052', 'ASUS X441UA-GA311T', '(NULL)', 'LAPTOP', 'In Use (Shared in Location) Deployed', 'ASUS LAPTOP', '(NULL)', '(NULL)', 'STORE 08 CILEDUG 1', 'STORE 08 CILEDUG 1', '(NULL)', NULL, NULL, NULL),
	(234, 'C.A.02.20200607.0057', 'ASUS X441UB-GA312T', '(NULL)', 'LAPTOP', 'In Use (Shared in Location) Deployed', 'ASUS LAPTOP', '(NULL)', '(NULL)', 'STORE 05 TALAGA BESTARI', 'STORE 05 TALAGA BESTARI', '(NULL)', NULL, NULL, NULL),
	(235, 'C.A.02.20200703.0061', 'ASUS X441UB-GA322T', '(NULL)', 'LAPTOP', 'In Use (Shared in Location) Deployed', 'ASUS LAPTOP', '(NULL)', '(NULL)', 'STORE 04 BANJAR WIJAYA', 'STORE 04 BANJAR WIJAYA', '(NULL)', NULL, NULL, NULL),
	(236, 'C.A.02.20200930.0073', 'ASUS VIVOBOOK X441UA-GA333T', '(NULL)', 'LAPTOP', 'In Use (Shared in Location) Deployed', 'ASUS LAPTOP', '(NULL)', '(NULL)', 'STORE 03 KALIDERES', 'STORE 03 KALIDERES', '(NULL)', NULL, NULL, NULL),
	(237, 'C.A.02.20200930.0074', 'ASUS VIVOBOOK X441UA-GA333T', '(NULL)', 'LAPTOP', 'In Use (Shared in Location) Deployed', 'ASUS LAPTOP', '(NULL)', '(NULL)', 'STORE 06 KARAWACI 1', 'STORE 06 KARAWACI 1', '(NULL)', NULL, NULL, NULL),
	(238, 'C.A.02.20208126.0069', 'ASUS VIVOBOOK X441UA-GA333T', '(NULL)', 'LAPTOP', 'In Use (Shared in Location) Deployed', 'ASUS LAPTOP', '(NULL)', '(NULL)', 'STORE 07 KARAWACI 2', 'STORE 07 KARAWACI 2', '(NULL)', NULL, NULL, NULL),
	(239, 'C.A.02.20210909.0082', 'LENOVO V14 ADA', '(NULL)', 'LAPTOP', 'In Use (Shared in Location)', 'LENOVO LAPTOP', '(NULL)', '(NULL)', '(NULL)', 'WAREHOUSE JATAKE 1', '(NULL)', NULL, NULL, NULL),
	(240, 'C.A.02.20220209.0087', 'LENOVO V14 -ADA', '(NULL)', 'LAPTOP', 'In Use (Shared in Location)', 'LENOVO LAPTOP', '(NULL)', '(NULL)', '(NULL)', 'WAREHOUSE JATAKE 1', '(NULL)', NULL, NULL, NULL),
	(241, 'C.A.02.20230209.0106', 'LENOVO V14 G2', '(NULL)', 'LAPTOP', 'In Use (Shared in Location)', 'LENOVO LAPTOP', '(NULL)', '(NULL)', '(NULL)', 'WAREHOUSE JATAKE 1', '(NULL)', NULL, NULL, NULL),
	(242, 'C.A.03.20171118.0002', 'ASUS A442U', '(NULL)', 'LAPTOP', 'In Use (Shared in Location)', 'ASUS LAPTOP', '(NULL)', '(NULL)', '(NULL)', 'WAREHOUSE JATAKE 1', '(NULL)', NULL, NULL, NULL),
	(243, 'C.A.03.20191025.0050', 'ASUS VIVOBOOK ULTRA A412FA-EK502T', '(NULL)', 'LAPTOP', 'In Use (Shared in Location)', 'ASUS LAPTOP', '(NULL)', '(NULL)', '(NULL)', 'WAREHOUSE JATAKE 1', '(NULL)', NULL, NULL, NULL),
	(244, 'C.A.03.20210617.0079', 'LENOVO IDEAPAD SLIM 3 14ADA05', '(NULL)', 'LAPTOP', 'In Use (Shared in Location)', 'LENOVO LAPTOP', '(NULL)', '(NULL)', '(NULL)', 'HEAD OFFICE DUTA GARDEN', '(NULL)', NULL, NULL, NULL),
	(245, 'C.A.04.20180406.0014', 'ASUS ZENBOOK UX410U - GV090T', '(NULL)', 'LAPTOP', 'In Use (Shared in Location) Deployed', 'ASUS LAPTOP', '(NULL)', '(NULL)', 'STORE 02 PORIS', 'STORE 02 PORIS', '(NULL)', NULL, NULL, NULL),
	(246, 'C.A.04.20180531.0018', 'ASUS ZENBOOK UX410UQK', '(NULL)', 'LAPTOP', 'In Use (Shared in Location)', 'ASUS LAPTOP', '(NULL)', '(NULL)', '(NULL)', 'WAREHOUSE JATAKE 1', '(NULL)', NULL, NULL, NULL),
	(247, 'C.A.04.20181005.0034', 'ASUS ZENBOOK UX410UQ-GV090T', '(NULL)', 'LAPTOP', 'In Use (Shared in Location)', 'ASUS LAPTOP', '(NULL)', '(NULL)', '(NULL)', 'WAREHOUSE JATAKE 1', '(NULL)', NULL, NULL, NULL),
	(248, 'C.A.05.20201103.0075', 'ACER ASPIRE 3 A314-22-R8JF', '(NULL)', 'LAPTOP', 'In Use (Shared in Location) Deployed', 'ACER LAPTOP', '(NULL)', '(NULL)', 'STORE 11 SEPATAN', 'STORE 11 SEPATAN', '(NULL)', NULL, NULL, NULL),
	(249, 'C.A.01.20240110.0136', 'LENOVO IDEAPAD 3 14ITL6', '(NULL)', 'LAPTOP', 'In Use (Shared in Location)', 'LENOVO LAPTOP', '(NULL)', '(NULL)', '(NULL)', 'WAREHOUSE JATAKE 1', '(NULL)', NULL, NULL, NULL),
	(250, 'C.A.01.20240904.0176', 'LENOVO IDEAPAD SLIM 1', '(NULL)', 'LAPTOP', 'In Use (Shared in Location) Deployed', 'LENOVO LAPTOP', '(NULL)', '(NULL)', 'STORE 10 KELAPA DUA', 'STORE 10 KELAPA DUA', '(NULL)', NULL, NULL, NULL),
	(251, 'C.A.01.20240904.0177', 'LENOVO IDEAPAD SLIM 1', '(NULL)', 'LAPTOP', 'In Use (Shared in Location) Deployed', 'LENOVO LAPTOP', '(NULL)', '(NULL)', 'STORE 13 CILEDUG INDAH', 'STORE 13 CILEDUG INDAH', '(NULL)', NULL, NULL, NULL),
	(252, 'C.A.02.20241001.0187', 'ASUS VIVOBOOK GO 14 E1404FA', '(NULL)', 'LAPTOP', 'In Use (Shared in Location) Deployed', 'ASUS LAPTOP', '(NULL)', '(NULL)', 'STORE 12 PAMULANG', 'STORE 12 PAMULANG', '(NULL)', NULL, NULL, NULL),
	(253, 'C.A.02.20241022.0188', 'ASUS VIVOBOOK GO 14 E1404FA', '(NULL)', 'LAPTOP', 'In Use (Shared in Location) Deployed', 'ASUS LAPTOP', '(NULL)', '(NULL)', 'STORE 14 DASANA INDAH', 'STORE 14 DASANA INDAH', '(NULL)', NULL, NULL, NULL),
	(254, 'C.A.02.20241105.0190', 'ASUS VIVOBOOK GO 14 E1404FA', '(NULL)', 'LAPTOP', 'In Use (Shared in Location) Deployed', 'ASUS LAPTOP', '(NULL)', '(NULL)', 'STORE 05 TALAGA BESTARI', 'STORE 05 TALAGA BESTARI', '(NULL)', NULL, NULL, NULL),
	(255, 'C.F.16.20200710.0033', 'BROTHER ADS-2700W', '(NULL)', 'BROTHER PRINTER', 'In Use (Shared in Location) Deployed', 'BROTHER', '(NULL)', '(NULL)', 'HEAD OFFICE DUTA GARDEN', 'HEAD OFFICE DUTA GARDEN', '(NULL)', NULL, NULL, NULL),
	(256, 'C.F.12.20190908.0021', 'EPSON L3150', '(NULL)', 'EPSON PRINTER', 'In Use (Shared in Location) Deployed', 'EPSON', '(NULL)', '(NULL)', 'WAREHOUSE RAWABOKOR', 'WAREHOUSE RAWABOKOR', '(NULL)', NULL, NULL, NULL),
	(257, 'C.F.11.20191115.0022', 'EPSON L1110', '(NULL)', 'EPSON PRINTER', 'In Use (Shared in Location) Deployed', 'EPSON', '(NULL)', '(NULL)', 'HEAD OFFICE DUTA GARDEN', 'HEAD OFFICE DUTA GARDEN', '(NULL)', NULL, NULL, NULL),
	(258, 'C.F.05.20171201.0025', 'EPSON L360', '(NULL)', 'EPSON PRINTER', 'In Use (Shared in Location) Deployed', 'EPSON', '(NULL)', '(NULL)', 'PILKADA', 'PILKADA', '(NULL)', NULL, NULL, NULL),
	(259, 'C.F.15.20200811.0034', 'BROTHER HL-B2080DW', '(NULL)', 'BROTHER PRINTER', 'In Use (Shared in Location) Deployed', 'BROTHER', '(NULL)', '(NULL)', 'PILKADA', 'PILKADA', '(NULL)', NULL, NULL, NULL),
	(260, 'C.F.15.20200930.0035', 'BROTHER HL-B2080DW', '(NULL)', 'BROTHER PRINTER', 'In Use (Shared in Location) Deployed', 'BROTHER', '(NULL)', '(NULL)', 'WAREHOUSE JATAKE 1', 'WAREHOUSE JATAKE 1', '(NULL)', NULL, NULL, NULL),
	(261, 'C.F.15.20200930.0037', 'BROTHER HL-B2080DW', '(NULL)', 'BROTHER PRINTER', 'In Use (Shared in Location) Deployed', 'BROTHER', '(NULL)', '(NULL)', 'WAREHOUSE RAWABOKOR', 'WAREHOUSE RAWABOKOR', '(NULL)', NULL, NULL, NULL),
	(262, 'C.F.15.20201006.0038', 'BROTHER HL-B2080DW', '(NULL)', 'BROTHER PRINTER', 'In Use (Shared in Location) Deployed', 'BROTHER', '(NULL)', '(NULL)', 'HEAD OFFICE DUTA GARDEN', 'HEAD OFFICE DUTA GARDEN', '(NULL)', NULL, NULL, NULL),
	(263, 'C.F.12.20203010.0039', 'EPSON L3150', '(NULL)', 'EPSON PRINTER', 'In Use (Shared in Location) Deployed', 'EPSON', '(NULL)', '(NULL)', 'WAREHOUSE RAWABOKOR', 'WAREHOUSE RAWABOKOR', '(NULL)', NULL, NULL, NULL),
	(264, 'C.F.18.20201105.0040', 'WINCODE C432', '(NULL)', 'WINCODE PRINTER', 'In Use (Shared in Location) Deployed', 'WINCODE', '(NULL)', '(NULL)', 'WAREHOUSE JATAKE 1', 'WAREHOUSE JATAKE 1', '(NULL)', NULL, NULL, NULL),
	(265, 'C.F.15.20210716.0045', 'BROTHER HL-B2080DW', '(NULL)', 'BROTHER PRINTER', 'In Use (Shared in Location) Deployed', 'BROTHER', '(NULL)', '(NULL)', 'HEAD OFFICE DUTA GARDEN', 'HEAD OFFICE DUTA GARDEN', '(NULL)', NULL, NULL, NULL),
	(266, 'C.F.19.20220104.0046', 'BROTEHR DCP T720DW', '(NULL)', 'BROTHER PRINTER', 'In Use (Shared in Location)', 'BROTHER', '(NULL)', '(NULL)', '(NULL)', 'HEAD OFFICE DUTA GARDEN', '(NULL)', NULL, NULL, NULL),
	(267, 'C.F.08.20220217.0047', 'EPSON LQ 310', '(NULL)', 'EPSON PRINTER', 'In Use (Shared in Location) Deployed', 'EPSON', '(NULL)', '(NULL)', 'WAREHOUSE RAWABOKOR', 'WAREHOUSE RAWABOKOR', '(NULL)', NULL, NULL, NULL),
	(268, 'C.F.15.20220223.0048', 'BROTHER ADS-1700W', '(NULL)', 'BROTHER PRINTER', 'In Use (Shared in Location) Deployed', 'BROTHER', '(NULL)', '(NULL)', 'WAREHOUSE RAWABOKOR', 'WAREHOUSE RAWABOKOR', '(NULL)', NULL, NULL, NULL),
	(269, 'C.F.18.20220412.0049', 'WINCODE C432', '(NULL)', 'WINCODE PRINTER', 'In Use (Shared in Location) Deployed', 'WINCODE', '(NULL)', '(NULL)', 'WAREHOUSE JATAKE 1', 'WAREHOUSE JATAKE 1', '(NULL)', NULL, NULL, NULL),
	(270, 'C.F.19.20221109.0050', 'BROHTER DCP T420W', '(NULL)', 'BROTHER PRINTER', 'In Use (Shared in Location) Deployed', 'BROTHER', '(NULL)', '(NULL)', 'WAREHOUSE RAWABOKOR', 'WAREHOUSE RAWABOKOR', '(NULL)', NULL, NULL, NULL),
	(271, 'C.F.15.20221212.0052', 'BROTHER ADS-1700W', '(NULL)', 'BROTHER PRINTER', 'In Use (Shared in Location) Deployed', 'BROTHER', '(NULL)', '(NULL)', 'HEAD OFFICE DUTA GARDEN', 'HEAD OFFICE DUTA GARDEN', '(NULL)', NULL, NULL, NULL),
	(272, 'C.F.15.20230619.0053', 'BROTHER ADS-1200', '(NULL)', 'BROTHER PRINTER', 'In Use (Shared in Location) Deployed', 'BROTHER', '(NULL)', '(NULL)', 'HEAD OFFICE DUTA GARDEN', 'HEAD OFFICE DUTA GARDEN', '(NULL)', NULL, NULL, NULL),
	(273, 'C.F.20.20230801.0054', 'PANDA 80MM PRJ-80USE', '(NULL)', 'PANDA PRINTER', 'In Use (Shared in Location) Deployed', 'PANDA', '(NULL)', '(NULL)', 'STORE 01 PASAR LAMA', 'STORE 01 PASAR LAMA', '(NULL)', NULL, NULL, NULL),
	(274, 'C.F.19.20230810.0055', 'BROTHER DCP-T420W', '(NULL)', 'BROTHER PRINTER', 'In Use (Shared in Location) Deployed', 'BROTHER', '(NULL)', '(NULL)', 'WAREHOUSE JATAKE 1', 'WAREHOUSE JATAKE 1', '(NULL)', NULL, NULL, NULL),
	(275, 'C.F.21.20231101.0057', 'ZEBRA ZD230', '(NULL)', 'ZEBRA PRINTER', 'In Use (Shared in Location) Deployed', 'ZEBRA', '(NULL)', '(NULL)', 'STORE 02 PORIS', 'STORE 02 PORIS', '(NULL)', NULL, NULL, NULL),
	(276, 'C.F.19.20231101.0058', 'BROTHER DCP-T220', '(NULL)', 'BROTHER PRINTER', 'In Use (Shared in Location) Deployed', 'BROTHER', '(NULL)', '(NULL)', 'STORE 02 PORIS', 'STORE 02 PORIS', '(NULL)', NULL, NULL, NULL),
	(277, 'C.F.19.20231211.0059', 'BROTHER DCP-T420W', '(NULL)', 'BROTHER PRINTER', 'In Use (Shared in Location) Deployed', 'BROTHER', '(NULL)', '(NULL)', 'HEAD OFFICE DUTA GARDEN', 'HEAD OFFICE DUTA GARDEN', '(NULL)', NULL, NULL, NULL),
	(278, 'C.F.19.20231211.0060', 'BROTHER ADS 3300W', '(NULL)', 'BROTHER PRINTER', 'In Use (Shared in Location) Deployed', 'BROTHER', '(NULL)', '(NULL)', 'HEAD OFFICE DUTA GARDEN', 'HEAD OFFICE DUTA GARDEN', '(NULL)', NULL, NULL, NULL),
	(279, 'C.F.21.20240126.0062', 'ZEBRA ZD230', '(NULL)', 'ZEBRA PRINTER', 'In Use (Shared in Location) Deployed', 'ZEBRA', '(NULL)', '(NULL)', 'STORE 03 KALIDERES', 'STORE 03 KALIDERES', '(NULL)', NULL, NULL, NULL),
	(280, 'C.F.19.20240126.0063', 'BROTHER DCP-T220', '(NULL)', 'BROTHER PRINTER', 'In Use (Shared in Location) Deployed', 'BROTHER', '(NULL)', '(NULL)', 'STORE 03 KALIDERES', 'STORE 03 KALIDERES', '(NULL)', NULL, NULL, NULL),
	(281, 'C.F.21.20240206.0064', 'ZEBRA ZD230', '(NULL)', 'ZEBRA PRINTER', 'In Use (Shared in Location) Deployed', 'ZEBRA', '(NULL)', '(NULL)', 'STORE 04 BANJAR WIJAYA', 'STORE 04 BANJAR WIJAYA', '(NULL)', NULL, NULL, NULL),
	(282, 'C.F.19.20240206.0065', 'BROTHER DCP-T220', '(NULL)', 'BROTHER PRINTER', 'In Use (Shared in Location) Deployed', 'BROTHER', '(NULL)', '(NULL)', 'STORE 04 BANJAR WIJAYA', 'STORE 04 BANJAR WIJAYA', '(NULL)', NULL, NULL, NULL),
	(283, 'C.F.19.20240207.0066', 'BROTHER ADS-1700W', '(NULL)', 'BROTHER PRINTER', 'In Use (Shared in Location) Deployed', 'BROTHER', '(NULL)', '(NULL)', 'WAREHOUSE RAWABOKOR', 'WAREHOUSE RAWABOKOR', '(NULL)', NULL, NULL, NULL),
	(284, 'C.F.19.20240207.0067', 'BROTHER DCP-T220', '(NULL)', 'BROTHER PRINTER', 'In Use (Shared in Location) Deployed', 'BROTHER', '(NULL)', '(NULL)', 'WAREHOUSE RAWABOKOR', 'WAREHOUSE RAWABOKOR', '(NULL)', NULL, NULL, NULL),
	(285, 'C.F.21.20240220.0068', 'ZEBRA ZD230', '(NULL)', 'ZEBRA PRINTER', 'In Use (Shared in Location) Deployed', 'ZEBRA', '(NULL)', '(NULL)', 'STORE 06 KARAWACI 1', 'STORE 06 KARAWACI 1', '(NULL)', NULL, NULL, NULL),
	(286, 'C.F.19.20240220.0069', 'BROTHER DCP-T220', '(NULL)', 'BROTHER PRINTER', 'In Use (Shared in Location) Deployed', 'BROTHER', '(NULL)', '(NULL)', 'STORE 06 KARAWACI 1', 'STORE 06 KARAWACI 1', '(NULL)', NULL, NULL, NULL),
	(287, 'C.F.19.20240227.0070', 'BROTHER HL 2080 DW', '(NULL)', 'BROTHER PRINTER', 'In Use (Shared in Location) Deployed', 'BROTHER', '(NULL)', '(NULL)', 'WAREHOUSE JATAKE 1', 'WAREHOUSE JATAKE 1', '(NULL)', NULL, NULL, NULL),
	(288, 'C.F.19.20240318.0071', 'BROTHER DCP-T220', '(NULL)', 'BROTHER PRINTER', 'In Use (Shared in Location) Deployed', 'BROTHER', '(NULL)', '(NULL)', 'STORE 05 TALAGA BESTARI', 'STORE 05 TALAGA BESTARI', '(NULL)', NULL, NULL, NULL),
	(289, 'C.F.19.20240319.0072', 'ZEBRA ZD230', '(NULL)', 'ZEBRA PRINTER', 'In Use (Shared in Location) Deployed', 'ZEBRA', '(NULL)', '(NULL)', 'STORE 05 TALAGA BESTARI', 'STORE 05 TALAGA BESTARI', '(NULL)', NULL, NULL, NULL),
	(290, 'C.F.18.20240402.0073', 'WINCODE C342C', '(NULL)', 'WINCODE PRINTER', 'In Use (Shared in Location) Deployed', 'WINCODE', '(NULL)', '(NULL)', 'WAREHOUSE KS TUBUN', 'WAREHOUSE KS TUBUN', '(NULL)', NULL, NULL, NULL),
	(291, 'C.F.18.20240429.0074', 'WINCODE C342C', '(NULL)', 'WINCODE PRINTER', 'In Use (Shared in Location) Deployed', 'WINCODE', '(NULL)', '(NULL)', 'HEAD OFFICE DUTA GARDEN', 'HEAD OFFICE DUTA GARDEN', '(NULL)', NULL, NULL, NULL),
	(292, 'C.F.19.20240514.0075', 'BROTHER DCP-T220', '(NULL)', 'BROTHER PRINTER', 'In Use (Shared in Location) Deployed', 'BROTHER', '(NULL)', '(NULL)', 'STORE 07 KARAWACI 2', 'STORE 07 KARAWACI 2', '(NULL)', NULL, NULL, NULL),
	(293, 'C.F.18.20240514.0076', 'WINCODE C342C', '(NULL)', 'WINCODE PRINTER', 'In Use (Shared in Location) Deployed', 'WINCODE', '(NULL)', '(NULL)', 'STORE 07 KARAWACI 2', 'STORE 07 KARAWACI 2', '(NULL)', NULL, NULL, NULL),
	(294, 'C.F.19.20240521.0077', 'BROTHER DCP-T220', '(NULL)', 'BROTHER PRINTER', 'In Use (Shared in Location) Deployed', 'BROTHER', '(NULL)', '(NULL)', 'STORE 08 CILEDUG 1', 'STORE 08 CILEDUG 1', '(NULL)', NULL, NULL, NULL),
	(295, 'C.F.18.20240521.0078', 'WINCODE C342C', '(NULL)', 'WINCODE PRINTER', 'In Use (Shared in Location) Deployed', 'WINCODE', '(NULL)', '(NULL)', 'STORE 08 CILEDUG 1', 'STORE 08 CILEDUG 1', '(NULL)', NULL, NULL, NULL),
	(296, 'C.F.19.20240528.0079', 'BROTHER SCANNER ADS3300W', '(NULL)', 'BROTHER PRINTER', 'In Use (Shared in Location) Deployed', 'BROTHER', '(NULL)', '(NULL)', 'HEAD OFFICE DUTA GARDEN', 'HEAD OFFICE DUTA GARDEN', '(NULL)', NULL, NULL, NULL),
	(297, 'C.F.19.20240701.0082', 'BROTHER DCP-T220', '(NULL)', 'BROTHER PRINTER', 'In Use (Shared in Location) Deployed', 'BROTHER', '(NULL)', '(NULL)', 'STORE 11 SEPATAN', 'STORE 11 SEPATAN', '(NULL)', NULL, NULL, NULL),
	(298, 'C.F.18.20240701.0083', 'WINCODE C342C', '(NULL)', 'WINCODE PRINTER', 'In Use (Shared in Location) Deployed', 'WINCODE', '(NULL)', '(NULL)', 'STORE 11 SEPATAN', 'STORE 11 SEPATAN', '(NULL)', NULL, NULL, NULL),
	(299, 'C.F.19.20240718.0084', 'BROTHER HL 2080 DW', '(NULL)', 'BROTHER PRINTER', 'In Use (Shared in Location) Deployed', 'BROTHER', '(NULL)', '(NULL)', 'WAREHOUSE JATAKE 1', 'WAREHOUSE JATAKE 1', '(NULL)', NULL, NULL, NULL),
	(300, 'C.F.19.20240718.0085', 'BROTHER HL 2080 DW', '(NULL)', 'BROTHER PRINTER', 'In Use (Shared in Location) Deployed', 'BROTHER', '(NULL)', '(NULL)', 'WAREHOUSE JATAKE 1', 'WAREHOUSE JATAKE 1', '(NULL)', NULL, NULL, NULL),
	(301, 'C.F.19.20240812.0086', 'BROTHER DCP-T220', '(NULL)', 'BROTHER PRINTER', 'In Use (Shared in Location) Deployed', 'BROTHER', '(NULL)', '(NULL)', 'STORE 13 CILEDUG INDAH', 'STORE 13 CILEDUG INDAH', '(NULL)', NULL, NULL, NULL),
	(302, 'C.F.19.20240812.0087', 'WINCODE C342C', '(NULL)', 'WINCODE PRINTER', 'In Use (Shared in Location) Deployed', 'WINCODE', '(NULL)', '(NULL)', 'STORE 13 CILEDUG INDAH', 'STORE 13 CILEDUG INDAH', '(NULL)', NULL, NULL, NULL),
	(303, 'C.F.19.20240813.0088', 'BROTHER DCP-T220', '(NULL)', 'BROTHER PRINTER', 'In Use (Shared in Location) Deployed', 'BROTHER', '(NULL)', '(NULL)', 'STORE 10 KELAPA DUA', 'STORE 10 KELAPA DUA', '(NULL)', NULL, NULL, NULL),
	(304, 'C.F.19.20240813.0089', 'WINCODE C342C', '(NULL)', 'WINCODE PRINTER', 'In Use (Shared in Location) Deployed', 'WINCODE', '(NULL)', '(NULL)', 'STORE 10 KELAPA DUA', 'STORE 10 KELAPA DUA', '(NULL)', NULL, NULL, NULL),
	(305, 'C.F.19.20241001.0090', 'BROTHER DCP-T220', '(NULL)', 'BROTHER PRINTER', 'In Use (Shared in Location) Deployed', 'BROTHER', '(NULL)', '(NULL)', 'STORE 12 PAMULANG', 'STORE 12 PAMULANG', '(NULL)', NULL, NULL, NULL),
	(306, 'C.F.18.20241001.0091', 'WINCODE C342C', '(NULL)', 'WINCODE PRINTER', 'In Use (Shared in Location) Deployed', 'WINCODE', '(NULL)', '(NULL)', 'STORE 12 PAMULANG', 'STORE 12 PAMULANG', '(NULL)', NULL, NULL, NULL),
	(307, 'C.F.18.20241009.0092', 'WINCODE C342C', '(NULL)', 'WINCODE PRINTER', 'In Use (Shared in Location) Deployed', 'WINCODE', '(NULL)', '(NULL)', 'WAREHOUSE JATAKE 1', 'WAREHOUSE JATAKE 1', '(NULL)', NULL, NULL, NULL),
	(308, 'C.F.19.20241022.0093', 'BROTHER DCP-T220', '(NULL)', 'BROTHER PRINTER', 'In Use (Shared in Location) Deployed', 'BROTHER', '(NULL)', '(NULL)', 'STORE 14 DASANA INDAH', 'STORE 14 DASANA INDAH', '(NULL)', NULL, NULL, NULL),
	(309, 'C.F.18.20241022.0094', 'WINCODE C342C', '(NULL)', 'WINCODE PRINTER', 'In Use (Shared in Location) Deployed', 'WINCODE', '(NULL)', '(NULL)', 'STORE 14 DASANA INDAH', 'STORE 14 DASANA INDAH', '(NULL)', NULL, NULL, NULL),
	(310, 'C.F.18.20241105.0095', 'BROTHER DCP-T220', '(NULL)', 'BROTHER PRINTER', 'In Use (Shared in Location) Deployed', 'BROTHER', '(NULL)', '(NULL)', 'STORE 01 PASAR LAMA', 'STORE 01 PASAR LAMA', '(NULL)', NULL, NULL, NULL),
	(311, 'C.F.18.20241112.0097', 'WINCODE C342C', '(NULL)', 'WINCODE PRINTER', 'In Use (Shared in Location) Deployed', 'WINCODE', '(NULL)', '(NULL)', 'WAREHOUSE JATAKE 1', 'WAREHOUSE JATAKE 1', '(NULL)', NULL, NULL, NULL),
	(312, 'C.F.18.20241112.0098', 'WINCODE C342C', '(NULL)', 'WINCODE PRINTER', 'In Use (Shared in Location) Deployed', 'WINCODE', '(NULL)', '(NULL)', 'WAREHOUSE JATAKE 1', 'WAREHOUSE JATAKE 1', '(NULL)', NULL, NULL, NULL),
	(313, 'C.F.14.20250124.0099', 'EPSON M1120', '(NULL)', 'EPSON PRINTER', 'In Use (Shared in Location) Deployed', 'EPSON', '(NULL)', '(NULL)', 'HEAD OFFICE DUTA GARDEN', 'HEAD OFFICE DUTA GARDEN', '(NULL)', NULL, NULL, NULL),
	(314, 'C.01.20191028.0001', 'XIAOMI REDMI NOTE 7', '(NULL)', 'SMARTPHONE', 'In Use (Shared in Location) Deployed', 'XIAOMI SMARTPHONE', '(NULL)', '(NULL)', 'HEAD OFFICE DUTA GARDEN', 'HEAD OFFICE DUTA GARDEN', '(NULL)', NULL, NULL, NULL),
	(315, 'C.01.20191028.0002', 'XIAOMI REDMI NOTE 7', '(NULL)', 'SMARTPHONE', 'In Use (Shared in Location) Deployed', 'XIAOMI SMARTPHONE', '(NULL)', '(NULL)', 'HEAD OFFICE DUTA GARDEN', 'HEAD OFFICE DUTA GARDEN', '(NULL)', NULL, NULL, NULL),
	(316, 'C.01.20191028.0003', 'XIAOMI REDMI', '(NULL)', 'SMARTPHONE', 'In Use (Shared in Location)', 'XIAOMI SMARTPHONE', '(NULL)', '(NULL)', '(NULL)', 'WAREHOUSE RAWABOKOR', '(NULL)', NULL, NULL, NULL),
	(317, 'F.A.01.20200309.0006', 'XIAOMI REDMI REDMI 9', '(NULL)', 'SMARTPHONE', 'In Use (Shared in Location) Deployed', 'XIAOMI SMARTPHONE', '(NULL)', '(NULL)', 'HEAD OFFICE DUTA GARDEN', 'HEAD OFFICE DUTA GARDEN', '(NULL)', NULL, NULL, NULL),
	(318, 'O.A.01.20201221.0008', 'C15', '(NULL)', 'SMARTPHONE', 'In Use (Shared in Location) Deployed', 'REALME SMARTPHONE', '(NULL)', '(NULL)', 'WAREHOUSE JATAKE 1', 'WAREHOUSE JATAKE 1', '(NULL)', NULL, NULL, NULL),
	(319, 'M.A.01.20211112.0009', 'XIAOMI MI 10T PRO', '(NULL)', 'SMARTPHONE', 'In Use (Shared in Location) Deployed', 'XIAOMI SMARTPHONE', '(NULL)', '(NULL)', 'STUDIO MARKETING PASAR LAMA', 'STUDIO MARKETING PASAR LAMA', '(NULL)', NULL, NULL, NULL),
	(320, 'H.A.01.20220706.0010', 'XIAOMI REDMI 10C', '(NULL)', 'SMARTPHONE', 'In Use (Shared in Location) Deployed', 'XIAOMI SMARTPHONE', '(NULL)', '(NULL)', 'HEAD OFFICE DUTA GARDEN', 'HEAD OFFICE DUTA GARDEN', '(NULL)', NULL, NULL, NULL),
	(321, 'M.A.01.20221201.0011', 'IPHONE 13 PRO MAX', '(NULL)', 'SMARTPHONE', 'In Use (Shared in Location) Deployed', 'APPLE SMARTPHONE', '(NULL)', '(NULL)', 'STUDIO MARKETING PASAR LAMA', 'STUDIO MARKETING PASAR LAMA', '(NULL)', NULL, NULL, NULL),
	(322, 'O.A.01.20221202.0012', 'NARZO 50A PRIME', '(NULL)', 'SMARTPHONE', 'In Use (Shared in Location) Deployed', 'REALME SMARTPHONE', '(NULL)', '(NULL)', 'WAREHOUSE JATAKE 1', 'WAREHOUSE JATAKE 1', '(NULL)', NULL, NULL, NULL),
	(323, 'O.A.01.20221202.0013', 'NARZO 50A PRIME', '(NULL)', 'SMARTPHONE', 'In Use (Shared in Location) Deployed', 'REALME SMARTPHONE', '(NULL)', '(NULL)', 'WAREHOUSE JATAKE 1', 'WAREHOUSE JATAKE 1', '(NULL)', NULL, NULL, NULL),
	(324, 'M.A.01.20230110.0014', 'IPHONE 13', '(NULL)', 'SMARTPHONE', 'In Use (Shared in Location) Deployed', 'APPLE SMARTPHONE', '(NULL)', '(NULL)', 'STUDIO MARKETING PASAR LAMA', 'STUDIO MARKETING PASAR LAMA', '(NULL)', NULL, NULL, NULL),
	(325, 'M.A.01.20230316.0015', 'IPHONE 13', '(NULL)', 'SMARTPHONE', 'In Use (Shared in Location) Deployed', 'APPLE SMARTPHONE', '(NULL)', '(NULL)', 'STUDIO MARKETING PASAR LAMA', 'STUDIO MARKETING PASAR LAMA', '(NULL)', NULL, NULL, NULL),
	(326, 'T.A.01.20230821.0016', 'SAMSUNG A14', '(NULL)', 'SMARTPHONE', 'In Use (Shared in Location) Deployed', 'SAMSUNG SMARTPHONE', '(NULL)', '(NULL)', 'STORE 01 PASAR LAMA', 'STORE 01 PASAR LAMA', '(NULL)', NULL, NULL, NULL),
	(327, 'O.A.01.20231106.0020', 'ITEL P40', '(NULL)', 'SMARTPHONE', 'In Use (Shared in Location) Deployed', 'ITEL SMARTPHONE', '(NULL)', '(NULL)', 'STORE 02 PORIS', 'STORE 02 PORIS', '(NULL)', NULL, NULL, NULL),
	(328, 'O.A.01.20231110.0021', 'ITEL', '(NULL)', 'SMARTPHONE', 'In Use (Shared in Location) Deployed', 'ITEL SMARTPHONE', '(NULL)', '(NULL)', 'WAREHOUSE RAWABOKOR', 'WAREHOUSE RAWABOKOR', '(NULL)', NULL, NULL, NULL),
	(329, 'O.A.01.20240116.0026', 'ITEL P40', '(NULL)', 'SMARTPHONE', 'In Use (Shared in Location) Deployed', 'ITEL SMARTPHONE', '(NULL)', '(NULL)', 'STORE 03 KALIDERES', 'STORE 03 KALIDERES', '(NULL)', NULL, NULL, NULL),
	(330, 'O.A.01.20240206.0027', 'ITEL P40', '(NULL)', 'SMARTPHONE', 'In Use (Shared in Location) Deployed', 'ITEL SMARTPHONE', '(NULL)', '(NULL)', 'STORE 04 BANJAR WIJAYA', 'STORE 04 BANJAR WIJAYA', '(NULL)', NULL, NULL, NULL),
	(331, 'O.A.01.20240220.0028', 'ITEL A70', '(NULL)', 'SMARTPHONE', 'In Use (Shared in Location) Deployed', 'ITEL SMARTPHONE', '(NULL)', '(NULL)', 'STORE 05 TALAGA BESTARI', 'STORE 05 TALAGA BESTARI', '(NULL)', NULL, NULL, NULL),
	(332, 'O.A.01.20240318.0029', 'ITEL A70', '(NULL)', 'SMARTPHONE', 'In Use (Shared in Location) Deployed', 'ITEL SMARTPHONE', '(NULL)', '(NULL)', 'STORE 06 KARAWACI 1', 'STORE 06 KARAWACI 1', '(NULL)', NULL, NULL, NULL),
	(333, 'O.A.01.20240422.0030', 'ITEL A70', '(NULL)', 'SMARTPHONE', 'In Use (Shared in Location) Deployed', 'ITEL SMARTPHONE', '(NULL)', '(NULL)', 'WAREHOUSE KS TUBUN', 'WAREHOUSE KS TUBUN', '(NULL)', NULL, NULL, NULL),
	(334, 'O.A.01.20240514.0032', 'ITEL A70', '(NULL)', 'SMARTPHONE', 'In Use (Shared in Location) Deployed', 'ITEL SMARTPHONE', '(NULL)', '(NULL)', 'STORE 07 KARAWACI 2', 'STORE 07 KARAWACI 2', '(NULL)', NULL, NULL, NULL),
	(335, 'O.A.01.20240521.0033', 'ITEL A70', '(NULL)', 'SMARTPHONE', 'In Use (Shared in Location) Deployed', 'ITEL SMARTPHONE', '(NULL)', '(NULL)', 'STORE 08 CILEDUG 1', 'STORE 08 CILEDUG 1', '(NULL)', NULL, NULL, NULL),
	(336, 'O.A.01.20240603.0034', 'ITEL A70', '(NULL)', 'SMARTPHONE', 'In Use (Shared in Location) Deployed', 'ITEL SMARTPHONE', '(NULL)', '(NULL)', 'WAREHOUSE KS TUBUN', 'WAREHOUSE KS TUBUN', '(NULL)', NULL, NULL, NULL),
	(337, 'O.A.01.202406011.0035', 'IPHONE 12 PRO', '(NULL)', 'SMARTPHONE', 'In Use (Shared in Location) Deployed', 'APPLE SMARTPHONE', '(NULL)', '(NULL)', 'STUDIO MARKETING PASAR LAMA', 'STUDIO MARKETING PASAR LAMA', '(NULL)', NULL, NULL, NULL),
	(338, 'O.A.01.20240625.0040', 'CASHCOW HC-YK927', '(NULL)', 'PDA PORTABLE', 'In Use (Shared in Location)', 'CASHCOW PDA PORTABLE', '(NULL)', '(NULL)', '(NULL)', 'WAREHOUSE JATAKE 1', '(NULL)', NULL, NULL, NULL),
	(339, 'O.A.01.20240625.0041', 'CASHCOW HC-YK927', '(NULL)', 'PDA PORTABLE', 'In Use (Shared in Location)', 'CASHCOW PDA PORTABLE', '(NULL)', '(NULL)', '(NULL)', 'WAREHOUSE JATAKE 1', '(NULL)', NULL, NULL, NULL),
	(340, 'O.A.01.20240718.0042', 'REALME C63', '(NULL)', 'SMARTPHONE', 'In Use (Shared in Location) Deployed', 'REALME SMARTPHONE', '(NULL)', '(NULL)', 'WAREHOUSE JATAKE 1', 'WAREHOUSE JATAKE 1', '(NULL)', NULL, NULL, NULL),
	(341, 'O.A.01.20240718.0043', 'REALME C63', '(NULL)', 'SMARTPHONE', 'In Use (Shared in Location) Deployed', 'REALME SMARTPHONE', '(NULL)', '(NULL)', 'WAREHOUSE JATAKE 1', 'WAREHOUSE JATAKE 1', '(NULL)', NULL, NULL, NULL),
	(342, 'O.A.01.20240718.0044', 'REALME C63', '(NULL)', 'SMARTPHONE', 'In Use (Shared in Location) Deployed', 'REALME SMARTPHONE', '(NULL)', '(NULL)', 'WAREHOUSE JATAKE 1', 'WAREHOUSE JATAKE 1', '(NULL)', NULL, NULL, NULL),
	(343, 'O.A.01.20240718.0045', 'REALME C63', '(NULL)', 'SMARTPHONE', 'In Use (Shared in Location) Deployed', 'REALME SMARTPHONE', '(NULL)', '(NULL)', 'WAREHOUSE JATAKE 1', 'WAREHOUSE JATAKE 1', '(NULL)', NULL, NULL, NULL),
	(344, 'O.A.01.20240718.0046', 'REALME C63', '(NULL)', 'SMARTPHONE', 'In Use (Shared in Location) Deployed', 'REALME SMARTPHONE', '(NULL)', '(NULL)', 'WAREHOUSE JATAKE 1', 'WAREHOUSE JATAKE 1', '(NULL)', NULL, NULL, NULL),
	(345, 'O.A.01.20240718.0047', 'REALME C63', '(NULL)', 'SMARTPHONE', 'In Use (Shared in Location) Deployed', 'REALME SMARTPHONE', '(NULL)', '(NULL)', 'WAREHOUSE JATAKE 1', 'WAREHOUSE JATAKE 1', '(NULL)', NULL, NULL, NULL),
	(346, 'O.A.01.20240718.0048', 'REALME C63', '(NULL)', 'SMARTPHONE', 'In Use (Shared in Location) Deployed', 'REALME SMARTPHONE', '(NULL)', '(NULL)', 'WAREHOUSE JATAKE 1', 'WAREHOUSE JATAKE 1', '(NULL)', NULL, NULL, NULL),
	(347, 'O.A.01.20240702.0050', 'ITEL A70', '(NULL)', 'SMARTPHONE', 'In Use (Shared in Location) Deployed', 'ITEL SMARTPHONE', '(NULL)', '(NULL)', 'STORE 11 SEPATAN', 'STORE 11 SEPATAN', '(NULL)', NULL, NULL, NULL),
	(348, 'O.A.01.20240813.0051', 'ITEL A70', '(NULL)', 'SMARTPHONE', 'In Use (Shared in Location) Deployed', 'ITEL SMARTPHONE', '(NULL)', '(NULL)', 'STORE 10 KELAPA DUA', 'STORE 10 KELAPA DUA', '(NULL)', NULL, NULL, NULL),
	(349, 'I.A.01.20240816.0052', 'ITEL RS4', '(NULL)', 'SMARTPHONE', 'In Use (Shared in Location) Deployed', 'ITEL SMARTPHONE', '(NULL)', '(NULL)', 'HEAD OFFICE DUTA GARDEN', 'HEAD OFFICE DUTA GARDEN', '(NULL)', NULL, NULL, NULL),
	(350, 'O.A.01.20240820.0053', 'ITEL A70', '(NULL)', 'SMARTPHONE', 'In Use (Shared in Location) Deployed', 'ITEL SMARTPHONE', '(NULL)', '(NULL)', 'STORE 13 CILEDUG INDAH', 'STORE 13 CILEDUG INDAH', '(NULL)', NULL, NULL, NULL),
	(351, 'O.A.01.20241022.0056', 'ITEL A70', '(NULL)', 'SMARTPHONE', 'In Use (Shared in Location) Deployed', 'ITEL SMARTPHONE', '(NULL)', '(NULL)', 'STORE 14 DASANA INDAH', 'STORE 14 DASANA INDAH', '(NULL)', NULL, NULL, NULL),
	(352, 'O.A.01.20240919.0058', 'ITEL A70', '(NULL)', 'SMARTPHONE', 'In Use (Shared in Location) Deployed', 'ITEL SMARTPHONE', '(NULL)', '(NULL)', 'STORE 12 PAMULANG', 'STORE 12 PAMULANG', '(NULL)', NULL, NULL, NULL),
	(353, 'AK.24.01.012', 'iMin Swan 1', '(NULL)', 'POS MACHINE', 'In Use (Shared in Location) Deployed', 'IMIN POS MACHINE', '(NULL)', '(NULL)', 'STORE 03 KALIDERES', 'STORE 03 KALIDERES', '(NULL)', NULL, NULL, NULL),
	(354, 'AK.24.01.013', 'iMin Swan 1', '(NULL)', 'POS MACHINE', 'In Use (Shared in Location) Deployed', 'IMIN POS MACHINE', '(NULL)', '(NULL)', 'STORE 03 KALIDERES', 'STORE 03 KALIDERES', '(NULL)', NULL, NULL, NULL),
	(355, 'AK.24.01.014', 'iMin Swan 1', '(NULL)', 'POS MACHINE', 'In Use (Shared in Location) Deployed', 'IMIN POS MACHINE', '(NULL)', '(NULL)', 'STORE 04 BANJAR WIJAYA', 'STORE 04 BANJAR WIJAYA', '(NULL)', NULL, NULL, NULL),
	(356, 'AK.24.01.015', 'iMin Swan 1', '(NULL)', 'POS MACHINE', 'In Use (Shared in Location) Deployed', 'IMIN POS MACHINE', '(NULL)', '(NULL)', 'STORE 04 BANJAR WIJAYA', 'STORE 04 BANJAR WIJAYA', '(NULL)', NULL, NULL, NULL),
	(357, 'AK.24.01.016', 'iMin Swan 1', '(NULL)', 'POS MACHINE', 'In Use (Shared in Location) Deployed', 'IMIN POS MACHINE', '(NULL)', '(NULL)', 'STORE 05 TALAGA BESTARI', 'STORE 05 TALAGA BESTARI', '(NULL)', NULL, NULL, NULL),
	(358, 'AK.24.01.017', 'iMin Swan 1', '(NULL)', 'POS MACHINE', 'In Use (Shared in Location) Deployed', 'IMIN POS MACHINE', '(NULL)', '(NULL)', 'STORE 05 TALAGA BESTARI', 'STORE 05 TALAGA BESTARI', '(NULL)', NULL, NULL, NULL),
	(359, 'AK.24.03.003', 'iMin Swan 1', '(NULL)', 'POS MACHINE', 'In Use (Shared in Location) Deployed', 'IMIN POS MACHINE', '(NULL)', '(NULL)', 'STORE 06 KARAWACI 1', 'STORE 06 KARAWACI 1', '(NULL)', NULL, NULL, NULL),
	(360, 'AK.24.03.004', 'iMin Swan 1', '(NULL)', 'POS MACHINE', 'In Use (Shared in Location) Deployed', 'IMIN POS MACHINE', '(NULL)', '(NULL)', 'STORE 06 KARAWACI 1', 'STORE 06 KARAWACI 1', '(NULL)', NULL, NULL, NULL),
	(361, 'AK.24.05.012', 'iMin Swan 1', '(NULL)', 'POS MACHINE', 'In Use (Shared in Location) Deployed', 'IMIN POS MACHINE', '(NULL)', '(NULL)', 'STORE 07 KARAWACI 2', 'STORE 07 KARAWACI 2', '(NULL)', NULL, NULL, NULL),
	(362, 'AK.24.05.013', 'iMin Swan 1', '(NULL)', 'POS MACHINE', 'In Use (Shared in Location) Deployed', 'IMIN POS MACHINE', '(NULL)', '(NULL)', 'STORE 07 KARAWACI 2', 'STORE 07 KARAWACI 2', '(NULL)', NULL, NULL, NULL),
	(363, 'AK.24.05.014', 'iMin Swan 1', '(NULL)', 'POS MACHINE', 'In Use (Shared in Location) Deployed', 'IMIN POS MACHINE', '(NULL)', '(NULL)', 'STORE 08 CILEDUG 1', 'STORE 08 CILEDUG 1', '(NULL)', NULL, NULL, NULL),
	(364, 'AK.24.05.015', 'iMin Swan 1', '(NULL)', 'POS MACHINE', 'In Use (Shared in Location) Deployed', 'IMIN POS MACHINE', '(NULL)', '(NULL)', 'STORE 08 CILEDUG 1', 'STORE 08 CILEDUG 1', '(NULL)', NULL, NULL, NULL),
	(365, 'AK.24.07.003', 'iMin Swan 1', '(NULL)', 'POS MACHINE', 'In Use (Shared in Location) Deployed', 'IMIN POS MACHINE', '(NULL)', '(NULL)', 'STORE 10 KELAPA DUA', 'STORE 10 KELAPA DUA', '(NULL)', NULL, NULL, NULL),
	(366, 'AK.24.07.004', 'iMin Swan 1', '(NULL)', 'POS MACHINE', 'In Use (Shared in Location) Deployed', 'IMIN POS MACHINE', '(NULL)', '(NULL)', 'STORE 10 KELAPA DUA', 'STORE 10 KELAPA DUA', '(NULL)', NULL, NULL, NULL),
	(367, 'AK.24.08.004', 'iMin Swan 1', '(NULL)', 'POS MACHINE', 'In Use (Shared in Location) Deployed', 'IMIN POS MACHINE', '(NULL)', '(NULL)', 'STORE 11 SEPATAN', 'STORE 11 SEPATAN', '(NULL)', NULL, NULL, NULL),
	(368, 'AK.24.08.005', 'iMin Swan 1', '(NULL)', 'POS MACHINE', 'In Use (Shared in Location) Deployed', 'IMIN POS MACHINE', '(NULL)', '(NULL)', 'STORE 11 SEPATAN', 'STORE 11 SEPATAN', '(NULL)', NULL, NULL, NULL),
	(369, 'AK.24.08.008', 'iMin Swan 1', '(NULL)', 'POS MACHINE', 'In Use (Shared in Location) Deployed', 'IMIN POS MACHINE', '(NULL)', '(NULL)', 'STORE 12 PAMULANG', 'STORE 12 PAMULANG', '(NULL)', NULL, NULL, NULL),
	(370, 'AK.24.08.009', 'iMin Swan 1', '(NULL)', 'POS MACHINE', 'In Use (Shared in Location) Deployed', 'IMIN POS MACHINE', '(NULL)', '(NULL)', 'STORE 12 PAMULANG', 'STORE 12 PAMULANG', '(NULL)', NULL, NULL, NULL),
	(371, 'AK.24.10.002', 'iMin Swan 1', '(NULL)', 'POS MACHINE', 'In Use (Shared in Location) Deployed', 'IMIN POS MACHINE', '(NULL)', '(NULL)', 'STORE 13 CILEDUG INDAH', 'STORE 13 CILEDUG INDAH', '(NULL)', NULL, NULL, NULL),
	(372, 'AK.24.10.003', 'iMin Swan 1', '(NULL)', 'POS MACHINE', 'In Use (Shared in Location) Deployed', 'IMIN POS MACHINE', '(NULL)', '(NULL)', 'STORE 13 CILEDUG INDAH', 'STORE 13 CILEDUG INDAH', '(NULL)', NULL, NULL, NULL),
	(373, 'AK.24.10.019', 'iMin Swan 1', '(NULL)', 'POS MACHINE', 'In Use (Shared in Location) Deployed', 'IMIN POS MACHINE', '(NULL)', '(NULL)', 'STORE 14 DASANA INDAH', 'STORE 14 DASANA INDAH', '(NULL)', NULL, NULL, NULL),
	(374, 'AK.24.10.020', 'iMin Swan 1', '(NULL)', 'POS MACHINE', 'In Use (Shared in Location) Deployed', 'IMIN POS MACHINE', '(NULL)', '(NULL)', 'STORE 14 DASANA INDAH', 'STORE 14 DASANA INDAH', '(NULL)', NULL, NULL, NULL),
	(375, 'C.S.01.20230801.001', 'iMin Swan 1', '(NULL)', 'POS MACHINE', 'In Use (Shared in Location) Deployed', 'IMIN POS MACHINE', '(NULL)', '(NULL)', 'STORE 01 PASAR LAMA', 'STORE 01 PASAR LAMA', '(NULL)', NULL, NULL, NULL),
	(376, 'C.S.01.20230821.002', 'iMin Swan 1', '(NULL)', 'POS MACHINE', 'In Use (Shared in Location) Deployed', 'IMIN POS MACHINE', '(NULL)', '(NULL)', 'STORE 01 PASAR LAMA', 'STORE 01 PASAR LAMA', '(NULL)', NULL, NULL, NULL),
	(377, 'C.S.01.20231006.003', 'iMin Swan 1', '(NULL)', 'POS MACHINE', 'In Use (Shared in Location) Deployed', 'IMIN POS MACHINE', '(NULL)', '(NULL)', 'STORE 02 PORIS', 'STORE 02 PORIS', '(NULL)', NULL, NULL, NULL),
	(378, 'C.S.01.20231006.004', 'iMin Swan 1', '(NULL)', 'POS MACHINE', 'In Use (Shared in Location) Deployed', 'IMIN POS MACHINE', '(NULL)', '(NULL)', 'STORE 02 PORIS', 'STORE 02 PORIS', '(NULL)', NULL, NULL, NULL),
	(379, 'C.G.03.20230509.0018', 'LENOVO 24\'', '(NULL)', 'MONITOR', 'In Use (Shared in Location) Deployed', 'LENOVO MONITOR', '(NULL)', '(NULL)', 'HEAD OFFICE DUTA GARDEN', 'HEAD OFFICE DUTA GARDEN', '(NULL)', NULL, NULL, NULL),
	(380, 'CG.04.00000000.0000', 'BENQ 19\'', '(NULL)', 'MONITOR', 'In Use (Shared in Location) Deployed', 'BENQ MONITOR', '(NULL)', '(NULL)', 'WAREHOUSE RAWABOKOR', 'WAREHOUSE RAWABOKOR', '(NULL)', NULL, NULL, NULL),
	(381, 'C.G.04.20230731.0020', 'AOC MONITROR 24\'', '(NULL)', 'MONITOR', 'In Use (Shared in Location) Deployed', 'AOC MONITOR', '(NULL)', '(NULL)', 'WAREHOUSE JATAKE 1', 'WAREHOUSE JATAKE 1', '(NULL)', NULL, NULL, NULL),
	(382, 'C.G.03.20230731.0021', 'LENOVO 24\'', '(NULL)', 'MONITOR', 'In Use (Shared in Location) Deployed', 'LENOVO MONITOR', '(NULL)', '(NULL)', 'STORE 01 PASAR LAMA', 'STORE 01 PASAR LAMA', '(NULL)', NULL, NULL, NULL),
	(383, 'C.G.03.20231013.0022', 'LG 21,45IN', '(NULL)', 'MONITOR', 'In Use (Shared in Location) Deployed', 'LG MONITOR', '(NULL)', '(NULL)', 'WAREHOUSE RAWABOKOR', 'WAREHOUSE RAWABOKOR', '(NULL)', NULL, NULL, NULL),
	(384, 'C.G.15.20231026.0024', 'SAMSUNG LED LS24R350 24IN', '(NULL)', 'MONITOR', 'In Use (Shared in Location) Deployed', 'SAMSUNG MONITOR', '(NULL)', '(NULL)', 'WAREHOUSE KS TUBUN', 'WAREHOUSE KS TUBUN', '(NULL)', NULL, NULL, NULL),
	(385, 'C.G.15.20231026.0025', 'SAMSUNG LED LS24R350 24IN', '(NULL)', 'MONITOR', 'In Use (Shared in Location) Deployed', 'SAMSUNG MONITOR', '(NULL)', '(NULL)', 'STORE 02 PORIS', 'STORE 02 PORIS', '(NULL)', NULL, NULL, NULL),
	(386, 'C.G.07.20240126.0030', 'ACER LED EK221Q', '(NULL)', 'MONITOR', 'In Use (Shared in Location) Deployed', 'ACER MONITOR', '(NULL)', '(NULL)', 'STORE 03 KALIDERES', 'STORE 03 MENCENG', '(NULL)', NULL, NULL, NULL),
	(387, 'C.G.15.20240126.0031', 'SAMSUNG S24R350 LED', '(NULL)', 'MONITOR', 'In Use (Shared in Location) Deployed', 'SAMSUNG MONITOR', '(NULL)', '(NULL)', 'STORE 03 KALIDERES', 'STORE 03 MENCENG', '(NULL)', NULL, NULL, NULL),
	(388, 'C.G.01.20240207.0033', 'SAMSUNG S24R350 LED', '(NULL)', 'MONITOR', 'In Use (Shared in Location) Deployed', 'SAMSUNG MONITOR', '(NULL)', '(NULL)', 'STORE 04 BANJAR WIJAYA', 'STORE 04 BANJAR WIJAYA', '(NULL)', NULL, NULL, NULL),
	(389, 'C.G.01.20240221.0034', 'SAMSUNG S24R350 LED', '(NULL)', 'MONITOR', 'In Use (Shared in Location) Deployed', 'SAMSUNG MONITOR', '(NULL)', '(NULL)', 'STORE 06 KARAWACI 1', 'STORE 06 KARAWACI 1', '(NULL)', NULL, NULL, NULL),
	(390, 'C.G.15.20240319.0036', 'SAMSUNG S24R350 LED', '(NULL)', 'MONITOR', 'In Use (Shared in Location) Deployed', 'SAMSUNG MONITOR', '(NULL)', '(NULL)', 'STORE 05 TALAGA BESTARI', 'STORE 05 TALAGA BESTARI', '(NULL)', NULL, NULL, NULL),
	(391, 'C.G.15.20240515.0037', 'SAMSUNG S24R350 LED', '(NULL)', 'MONITOR', 'In Use (Shared in Location) Deployed', 'SAMSUNG MONITOR', '(NULL)', '(NULL)', 'STORE 08 CILEDUG 1', 'STORE 08 CILEDUG', '(NULL)', NULL, NULL, NULL),
	(392, 'C.G.15.20240515.0038', 'SAMSUNG S24R350 LED', '(NULL)', 'MONITOR', 'In Use (Shared in Location) Deployed', 'SAMSUNG MONITOR', '(NULL)', '(NULL)', 'STORE 07 KARAWACI 2', 'STORE 07 KARAWACI 2', '(NULL)', NULL, NULL, NULL),
	(393, 'C.G.15.20240603.0039', 'ACER EK221QE3 22IN', '(NULL)', 'MONITOR', 'In Use (Shared in Location) Deployed', 'ACER MONITOR', '(NULL)', '(NULL)', 'WAREHOUSE JATAKE 2', 'WAREHOUSE JATAKE 2', '(NULL)', NULL, NULL, NULL),
	(394, 'C.G.15.20240614.0040', 'SAMSUNG S24R350 LED', '(NULL)', 'MONITOR', 'In Use (Shared in Location) Deployed', 'SAMSUNG MONITOR', '(NULL)', '(NULL)', 'WAREHOUSE JATAKE 1', 'WAREHOUSE JATAKE 1', '(NULL)', NULL, NULL, NULL),
	(395, 'C.G.15.20240705.0041', 'SAMSUNG S24C330 LED 24I', '(NULL)', 'MONITOR', 'In Use (Shared in Location) Deployed', 'SAMSUNG MONITOR', '(NULL)', '(NULL)', 'STORE 11 SEPATAN', 'STORE 11 SEPATAN', '(NULL)', NULL, NULL, NULL),
	(396, 'C.G.07.20240729.0042', 'ACER EK221QE3 22IN', '(NULL)', 'MONITOR', 'In Use (Shared in Location) Deployed', 'ACER MONITOR', '(NULL)', '(NULL)', 'WAREHOUSE JATAKE 1', 'WAREHOUSE JATAKE 1', '(NULL)', NULL, NULL, NULL),
	(397, 'C.G.15.20240812.0043', 'SAMSUNG S24C330 LED 24IN', '(NULL)', 'MONITOR', 'In Use (Shared in Location) Deployed', 'SAMSUNG MONITOR', '(NULL)', '(NULL)', 'STORE 13 CILEDUG INDAH', 'STORE 13 CILEDUG INDAH', '(NULL)', NULL, NULL, NULL),
	(398, 'C.G.15.20240812.0044', 'SAMSUNG S24C330 LED 24IN', '(NULL)', 'MONITOR', 'In Use (Shared in Location) Deployed', 'SAMSUNG MONITOR', '(NULL)', '(NULL)', 'STORE 10 KELAPA DUA', 'STORE 10 KELAPA DUA', '(NULL)', NULL, NULL, NULL),
	(399, 'C.G.15.20241105.0045', 'SAMSUNG 24\' ESSENTIAL S3 S33GC IPS 100HZ', '(NULL)', 'MONITOR', 'In Use (Shared in Location) Deployed', 'SAMSUNG MONITOR', '(NULL)', '(NULL)', 'WAREHOUSE JATAKE 1', 'WAREHOUSE JATAKE 1', '(NULL)', NULL, NULL, NULL),
	(400, 'C.G.15.20240919.0046', 'SAMSUNG 24\' ESSENTIAL S3 S33GC IPS 100HZ', '(NULL)', 'MONITOR', 'In Use (Shared in Location) Deployed', 'SAMSUNG MONITOR', '(NULL)', '(NULL)', 'STORE 14 DASANA INDAH', 'STORE 14 DASANA INDAH', '(NULL)', NULL, NULL, NULL),
	(401, 'C.G.15.20240919.0047', 'SAMSUNG 24\' ESSENTIAL S3 S33GC IPS 100HZ', '(NULL)', 'MONITOR', 'In Use (Shared in Location) Deployed', 'SAMSUNG MONITOR', '(NULL)', '(NULL)', 'STORE 12 PAMULANG', 'STORE 12 PAMULANG', '(NULL)', NULL, NULL, NULL),
	(402, 'C.I.02.20240315.0005', 'BX2200MI-MS', '(NULL)', 'UPS', 'In Use (Shared in Location) Deployed', 'APC', '(NULL)', '(NULL)', 'HEAD OFFICE DUTA GARDEN', 'HEAD OFFICE DUTA GARDEN', '(NULL)', NULL, NULL, NULL),
	(403, 'C.I.02.20240315.0006', 'BV1000IMS', '(NULL)', 'UPS', 'In Use (Shared in Location) Deployed', 'APC', '(NULL)', '(NULL)', 'STUDIO MARKETING PASAR LAMA', 'STUDIO MARKETING PASAR LAMA', '(NULL)', NULL, NULL, NULL),
	(404, 'C.I.02.20240517.0007', 'BVX700LUI-MS', '(NULL)', 'UPS', 'In Use (Shared in Location) Deployed', 'APC', '(NULL)', '(NULL)', 'STORE 03 KALIDERES', 'STORE 03 KALIDERES', '(NULL)', NULL, NULL, NULL),
	(405, 'C.I.02.20240516.0008', 'BX2200MI-MS', '(NULL)', 'UPS', 'In Use (Shared in Location) Deployed', 'APC', '(NULL)', '(NULL)', 'WAREHOUSE JATAKE 1', 'WAREHOUSE JATAKE 1', '(NULL)', NULL, NULL, NULL),
	(406, 'C.I.02.20240618.0009', 'BVX700LUI-MS', '(NULL)', 'UPS', 'In Use (Shared in Location) Deployed', 'APC', '(NULL)', '(NULL)', 'STORE 03 KALIDERES', 'STORE 03 KALIDERES', '(NULL)', NULL, NULL, NULL),
	(407, 'C.B.03.20180721.0002', 'PC RAKITAN INTEL I5 GEN 8', '(NULL)', 'PC', 'In Use (Shared in Location) Deployed', 'RAKITAN PC', '(NULL)', '(NULL)', 'HEAD OFFICE DUTA GARDEN', 'HEAD OFFICE DUTA GARDEN', '(NULL)', NULL, NULL, NULL),
	(408, 'C.B.05.20210713.0010', 'PC RAKITAN RYZEN 5 3400G', '(NULL)', 'PC', 'In Use (Shared in Location) Deployed', 'RAKITAN PC', '(NULL)', '(NULL)', 'WAREHOUSE JATAKE 1', 'WAREHOUSE JATAKE 1', '(NULL)', NULL, NULL, NULL),
	(409, 'C.B.02.20210917.0011', 'PC RAKITAN INTEL I3 10100F', '(NULL)', 'PC', 'In Use (Shared in Location) Deployed', 'RAKITAN PC', '(NULL)', '(NULL)', 'WAREHOUSE JATAKE 1', 'WAREHOUSE JATAKE 1', '(NULL)', NULL, NULL, NULL),
	(410, 'C.B.03.20220110.0012', 'PC RAKITAN INTEL I5 GEN 11', '(NULL)', 'PC', 'In Use (Shared in Location) Deployed', 'RAKITAN PC', '(NULL)', '(NULL)', 'WAREHOUSE JATAKE 1', 'WAREHOUSE JATAKE 1', '(NULL)', NULL, NULL, NULL),
	(411, 'C.B.03.20220110.0013', 'PC RAKITAN INTEL I5 GEN 11', '(NULL)', 'PC', 'In Use (Shared in Location) Deployed', 'RAKITAN PC', '(NULL)', '(NULL)', 'WAREHOUSE JATAKE 1', 'WAREHOUSE JATAKE 1', '(NULL)', NULL, NULL, NULL),
	(412, 'C.B.02.20220513.0014', 'PC RAKITAN INTEL I3 10105 GEN 10', '(NULL)', 'PC', 'In Use (Shared in Location) Deployed', 'RAKITAN PC', '(NULL)', '(NULL)', 'WAREHOUSE RAWABOKOR', 'WAREHOUSE RAWABOKOR', '(NULL)', NULL, NULL, NULL),
	(413, 'C.B.03.20231013.0015', 'PC RAKITAN INTEL I5 GEN 10 + MONITOR 22\'', '(NULL)', 'PC', 'In Use (Shared in Location) Deployed', 'RAKITAN PC', '(NULL)', '(NULL)', 'WAREHOUSE RAWABOKOR', 'WAREHOUSE RAWABOKOR', '(NULL)', NULL, NULL, NULL),
	(414, 'C.B.03.202323.0016', 'PC RAKITAN INTEL CORE I5 12400', '(NULL)', 'PC', 'In Use (Shared in Location) Deployed', 'RAKITAN PC', '(NULL)', '(NULL)', 'WAREHOUSE KS TUBUN', 'WAREHOUSE KS TUBUN', '(NULL)', NULL, NULL, NULL),
	(415, 'C.B.03.20240603.0017', 'MSI CUBE 5 CORE I3 GEN 12', '(NULL)', 'PC', 'In Use (Shared in Location) Deployed', 'RAKITAN PC', '(NULL)', '(NULL)', 'WAREHOUSE KS TUBUN', 'WAREHOUSE KS TUBUN', '(NULL)', NULL, NULL, NULL),
	(416, 'C.B.03.20240729.0018', 'MSI CUBE 5 CORE I3 GEN 12', '(NULL)', 'PC', 'In Use (Shared in Location) Deployed', 'RAKITAN PC', '(NULL)', '(NULL)', 'WAREHOUSE JATAKE 1', 'WAREHOUSE JATAKE 1', '(NULL)', NULL, NULL, NULL),
	(417, 'C.B.03.20241025.019', 'PC RAKITAN INTEL I5 GEN 8', '(NULL)', 'PC', 'In Use (Shared in Location) Deployed', 'RAKITAN PC', '(NULL)', '(NULL)', 'WAREHOUSE KS TUBUN', 'WAREHOUSE KS TUBUN', '(NULL)', NULL, NULL, NULL),
	(418, 'C.B.03.20241112.020', 'MSI CUBE 5 INTEL CORE I51 235U + MONITOR 22\'', '(NULL)', 'PC', 'In Use (Shared in Location) Deployed', 'MSI PC', '(NULL)', '(NULL)', 'WAREHOUSE JATAKE 1', 'WAREHOUSE JATAKE 1', '(NULL)', NULL, NULL, NULL),
	(419, 'C.B.03.20241112.021', 'MSI CUBE 5 INTEL CORE I51 235U + MONITOR 22\'', '(NULL)', 'PC', 'In Use (Shared in Location) Deployed', 'MSI PC', '(NULL)', '(NULL)', 'WAREHOUSE JATAKE 2', 'WAREHOUSE JATAKE 2', '(NULL)', NULL, NULL, NULL),
	(420, 'C.B.03.20241112.022', 'PC RAKITAN INTEL CORE I5 12400 + MONITOR 22\'', '(NULL)', 'PC', 'In Use (Shared in Location) Deployed', 'RAKITAN PC', '(NULL)', '(NULL)', 'WAREHOUSE KS TUBUN', 'WAREHOUSE KS TUBUN', '(NULL)', NULL, NULL, NULL),
	(421, 'C.B.03.20250307.023', 'PC RAKITAN INTEL I9 12900K', '(NULL)', 'PC', 'In Use (Shared in Location) Deployed', 'RAKITAN PC', '(NULL)', '(NULL)', 'HEAD OFFICE DUTA GARDEN', 'HEAD OFFICE DUTA GARDEN', '(NULL)', NULL, NULL, NULL),
	(422, 'C.Q.1.20200323.001', 'UBIQUITI TS-8-PRO TOUGH', '(NULL)', 'ROUTER/SWITCH', 'In Use (Shared in Location) Deployed', 'ROUTER/SWITCH UBIQUITI', '(NULL)', '(NULL)', 'WAREHOUSE KS TUBUN', 'WAREHOUSE KS TUBUN', '(NULL)', NULL, NULL, NULL),
	(423, 'C.L.02.20230126.0019', 'UBIQUITI USW Lite', '(NULL)', 'ROUTER/SWITCH', 'In Use (Shared in Location) Deployed', 'ROUTER/SWITCH UBIQUITI', '(NULL)', '(NULL)', 'WAREHOUSE KS TUBUN', 'WAREHOUSE KS TUBUN', '(NULL)', NULL, NULL, NULL),
	(424, 'C.L.06.20231212.0044', 'MIKROTIK RB 450 GX4', '(NULL)', 'ROUTER/SWITCH', 'In Use (Shared in Location) Deployed', 'ROUTER/SWITCH MIKROTIK', '(NULL)', '(NULL)', 'WAREHOUSE KS TUBUN', 'WAREHOUSE KS TUBUN', '(NULL)', NULL, NULL, NULL),
	(425, 'C.N.07.20240118.0050', 'RUJIE RG-EG105GW', '(NULL)', 'ROUTER/SWITCH', 'In Use (Shared in Location) Deployed', 'ROUTER/SWITCH RUJIE', '(NULL)', '(NULL)', 'STORE 03 KALIDERES', 'STORE 03 KALIDERES', '(NULL)', NULL, NULL, NULL),
	(426, 'C.N.07.20240206.0052', 'RUJIE RG-EG105GW', '(NULL)', 'ROUTER/SWITCH', 'In Use (Shared in Location) Deployed', 'ROUTER/SWITCH RUJIE', '(NULL)', '(NULL)', 'STORE 05 TALAGA BESTARI', 'STORE 05 TALAGA BESTARI', '(NULL)', NULL, NULL, NULL),
	(427, 'C.N.07.20240221.0055', 'RUIJIE RG-EG105GW', '(NULL)', 'ROUTER/SWITCH', 'In Use (Shared in Location) Deployed', 'ROUTER/SWITCH RUJIE', '(NULL)', '(NULL)', 'STORE 04 BANJAR WIJAYA', 'STORE 04 BANJAR WIJAYA', '(NULL)', NULL, NULL, NULL),
	(428, 'C.N.07.20240827.0076', 'RUIJIE RG-ES218GC-P', '(NULL)', 'ROUTER/SWITCH', 'In Use (Shared in Location) Deployed', 'ROUTER/SWITCH RUJIE', '(NULL)', '(NULL)', 'HEAD OFFICE DUTA GARDEN', 'HEAD OFFICE DUTA GARDEN', '(NULL)', NULL, NULL, NULL),
	(429, 'C.N.01.20250113.0100', 'TP LINK TL-48 PORT', '(NULL)', 'ROUTER/SWITCH', 'In Use (Shared in Location) Deployed', 'ROUTER/SWITCH TP-LINK', '(NULL)', '(NULL)', 'WAREHOUSE JATAKE 1', 'WAREHOUSE JATAKE 1', '(NULL)', NULL, NULL, NULL),
	(430, 'C.N.01.20250113.0101', 'MIKROTIK CSS326-24G-2S+RM-24 PORT', '(NULL)', 'ROUTER/SWITCH', 'In Use (Shared in Location) Deployed', 'ROUTER/SWITCH MIKROTIK', '(NULL)', '(NULL)', 'HEAD OFFICE DUTA GARDEN', 'HEAD OFFICE DUTA GARDEN', '(NULL)', NULL, NULL, NULL),
	(431, 'C.N.06.20250113.0102', 'MIKROTIK RB 1100 AHX4', '(NULL)', 'ROUTER/SWITCH', 'In Use (Shared in Location) Deployed', 'ROUTER/SWITCH MIKROTIK', '(NULL)', '(NULL)', 'HEAD OFFICE DUTA GARDEN', 'HEAD OFFICE DUTA GARDEN', '(NULL)', NULL, NULL, NULL),
	(432, 'C.N.07.20250113.0103', 'RUIJIE RG-ES224GC', '(NULL)', 'ROUTER/SWITCH', 'In Use (Shared in Location) Deployed', 'ROUTER/SWITCH RUJIE', '(NULL)', '(NULL)', 'HEAD OFFICE DUTA GARDEN', 'HEAD OFFICE DUTA GARDEN', '(NULL)', NULL, NULL, NULL),
	(433, 'C.O.01.20221130.0017', 'IDS-7208HQHI-MI/E 8CH', '(NULL)', 'DVR', 'In Use (Shared in Location) Deployed', 'DVR HIKVISION', '(NULL)', '(NULL)', 'STUDIO MARKETING PASAR LAMA', 'STUDIO MARKETING PASAR LAMA', '(NULL)', NULL, NULL, NULL),
	(434, 'C.O.01.20230831.0018', 'IDS-7216HUHI-M2/S 16CH', '(NULL)', 'DVR', 'In Use (Shared in Location) Deployed', 'DVR HIKVISION', '(NULL)', '(NULL)', 'STORE 01 PASAR LAMA', 'STORE 01 PASAR LAMA', '(NULL)', NULL, NULL, NULL),
	(435, 'C.N.01.20231012.0031', 'IDS-7232HQHI-M2/S 32CH', '(NULL)', 'DVR', 'In Use (Shared in Location) Deployed', 'DVR HIKVISION', '(NULL)', '(NULL)', 'WAREHOUSE RAWABOKOR', 'WAREHOUSE RAWABOKOR', '(NULL)', NULL, NULL, NULL),
	(436, 'C.N.01.20231018.0033', 'IDS-7232HQHI-M2/S 32CH', '(NULL)', 'DVR', 'In Use (Shared in Location) Deployed', 'DVR HIKVISION', '(NULL)', '(NULL)', 'STORE 02 PORIS', 'STORE 02 PORIS', '(NULL)', NULL, NULL, NULL),
	(437, 'C.N.03.20240120.0046', 'IDS-7208HQHI-MI/E 8CH', '(NULL)', 'DVR', 'In Use (Shared in Location) Deployed', 'DVR HIKVISION', '(NULL)', '(NULL)', 'STORE 03 KALIDERES', 'STORE 03 KALIDERES', '(NULL)', NULL, NULL, NULL),
	(438, 'C.N.01.20240120.0049', 'IDS-7216HQHI-MI/E 16CH', '(NULL)', 'DVR', 'In Use (Shared in Location) Deployed', 'DVR HIKVISION', '(NULL)', '(NULL)', 'STORE 04 BANJAR WIJAYA', 'STORE 04 BANJAR WIJAYA', '(NULL)', NULL, NULL, NULL),
	(439, 'C.N.03.20240220.0054', 'IDS-7232HQHI-M2/S 32CH', '(NULL)', 'DVR', 'In Use (Shared in Location) Deployed', 'DVR HIKVISION', '(NULL)', '(NULL)', 'STORE 06 KARAWACI 1', 'STORE 06 KARAWACI 1', '(NULL)', NULL, NULL, NULL),
	(440, 'C.N.01.20240314.0057', 'IDS-7216HQHI-MI/E 16CH', '(NULL)', 'DVR', 'In Use (Shared in Location) Deployed', 'DVR HIKVISION', '(NULL)', '(NULL)', 'STORE 05 TALAGA BESTARI', 'STORE 05 TALAGA BESTARI', '(NULL)', NULL, NULL, NULL),
	(441, 'C.N.03.20240513.0060', 'IDS-7232HQHI-M2/S 32CH', '(NULL)', 'DVR', 'In Use (Shared in Location) Deployed', 'DVR HIKVISION', '(NULL)', '(NULL)', 'STORE 08 CILEDUG 1', 'STORE 08 CILEDUG 1', '(NULL)', NULL, NULL, NULL),
	(442, 'C.N.03.20240516.0062', 'IDS-7232HQHI-M2/S 32CH', '(NULL)', 'DVR', 'In Use (Shared in Location) Deployed', 'DVR HIKVISION', '(NULL)', '(NULL)', 'STORE 07 KARAWACI 2', 'STORE 07 KARAWACI 2', '(NULL)', NULL, NULL, NULL),
	(443, 'C.N.02.20240629.0068', 'IDS-7232HQHI-M2/S 32CH', '(NULL)', 'DVR', 'In Use (Shared in Location) Deployed', 'DVR HIKVISION', '(NULL)', '(NULL)', 'STORE 11 SEPATAN', 'STORE 11 SEPATAN', '(NULL)', NULL, NULL, NULL),
	(444, 'C.N.03.20240819.0073', 'IDS-7232HQHI-M2/S 32CH', '(NULL)', 'DVR', 'In Use (Shared in Location) Deployed', 'DVR HIKVISION', '(NULL)', '(NULL)', 'STORE 10 KELAPA DUA', 'STORE 10 KELAPA DUA', '(NULL)', NULL, NULL, NULL),
	(445, 'C.N.03.20240909.0081', 'IDS-7216HQHI-M1/E 16CH', '(NULL)', 'DVR', 'In Use (Shared in Location) Deployed', 'DVR HIKVISION', '(NULL)', '(NULL)', 'STORE 03 KALIDERES', 'STORE 03 KALIDERES', '(NULL)', NULL, NULL, NULL),
	(446, 'C.N.03.20240909.0083', 'IDS-7232HQHI-M2/S 32CH', '(NULL)', 'DVR', 'In Use (Shared in Location) Deployed', 'DVR HIKVISION', '(NULL)', '(NULL)', 'STORE 13 CILEDUG INDAH', 'STORE 13 CILEDUG INDAH', '(NULL)', NULL, NULL, NULL),
	(447, 'C.N.03.20241008.0087', 'IDS-7216HQHI-M1/E 16CH', '(NULL)', 'DVR', 'In Use (Shared in Location) Deployed', 'DVR HIKVISION', '(NULL)', '(NULL)', 'STORE 12 PAMULANG', 'STORE 12 PAMULANG', '(NULL)', NULL, NULL, NULL),
	(448, 'C.N.03.20241011.0089', 'IDS-7216HQHI-M1/E 16CH', '(NULL)', 'DVR', 'In Use (Shared in Location) Deployed', 'DVR HIKVISION', '(NULL)', '(NULL)', 'STORE 14 DASANA INDAH', 'STORE 14 DASANA INDAH', '(NULL)', NULL, NULL, NULL),
	(449, 'C.N.03.20241011.0091', 'IDS-7232HQHI-M2/S 32CH', '(NULL)', 'DVR', 'In Use (Shared in Location) Deployed', 'DVR HIKVISION', '(NULL)', '(NULL)', 'WAREHOUSE KS TUBUN', 'WAREHOUSE KS TUBUN', '(NULL)', NULL, NULL, NULL),
	(450, 'C.N.03.20250110.0096', 'IDS-7232HQHI-M2/S 32CH', '(NULL)', 'DVR', 'In Use (Shared in Location) Deployed', 'DVR HIKVISION', '(NULL)', '(NULL)', 'HEAD OFFICE DUTA GARDEN', 'HEAD OFFICE DUTA GARDEN', '(NULL)', NULL, NULL, NULL),
	(451, 'C.N.03.20250110.0097', 'IDS-7208HQHI-M1/E 8CH', '(NULL)', 'DVR', 'In Use (Shared in Location) Deployed', 'DVR HIKVISION', '(NULL)', '(NULL)', 'HEAD OFFICE DUTA GARDEN', 'HEAD OFFICE DUTA GARDEN', '(NULL)', NULL, NULL, NULL),
	(452, 'C.N.01.20231018.0036', 'IDS-7232HQHI-M2/S 32CH', '(NULL)', 'DVR', 'In Use (Shared in Location) Deployed', 'DVR HIKVISION', '(NULL)', '(NULL)', 'HEAD OFFICE DUTA GARDEN', 'HEAD OFFICE DUTA GARDEN', '(NULL)', NULL, NULL, NULL),
	(453, 'AK.21.01.001', 'SHARP LED 32 INCH', '(NULL)', 'TV', 'In Use (Shared in Location) Deployed', 'SHARP TV', '(NULL)', '(NULL)', 'WAREHOUSE JATAKE 1', 'WAREHOUSE JATAKE 1', '(NULL)', NULL, NULL, NULL),
	(454, 'AK.22.12.003', 'TCL 43A30 43 INCH', '(NULL)', 'TV', 'In Use (Shared in Location) Deployed', 'TCL TV', '(NULL)', '(NULL)', 'STUDIO MARKETING PASAR LAMA', 'STUDIO MARKETING PASAR LAMA', '(NULL)', NULL, NULL, NULL),
	(455, 'AK.23.07.008', 'TCL 43A28 43 INCH', '(NULL)', 'TV', 'In Use (Shared in Location) Deployed', 'TCL TV', '(NULL)', '(NULL)', 'STORE 01 PASAR LAMA', 'STORE 01 PASAR LAMA', '(NULL)', NULL, NULL, NULL),
	(456, 'AK.23.07.009', 'TCL 43A28 43 INCH', '(NULL)', 'TV', 'In Use (Shared in Location) Deployed', 'TCL TV', '(NULL)', '(NULL)', 'STORE 01 PASAR LAMA', 'STORE 01 PASAR LAMA', '(NULL)', NULL, NULL, NULL),
	(457, 'AK.23.10.029', 'TCL 43A28 43 INCH', '(NULL)', 'TV', 'In Use (Shared in Location) Deployed', 'TCL TV', '(NULL)', '(NULL)', 'HEAD OFFICE DUTA GARDEN', 'HEAD OFFICE DUTA GARDEN', '(NULL)', NULL, NULL, NULL),
	(458, 'AK.23.10.030', 'TCL 43A28 43 INCH', '(NULL)', 'TV', 'In Use (Shared in Location) Deployed', 'TCL TV', '(NULL)', '(NULL)', 'HEAD OFFICE DUTA GARDEN', 'HEAD OFFICE DUTA GARDEN', '(NULL)', NULL, NULL, NULL),
	(459, 'AK.23.11.002', 'COCAA 40S3U 40 INCH', '(NULL)', 'TV', 'In Use (Shared in Location) Deployed', 'COOCAA TV', '(NULL)', '(NULL)', 'STORE 02 PORIS', 'STORE 02 PORIS', '(NULL)', NULL, NULL, NULL),
	(460, 'AK.23.11.003', 'COCAA 40S3U 40 INCH', '(NULL)', 'TV', 'In Use (Shared in Location) Deployed', 'COOCAA TV', '(NULL)', '(NULL)', 'STORE 02 PORIS', 'STORE 02 PORIS', '(NULL)', NULL, NULL, NULL),
	(461, 'AK.24.01.010', 'COCAA 40S3U 40 INCH', '(NULL)', 'TV', 'In Use (Shared in Location) Deployed', 'COOCAA TV', '(NULL)', '(NULL)', 'STORE 03 KALIDERES', 'STORE 03 KALIDERES', '(NULL)', NULL, NULL, NULL),
	(462, 'AK.24.01.011', 'COCAA 40S3U 40 INCH', '(NULL)', 'TV', 'In Use (Shared in Location) Deployed', 'COOCAA TV', '(NULL)', '(NULL)', 'STORE 03 KALIDERES', 'STORE 03 KALIDERES', '(NULL)', NULL, NULL, NULL),
	(463, 'AK.24.02.006', 'TCL 43A28 43 INCH', '(NULL)', 'TV', 'In Use (Shared in Location) Deployed', 'TCL TV', '(NULL)', '(NULL)', 'HEAD OFFICE DUTA GARDEN', 'HEAD OFFICE DUTA GARDEN', '(NULL)', NULL, NULL, NULL),
	(464, 'AK.24.02.008', 'COCAA 40S3U 40 INCH', '(NULL)', 'TV', 'In Use (Shared in Location) Deployed', 'COOCAA TV', '(NULL)', '(NULL)', 'STORE 04 BANJAR WIJAYA', 'STORE 04 BANJAR WIJAYA', '(NULL)', NULL, NULL, NULL),
	(465, 'AK.24.02.009', 'COCAA 40S3U 40 INCH', '(NULL)', 'TV', 'In Use (Shared in Location) Deployed', 'COOCAA TV', '(NULL)', '(NULL)', 'STORE 04 BANJAR WIJAYA', 'STORE 04 BANJAR WIJAYA', '(NULL)', NULL, NULL, NULL),
	(466, 'AK.24.02.022', 'COCAA 40S3U 40 INCH', '(NULL)', 'TV', 'In Use (Shared in Location) Deployed', 'COOCAA TV', '(NULL)', '(NULL)', 'STORE 06 KARAWACI 1', 'STORE 06 KARAWACI 1', '(NULL)', NULL, NULL, NULL),
	(467, 'AK.24.02.023', 'COCAA 40S3U 40 INCH', '(NULL)', 'TV', 'In Use (Shared in Location) Deployed', 'COOCAA TV', '(NULL)', '(NULL)', 'STORE 06 KARAWACI 1', 'STORE 06 KARAWACI 1', '(NULL)', NULL, NULL, NULL),
	(468, 'AK.24.02.024', 'COCAA 40S3U 40 INCH', '(NULL)', 'TV', 'In Use (Shared in Location) Deployed', 'COOCAA TV', '(NULL)', '(NULL)', 'STORE 05 TALAGA BESTARI', 'STORE 05 TALAGA BESTARI', '(NULL)', NULL, NULL, NULL),
	(469, 'AK.24.02.025', 'COCAA 40S3U 40 INCH', '(NULL)', 'TV', 'In Use (Shared in Location) Deployed', 'COOCAA TV', '(NULL)', '(NULL)', 'STORE 05 TALAGA BESTARI', 'STORE 05 TALAGA BESTARI', '(NULL)', NULL, NULL, NULL),
	(470, 'AK.24.05.009', 'COCAA 40S3U 40 INCH', '(NULL)', 'TV', 'In Use (Shared in Location) Deployed', 'COOCAA TV', '(NULL)', '(NULL)', 'STORE 08 CILEDUG 1', 'STORE 08 CILEDUG 1', '(NULL)', NULL, NULL, NULL),
	(471, 'AK.24.05.018', 'COCAA 40S3U 40 INCH', '(NULL)', 'TV', 'In Use (Shared in Location) Deployed', 'COOCAA TV', '(NULL)', '(NULL)', 'STORE 07 KARAWACI 2', 'STORE 07 KARAWACI 2', '(NULL)', NULL, NULL, NULL),
	(472, 'AK.24.05.019', 'COCAA 40S3U 40 INCH', '(NULL)', 'TV', 'In Use (Shared in Location) Deployed', 'COOCAA TV', '(NULL)', '(NULL)', 'STORE 07 KARAWACI 2', 'STORE 07 KARAWACI 2', '(NULL)', NULL, NULL, NULL),
	(473, 'AK.24.06.021', 'COCAA 40S3U 40 INCH', '(NULL)', 'TV', 'In Use (Shared in Location)', 'COOCAA TV', '(NULL)', '(NULL)', '(NULL)', 'WAREHOUSE KS TUBUN', '(NULL)', NULL, NULL, NULL),
	(474, 'AK.24.07.001', 'COCAA 40S3U 40 INCH', '(NULL)', 'TV', 'In Use (Shared in Location) Deployed', 'COOCAA TV', '(NULL)', '(NULL)', 'STORE 11 SEPATAN', 'STORE 11 SEPATAN', '(NULL)', NULL, NULL, NULL),
	(475, 'AK.24.07.002', 'COCAA 40S3U 40 INCH', '(NULL)', 'TV', 'In Use (Shared in Location) Deployed', 'COOCAA TV', '(NULL)', '(NULL)', 'STORE 11 SEPATAN', 'STORE 11 SEPATAN', '(NULL)', NULL, NULL, NULL),
	(476, 'AK.24.08.002', 'COCAA 40S3U 40 INCH', '(NULL)', 'TV', 'In Use (Shared in Location) Deployed', 'COOCAA TV', '(NULL)', '(NULL)', 'STORE 13 CILEDUG INDAH', 'STORE 13 CILEDUG INDAH', '(NULL)', NULL, NULL, NULL),
	(477, 'AK.24.08.003', 'COCAA 40S3U 40 INCH', '(NULL)', 'TV', 'In Use (Shared in Location) Deployed', 'COOCAA TV', '(NULL)', '(NULL)', 'STORE 13 CILEDUG INDAH', 'STORE 13 CILEDUG INDAH', '(NULL)', NULL, NULL, NULL),
	(478, 'AK.24.08.006', 'COCAA 40S3U 40 INCH', '(NULL)', 'TV', 'In Use (Shared in Location) Deployed', 'COOCAA TV', '(NULL)', '(NULL)', 'STORE 10 KELAPA DUA', 'STORE 10 KELAPA DUA', '(NULL)', NULL, NULL, NULL),
	(479, 'AK.24.08.007', 'COCAA 40S3U 40 INCH', '(NULL)', 'TV', 'In Use (Shared in Location) Deployed', 'COOCAA TV', '(NULL)', '(NULL)', 'STORE 10 KELAPA DUA', 'STORE 10 KELAPA DUA', '(NULL)', NULL, NULL, NULL),
	(480, 'AK.24.10.005', 'COOCAA 40Z72 40 INCH', '(NULL)', 'TV', 'In Use (Shared in Location) Deployed', 'COOCAA TV', '(NULL)', '(NULL)', 'STORE 12 PAMULANG', 'STORE 12 PAMULANG', '(NULL)', NULL, NULL, NULL),
	(481, 'AK.24.10.006', 'COOCAA 40Z72 40 INCH', '(NULL)', 'TV', 'In Use (Shared in Location) Deployed', 'COOCAA TV', '(NULL)', '(NULL)', 'STORE 12 PAMULANG', 'STORE 12 PAMULANG', '(NULL)', NULL, NULL, NULL),
	(482, 'AK.24.10.022', 'COOCAA 40Z72 40 INCH', '(NULL)', 'TV', 'In Use (Shared in Location) Deployed', 'COOCAA TV', '(NULL)', '(NULL)', 'STORE 14 DASANA INDAH', 'STORE 14 DASANA INDAH', '(NULL)', NULL, NULL, NULL),
	(483, 'AK.24.10.023', 'COOCAA 40Z72 40 INCH', '(NULL)', 'TV', 'In Use (Shared in Location) Deployed', 'COOCAA TV', '(NULL)', '(NULL)', 'STORE 14 DASANA INDAH', 'STORE 14 DASANA INDAH', '(NULL)', NULL, NULL, NULL),
	(484, 'C.L.01.20230731.0024', 'UBIQUITI UNIFI UAP AC MESH PRO', '(NULL)', 'ACCESS POINT', 'In Use (Shared in Location) Deployed', 'UBIQUITI ACCESS POINT', '(NULL)', '(NULL)', 'WAREHOUSE JATAKE 1', 'WAREHOUSE JATAKE 1', '(NULL)', NULL, NULL, NULL),
	(485, 'C.L.01.20230731.0025', 'UBIQUITI UNIFI UAP AC MESH PRO', '(NULL)', 'ACCESS POINT', 'In Use (Shared in Location) Deployed', 'UBIQUITI ACCESS POINT', '(NULL)', '(NULL)', 'WAREHOUSE JATAKE 1', 'WAREHOUSE JATAKE 1', '(NULL)', NULL, NULL, NULL),
	(486, 'C.L.01.20230731.0026', 'UBIQUITI UNIFI UAP AC MESH PRO', '(NULL)', 'ACCESS POINT', 'In Use (Shared in Location) Deployed', 'UBIQUITI ACCESS POINT', '(NULL)', '(NULL)', 'WAREHOUSE JATAKE 1', 'WAREHOUSE JATAKE 1', '(NULL)', NULL, NULL, NULL),
	(487, 'C.L.01.20230731.0027', 'UBIQUITI UNIFI UAP AC MESH PRO', '(NULL)', 'ACCESS POINT', 'In Use (Shared in Location) Deployed', 'UBIQUITI ACCESS POINT', '(NULL)', '(NULL)', 'WAREHOUSE JATAKE 1', 'WAREHOUSE JATAKE 1', '(NULL)', NULL, NULL, NULL),
	(488, 'C.L.01.20231124.0040', 'UBIQUITI UNIFI UAP AC PRO', '(NULL)', 'ACCESS POINT', 'In Use (Shared in Location) Deployed', 'UBIQUITI ACCESS POINT', '(NULL)', '(NULL)', 'WAREHOUSE JATAKE 2', 'WAREHOUSE JATAKE 2', '(NULL)', NULL, NULL, NULL),
	(489, 'C.L.01.20231124.0041', 'UBIQUITI UNIFI UAP AC PRO', '(NULL)', 'ACCESS POINT', 'In Use (Shared in Location) Deployed', 'UBIQUITI ACCESS POINT', '(NULL)', '(NULL)', 'STORE 01 PASAR LAMA', 'STORE 01 PASAR LAMA', '(NULL)', NULL, NULL, NULL),
	(490, 'C.L.01.20231124.0042', 'UBIQUITI UNIFI UAP AC PRO', '(NULL)', 'ACCESS POINT', 'In Use (Shared in Location) Deployed', 'UBIQUITI ACCESS POINT', '(NULL)', '(NULL)', 'WAREHOUSE KS TUBUN', 'WAREHOUSE KS TUBUN', '(NULL)', NULL, NULL, NULL),
	(491, 'C.L.01.20231124.0043', 'UBIQUITI UNIFI UAP AC PRO', '(NULL)', 'ACCESS POINT', 'In Use (Shared in Location) Deployed', 'UBIQUITI ACCESS POINT', '(NULL)', '(NULL)', 'WAREHOUSE KS TUBUN', 'WAREHOUSE KS TUBUN', '(NULL)', NULL, NULL, NULL),
	(492, 'C.N.07.20240419.0058', 'RUIJIE RG-RAP2260 AX1800', '(NULL)', 'ACCESS POINT', 'In Use (Shared in Location) Deployed', 'RUJIE ACCESS POINT', '(NULL)', '(NULL)', 'WAREHOUSE JATAKE 1', 'WAREHOUSE JATAKE 1', '(NULL)', NULL, NULL, NULL),
	(493, 'C.N.07.20240517.0063', 'RUIJIE RG-RAP2260 AX1800', '(NULL)', 'ACCESS POINT', 'In Use (Shared in Location) Deployed', 'RUJIE ACCESS POINT', '(NULL)', '(NULL)', 'WAREHOUSE JATAKE 1', 'WAREHOUSE JATAKE 1', '(NULL)', NULL, NULL, NULL),
	(494, 'C.N.07.20240820.0074', 'RUIJIE RG-RAP2260 AX1800', '(NULL)', 'ACCESS POINT', 'In Use (Shared in Location) Deployed', 'RUJIE ACCESS POINT', '(NULL)', '(NULL)', 'WAREHOUSE RAWABOKOR', 'WAREHOUSE RAWABOKOR', '(NULL)', NULL, NULL, NULL),
	(495, 'C.N.07.20240904.0077', 'RUIJIE RG-RAP2260 AX1800', '(NULL)', 'ACCESS POINT', 'In Use (Shared in Location) Deployed', 'RUJIE ACCESS POINT', '(NULL)', '(NULL)', 'HEAD OFFICE DUTA GARDEN', 'HEAD OFFICE DUTA GARDEN', '(NULL)', NULL, NULL, NULL),
	(496, 'C.N.07.20240904.0078', 'RUIJIE RG-RAP2260 AX1800', '(NULL)', 'ACCESS POINT', 'In Use (Shared in Location) Deployed', 'RUJIE ACCESS POINT', '(NULL)', '(NULL)', 'HEAD OFFICE DUTA GARDEN', 'HEAD OFFICE DUTA GARDEN', '(NULL)', NULL, NULL, NULL),
	(497, 'C.N.07.20240904.0079', 'RUIJIE RG-RAP2260 AX1800', '(NULL)', 'ACCESS POINT', 'In Use (Shared in Location) Deployed', 'RUJIE ACCESS POINT', '(NULL)', '(NULL)', 'HEAD OFFICE DUTA GARDEN', 'HEAD OFFICE DUTA GARDEN', '(NULL)', NULL, NULL, NULL),
	(498, 'C.N.07.20240904.0080', 'RUIJIE RG-RAP2260 AX1800', '(NULL)', 'ACCESS POINT', 'In Use (Shared in Location) Deployed', 'RUJIE ACCESS POINT', '(NULL)', '(NULL)', 'HEAD OFFICE DUTA GARDEN', 'HEAD OFFICE DUTA GARDEN', '(NULL)', NULL, NULL, NULL),
	(499, 'C.N.07.20250113.0104', 'RUIJIE RG-RAP2260 AX1800', '(NULL)', 'ACCESS POINT', 'In Use (Shared in Location) Deployed', 'RUJIE ACCESS POINT', '(NULL)', '(NULL)', 'HEAD OFFICE DUTA GARDEN', 'HEAD OFFICE DUTA GARDEN', '(NULL)', NULL, NULL, NULL),
	(500, 'C.N.07.20250113.0105', 'RUIJIE RG-RAP2260 AX1800', '(NULL)', 'ACCESS POINT', 'In Use (Shared in Location) Deployed', 'RUJIE ACCESS POINT', '(NULL)', '(NULL)', 'HEAD OFFICE DUTA GARDEN', 'HEAD OFFICE DUTA GARDEN', '(NULL)', NULL, NULL, NULL),
	(501, 'C.N.07.20250113.0106', 'RUIJIE RG-RAP2260 AX1800', '(NULL)', 'ACCESS POINT', 'In Use (Shared in Location) Deployed', 'RUJIE ACCESS POINT', '(NULL)', '(NULL)', 'HEAD OFFICE DUTA GARDEN', 'HEAD OFFICE DUTA GARDEN', '(NULL)', NULL, NULL, NULL),
	(502, 'C.N.07.20250113.0107', 'RUIJIE RG-RAP2260 AX1800', '(NULL)', 'ACCESS POINT', 'In Use (Shared in Location) Deployed', 'RUJIE ACCESS POINT', '(NULL)', '(NULL)', 'HEAD OFFICE DUTA GARDEN', 'HEAD OFFICE DUTA GARDEN', '(NULL)', NULL, NULL, NULL),
	(503, 'C.N.07.20250113.0108', 'RUIJIE RG-RAP2260 AX1800', '(NULL)', 'ACCESS POINT', 'In Use (Shared in Location) Deployed', 'RUJIE ACCESS POINT', '(NULL)', '(NULL)', 'HEAD OFFICE DUTA GARDEN', 'HEAD OFFICE DUTA GARDEN', '(NULL)', NULL, NULL, NULL),
	(504, 'C.N.07.20250113.0109', 'RUIJIE RG-RAP2260 AX1800', '(NULL)', 'ACCESS POINT', 'In Use (Shared in Location) Deployed', 'RUJIE ACCESS POINT', '(NULL)', '(NULL)', 'HEAD OFFICE DUTA GARDEN', 'HEAD OFFICE DUTA GARDEN', '(NULL)', NULL, NULL, NULL),
	(505, 'C.N.07.20250113.0110', 'RUIJIE RG-RAP2260 AX1800', '(NULL)', 'ACCESS POINT', 'In Use (Shared in Location) Deployed', 'RUJIE ACCESS POINT', '(NULL)', '(NULL)', 'HEAD OFFICE DUTA GARDEN', 'HEAD OFFICE DUTA GARDEN', '(NULL)', NULL, NULL, NULL),
	(506, 'C.N.07.20250113.0111', 'RUIJIE RG-RAP2260 AX1800', '(NULL)', 'ACCESS POINT', 'In Use (Shared in Location) Deployed', 'RUJIE ACCESS POINT', '(NULL)', '(NULL)', 'HEAD OFFICE DUTA GARDEN', 'HEAD OFFICE DUTA GARDEN', '(NULL)', NULL, NULL, NULL),
	(507, 'C.F.19.20250506.0100', 'BROTHER HL 2080 DW', '(NULL)', 'BROTHER PRINTER', 'In Use (Shared in Location) Deployed', 'BROTHER', '(NULL)', '(NULL)', 'HEAD OFFICE DUTA GARDEN', 'HEAD OFFICE DUTA GARDEN', '(NULL)', NULL, NULL, NULL),
	(508, 'C.B.03.20251021.025', 'PC MINI CUBI 5 I5 GEN 12', '(NULL)', 'PC', 'In Use (Shared in Location) Deployed', 'MSI PC', '(NULL)', '(NULL)', 'Adi Saputra (adi.saputra)', 'WAREHOUSE JATAKE 1', '(NULL)', NULL, NULL, NULL),
	(509, 'C.F.20.20230801.0056', 'BROTHER DCP-T220', '(NULL)', 'BROTHER PRINTER', 'Under Repair', 'BROTHER', '(NULL)', '(NULL)', '(NULL)', 'HEAD OFFICE DUTA GARDEN', '(NULL)', NULL, NULL, NULL),
	(510, 'O.A.01.20201019.0007', 'XIAOMI REDMI REDMI 9', '(NULL)', 'SMARTPHONE', 'Under Repair', 'XIAOMI SMARTPHONE', '(NULL)', '(NULL)', '(NULL)', 'HEAD OFFICE DUTA GARDEN', '(NULL)', NULL, NULL, NULL);

-- membuang struktur untuk table api_ticketing.cache
CREATE TABLE IF NOT EXISTS `cache` (
  `key` varchar(255) COLLATE utf8mb4_unicode_ci NOT NULL,
  `value` mediumtext COLLATE utf8mb4_unicode_ci NOT NULL,
  `expiration` int NOT NULL,
  PRIMARY KEY (`key`)
) ENGINE=InnoDB DEFAULT CHARSET=utf8mb4 COLLATE=utf8mb4_unicode_ci;

-- Membuang data untuk tabel api_ticketing.cache: ~0 rows (lebih kurang)

-- membuang struktur untuk table api_ticketing.cache_locks
CREATE TABLE IF NOT EXISTS `cache_locks` (
  `key` varchar(255) COLLATE utf8mb4_unicode_ci NOT NULL,
  `owner` varchar(255) COLLATE utf8mb4_unicode_ci NOT NULL,
  `expiration` int NOT NULL,
  PRIMARY KEY (`key`)
) ENGINE=InnoDB DEFAULT CHARSET=utf8mb4 COLLATE=utf8mb4_unicode_ci;

-- Membuang data untuk tabel api_ticketing.cache_locks: ~0 rows (lebih kurang)

-- membuang struktur untuk table api_ticketing.categories
CREATE TABLE IF NOT EXISTS `categories` (
  `id` bigint unsigned NOT NULL AUTO_INCREMENT,
  `name` varchar(255) CHARACTER SET utf8mb4 COLLATE utf8mb4_unicode_ci NOT NULL,
  `created_at` timestamp NULL DEFAULT NULL,
  `updated_at` timestamp NULL DEFAULT NULL,
  `deleted_at` timestamp NULL DEFAULT NULL,
  PRIMARY KEY (`id`) USING BTREE
) ENGINE=InnoDB AUTO_INCREMENT=15 DEFAULT CHARSET=utf8mb4 COLLATE=utf8mb4_unicode_ci ROW_FORMAT=DYNAMIC;

-- Membuang data untuk tabel api_ticketing.categories: ~14 rows (lebih kurang)
INSERT INTO `categories` (`id`, `name`, `created_at`, `updated_at`, `deleted_at`) VALUES
	(1, 'Software - Netsuite', '2025-12-26 04:30:31', '2025-12-26 04:30:31', NULL),
	(2, 'Software - Accurate', '2025-12-26 04:30:31', '2025-12-26 04:30:31', NULL),
	(3, 'Software - RP', '2025-12-26 04:30:31', '2025-12-26 04:30:31', NULL),
	(4, 'Software - FRP', '2025-12-26 04:30:31', '2025-12-26 04:30:31', NULL),
	(5, 'Software - Iseller', '2025-12-26 04:30:31', '2025-12-26 04:30:31', NULL),
	(6, 'Software - Lain-lain', '2025-12-26 04:30:31', '2025-12-26 04:30:31', NULL),
	(7, 'HardWare - Monitor/Proyektor/TV', '2025-12-26 04:30:31', '2025-12-26 04:30:31', NULL),
	(8, 'HardWare - Laptop/PC', '2025-12-26 04:30:31', '2025-12-26 04:30:31', NULL),
	(9, 'HardWare - Handphone', '2025-12-26 04:30:31', '2025-12-26 04:30:31', NULL),
	(10, 'HardWare - CCTV', '2025-12-26 04:30:31', '2025-12-26 04:30:31', NULL),
	(11, 'HardWare - Lain-lain', '2025-12-26 04:30:31', '2025-12-26 04:30:31', NULL),
	(12, 'Jaringan - Internet Lambat', '2025-12-26 04:30:31', '2025-12-26 04:30:31', NULL),
	(13, 'Jaringan - Tidak Dalam Terhubung Ke Internet', '2025-12-26 04:30:31', '2025-12-26 04:30:31', NULL),
	(14, 'Software - Bigseller', NULL, NULL, NULL);

-- membuang struktur untuk table api_ticketing.departments
CREATE TABLE IF NOT EXISTS `departments` (
  `id` bigint unsigned NOT NULL AUTO_INCREMENT,
  `location_id` bigint unsigned NOT NULL,
  `name` varchar(225) CHARACTER SET utf8mb4 COLLATE utf8mb4_unicode_ci NOT NULL,
  `created_at` timestamp NULL DEFAULT NULL,
  `updated_at` timestamp NULL DEFAULT NULL,
  `deleted_at` timestamp NULL DEFAULT NULL,
  PRIMARY KEY (`id`) USING BTREE,
  KEY `departments_location_id_foreign` (`location_id`) USING BTREE,
  CONSTRAINT `departments_ibfk_1` FOREIGN KEY (`location_id`) REFERENCES `locations` (`id`) ON DELETE RESTRICT ON UPDATE CASCADE
) ENGINE=InnoDB AUTO_INCREMENT=31 DEFAULT CHARSET=utf8mb4 COLLATE=utf8mb4_unicode_ci ROW_FORMAT=DYNAMIC;

-- Membuang data untuk tabel api_ticketing.departments: ~30 rows (lebih kurang)
INSERT INTO `departments` (`id`, `location_id`, `name`, `created_at`, `updated_at`, `deleted_at`) VALUES
	(1, 1, 'Human Capital & General Affair', '2025-12-26 04:30:01', '2026-01-05 02:51:06', NULL),
	(2, 1, 'Marketing', '2025-12-26 04:30:01', '2026-01-05 02:51:21', NULL),
	(3, 3, 'GOTO E-Commerce', '2025-12-26 04:30:01', '2026-01-05 02:55:56', NULL),
	(4, 1, 'Product', '2025-12-26 04:30:01', '2026-01-05 02:53:00', NULL),
	(5, 2, 'Warehouse Gosave', '2025-12-26 04:30:01', '2026-01-05 02:49:55', NULL),
	(6, 1, 'IT', '2025-12-26 04:30:01', '2025-12-26 04:30:01', NULL),
	(7, 1, 'Finance', '2025-12-26 04:30:01', '2026-01-05 02:53:27', NULL),
	(8, 6, 'GOTO Store Pasar Lama', '2025-12-26 04:30:01', '2026-01-05 02:57:00', NULL),
	(9, 2, 'Gosave B2B', '2025-12-26 04:30:01', '2026-01-05 02:53:16', NULL),
	(10, 2, 'Gosave GT', '2025-12-26 04:30:01', '2026-01-05 02:52:47', NULL),
	(11, 1, 'Board Of Director', '2025-12-26 04:30:01', '2026-01-05 02:54:33', NULL),
	(12, 1, 'Legal', '2025-12-26 04:30:01', '2026-01-05 02:54:43', NULL),
	(13, 1, 'Pikasa', '2025-12-26 04:30:01', '2025-12-26 04:30:01', NULL),
	(14, 1, 'Pilkada', '2025-12-26 04:30:01', '2025-12-26 04:30:01', NULL),
	(15, 5, 'GOTO', '2026-01-05 02:55:20', '2026-01-05 02:56:07', NULL),
	(16, 7, 'GOTO Store Poris', '2026-01-05 03:04:52', '2026-01-05 03:04:52', NULL),
	(17, 8, 'GOTO Store Kalideres', '2026-01-05 03:06:13', '2026-01-05 03:08:12', NULL),
	(18, 9, 'GOTO Store Banjar Wijaya', '2026-01-05 03:08:44', '2026-01-05 03:08:44', NULL),
	(19, 10, 'GOTO Store Talaga Bestari', '2026-01-05 03:09:47', '2026-01-05 03:09:47', NULL),
	(20, 11, 'GOTO Store Karawaci Pandan', '2026-01-05 03:10:12', '2026-01-05 03:15:18', NULL),
	(21, 12, 'GOTO Store Karawaci Borobudur', '2026-01-05 03:10:24', '2026-01-05 03:10:24', NULL),
	(22, 13, 'GOTO Store Ciledug', '2026-01-05 03:10:33', '2026-01-05 03:10:33', NULL),
	(23, 14, 'GOTO Store Kelapa Dua', '2026-01-05 03:10:57', '2026-01-05 03:10:57', NULL),
	(24, 15, 'GOTO Store Sepatan', '2026-01-05 03:13:24', '2026-01-05 03:13:24', NULL),
	(25, 16, 'GOTO Store Pamulang', '2026-01-05 03:13:42', '2026-01-05 03:13:42', NULL),
	(26, 17, 'GOTO Store Ciledug Indah', '2026-01-05 03:14:02', '2026-01-05 03:14:02', NULL),
	(27, 18, 'GOTO Store Dasana Indah', '2026-01-05 03:14:15', '2026-01-05 03:14:15', NULL),
	(28, 3, 'Warehouse GOTO', '2026-01-05 03:17:06', '2026-01-05 03:17:06', NULL),
	(29, 2, 'Gosave E-commerce', '2026-01-05 03:30:41', '2026-01-05 03:30:41', NULL),
	(30, 1, 'GOTO Store HO', '2026-01-05 07:40:00', '2026-01-05 07:40:00', NULL);

-- membuang struktur untuk table api_ticketing.failed_jobs
CREATE TABLE IF NOT EXISTS `failed_jobs` (
  `id` bigint unsigned NOT NULL AUTO_INCREMENT,
  `uuid` varchar(255) COLLATE utf8mb4_unicode_ci NOT NULL,
  `connection` text COLLATE utf8mb4_unicode_ci NOT NULL,
  `queue` text COLLATE utf8mb4_unicode_ci NOT NULL,
  `payload` longtext COLLATE utf8mb4_unicode_ci NOT NULL,
  `exception` longtext COLLATE utf8mb4_unicode_ci NOT NULL,
  `failed_at` timestamp NOT NULL DEFAULT CURRENT_TIMESTAMP,
  PRIMARY KEY (`id`),
  UNIQUE KEY `failed_jobs_uuid_unique` (`uuid`)
) ENGINE=InnoDB DEFAULT CHARSET=utf8mb4 COLLATE=utf8mb4_unicode_ci;

-- Membuang data untuk tabel api_ticketing.failed_jobs: ~0 rows (lebih kurang)

-- membuang struktur untuk table api_ticketing.feedbacks
CREATE TABLE IF NOT EXISTS `feedbacks` (
  `id` bigint unsigned NOT NULL AUTO_INCREMENT,
  `ticket_id` bigint unsigned NOT NULL,
  `description` varchar(255) CHARACTER SET utf8mb4 COLLATE utf8mb4_unicode_ci DEFAULT NULL,
  `rating` int DEFAULT NULL,
  `created_at` timestamp NULL DEFAULT NULL,
  `updated_at` timestamp NULL DEFAULT NULL,
  `deleted_at` timestamp NULL DEFAULT NULL,
  PRIMARY KEY (`id`) USING BTREE,
  KEY `feedback_ticket_id_foreign` (`ticket_id`) USING BTREE,
  CONSTRAINT `feedbacks_ibfk_1` FOREIGN KEY (`ticket_id`) REFERENCES `tickets` (`id`) ON DELETE RESTRICT ON UPDATE CASCADE
) ENGINE=InnoDB AUTO_INCREMENT=148 DEFAULT CHARSET=utf8mb4 COLLATE=utf8mb4_unicode_ci ROW_FORMAT=DYNAMIC;

-- Membuang data untuk tabel api_ticketing.feedbacks: ~129 rows (lebih kurang)
INSERT INTO `feedbacks` (`id`, `ticket_id`, `description`, `rating`, `created_at`, `updated_at`, `deleted_at`) VALUES
	(2, 5, 'Done', 5, '2026-01-06 07:46:10', '2026-01-06 07:46:10', NULL),
	(3, 7, 'Done', 5, '2026-01-06 08:38:35', '2026-01-06 08:38:35', NULL),
	(4, 8, 'Done', 5, '2026-01-06 08:49:04', '2026-01-06 08:49:04', NULL),
	(5, 13, 'ðŸ‘\r\nYose', 5, '2026-01-07 01:54:54', '2026-01-07 01:54:54', NULL),
	(6, 15, 'tuti h done', 5, '2026-01-07 04:00:06', '2026-01-07 04:00:06', NULL),
	(7, 16, 'deasy -', 5, '2026-01-07 06:25:35', '2026-01-07 06:25:35', NULL),
	(8, 19, 'galang - done', 5, '2026-01-07 06:44:25', '2026-01-07 06:44:25', NULL),
	(9, 22, 'ok', 5, '2026-01-07 09:51:04', '2026-01-07 09:51:04', NULL),
	(10, 20, 'Mantapp Udah Ganti Storage Ke 1 TB', 5, '2026-01-08 03:33:07', '2026-01-08 03:33:07', NULL),
	(11, 17, 'mantap', 5, '2026-01-08 03:59:23', '2026-01-08 03:59:23', NULL),
	(12, 41, 'Sedap mas ubay', 5, '2026-01-08 06:16:55', '2026-01-08 06:16:55', NULL),
	(13, 39, 'terpasang dengan  baik', 5, '2026-01-08 07:58:02', '2026-01-08 07:58:02', NULL),
	(14, 40, 'sudah bisa di gunakan seperti sediakala', 5, '2026-01-08 07:59:13', '2026-01-08 07:59:13', NULL),
	(15, 42, 'Sangat ramah, dan instruksi sangat baik.', 5, '2026-01-08 08:09:52', '2026-01-08 08:09:52', NULL),
	(16, 45, 'FRP sudah dibuat', 5, '2026-01-08 09:37:26', '2026-01-08 09:37:26', NULL),
	(17, 31, 'Wahhh UI Baru lebih menarik , terima kasih team , problem solve', 5, '2026-01-09 02:12:54', '2026-01-09 02:12:54', NULL),
	(18, 26, 'Terima kasih tim IT, Problem solved , user friendly dan usefull . two thumbs up', 5, '2026-01-09 02:13:53', '2026-01-09 02:13:53', NULL),
	(19, 48, 'Sangat membantu', 5, '2026-01-09 02:53:50', '2026-01-09 02:53:50', NULL),
	(20, 51, 'done sudah di konfirm tim HCGA', 5, '2026-01-09 03:03:20', '2026-01-09 03:03:20', NULL),
	(21, 10, 'mousenya sudah bisa digunakan kembali', 5, '2026-01-09 03:25:54', '2026-01-09 03:25:54', NULL),
	(22, 56, 'Pengerjaan cepat, tepat, aman, mantap', 5, '2026-01-09 04:32:23', '2026-01-09 04:32:23', NULL),
	(23, 57, 'sudah diproses oleh mas agus dan akan di ambil oleh bang iwan dan dibawa ke HO untuk stok', 5, '2026-01-09 06:43:01', '2026-01-09 06:43:01', NULL),
	(24, 58, 'Done', 5, '2026-01-09 08:06:31', '2026-01-09 08:06:31', NULL),
	(25, 43, 'berjalan dengan lancar ðŸ‘', 5, '2026-01-09 08:23:11', '2026-01-09 08:23:11', NULL),
	(26, 49, 'sangat baik, dan folow up terus . terima kasih', 5, '2026-01-09 10:06:08', '2026-01-09 10:06:08', NULL),
	(27, 59, 'Done', 5, '2026-01-12 02:29:04', '2026-01-12 02:29:04', NULL),
	(28, 67, 'Sudah dites dummy dan bisa dipakai', 5, '2026-01-12 09:01:08', '2026-01-12 09:01:08', NULL),
	(29, 66, 'mantap', 5, '2026-01-13 01:09:43', '2026-01-13 01:09:43', NULL),
	(30, 62, 'ok', 5, '2026-01-13 01:09:59', '2026-01-13 01:09:59', NULL),
	(31, 47, 'ok', 5, '2026-01-13 01:10:12', '2026-01-13 01:10:12', NULL),
	(32, 44, 'ok', 5, '2026-01-13 01:10:26', '2026-01-13 01:10:26', NULL),
	(33, 35, 'ok', 5, '2026-01-13 01:10:55', '2026-01-13 01:10:55', NULL),
	(34, 72, 'Terima kasih tim IT, Problem solved , user friendly dan usefull . two thumbs up', 5, '2026-01-13 04:02:26', '2026-01-13 04:02:26', NULL),
	(35, 63, 'pengajaran baru, dijelaskan dan dicontohkan, terima kasih', 5, '2026-01-13 04:06:54', '2026-01-13 04:06:54', NULL),
	(36, 55, 'Good Service', 5, '2026-01-13 04:12:35', '2026-01-13 04:12:35', NULL),
	(37, 79, 'keren abizzz', 5, '2026-01-14 01:53:13', '2026-01-14 01:53:13', NULL),
	(38, 77, 'done', 5, '2026-01-14 01:53:25', '2026-01-14 01:53:25', NULL),
	(39, 73, 'selesai dengan baik', 5, '2026-01-14 01:53:50', '2026-01-14 01:53:50', NULL),
	(40, 81, 'pelayanan sangat ramah, tim it sangat komunikatif dan fast respon..', 5, '2026-01-14 02:01:16', '2026-01-14 02:01:16', NULL),
	(41, 30, 'mantap', 5, '2026-01-14 02:33:29', '2026-01-14 02:33:29', NULL),
	(42, 28, 'bayu is the best,bantu naiikin gaji', 5, '2026-01-14 02:33:49', '2026-01-14 02:33:49', NULL),
	(43, 28, 'proses cepat', 5, '2026-01-14 02:34:06', '2026-01-14 02:34:06', NULL),
	(44, 71, 'sudah bisa di gunakan', 5, '2026-01-14 03:10:45', '2026-01-14 03:10:45', NULL),
	(45, 81, 'pelayanan sangat ramah, tim it sangat komunikatif dan fast respon..', 5, '2026-01-14 08:11:04', '2026-01-14 08:11:04', NULL),
	(46, 87, 'ðŸ‘Œ', 5, '2026-01-14 09:30:41', '2026-01-14 09:30:41', NULL),
	(47, 88, 'cepat sekali\r\nterimakasih', 5, '2026-01-14 09:52:55', '2026-01-14 09:52:55', NULL),
	(48, 75, 'Good Service', 5, '2026-01-15 02:35:39', '2026-01-15 02:35:39', NULL),
	(49, 90, 'ðŸ‘Œ', 5, '2026-01-15 02:40:00', '2026-01-15 02:40:00', NULL),
	(50, 69, 'ðŸ‘Œ', 5, '2026-01-15 02:40:26', '2026-01-15 02:40:26', NULL),
	(51, 70, 'ðŸ‘Œ', 5, '2026-01-15 02:40:38', '2026-01-15 02:40:38', NULL),
	(52, 82, 'oke', 5, '2026-01-15 02:44:58', '2026-01-15 02:44:58', NULL),
	(53, 92, 'oke', 5, '2026-01-15 04:04:12', '2026-01-15 04:04:12', NULL),
	(54, 89, 'Good', 5, '2026-01-15 04:24:51', '2026-01-15 04:24:51', NULL),
	(55, 94, 'Terima kasih, masalahnya clear diatasi', 5, '2026-01-15 07:18:17', '2026-01-15 07:18:17', NULL),
	(56, 91, 'ðŸ‘Œ', 5, '2026-01-19 01:15:59', '2026-01-19 01:15:59', NULL),
	(57, 95, 'ðŸ‘Œ', 5, '2026-01-19 01:16:53', '2026-01-19 01:16:53', NULL),
	(58, 96, 'ðŸ‘Œ', 5, '2026-01-19 01:17:34', '2026-01-19 01:17:34', NULL),
	(59, 86, 'done, sedang di proses perapihan data oleh masing2 divisi', 5, '2026-01-19 01:55:40', '2026-01-19 01:55:40', NULL),
	(60, 68, 'donee', 5, '2026-01-19 02:53:59', '2026-01-19 02:53:59', NULL),
	(61, 76, 'donee', 5, '2026-01-19 02:54:14', '2026-01-19 02:54:14', NULL),
	(62, 93, 'OKE', 5, '2026-01-19 03:17:39', '2026-01-19 03:17:39', NULL),
	(63, 83, 'OK', 5, '2026-01-19 03:18:06', '2026-01-19 03:18:06', NULL),
	(64, 85, 'Sangat terbantu, mantap', 5, '2026-01-19 04:22:06', '2026-01-19 04:22:06', NULL),
	(65, 74, 'oke', 5, '2026-01-19 04:39:51', '2026-01-19 04:39:51', NULL),
	(66, 52, 'penanganan cepat ðŸ‘', 5, '2026-01-19 04:49:45', '2026-01-19 04:49:45', NULL),
	(67, 80, 'Pengarahan bagus.', 5, '2026-01-19 06:45:34', '2026-01-19 06:45:34', NULL),
	(68, 80, 'Pengarahan bagus.', 5, '2026-01-19 08:02:59', '2026-01-19 08:02:59', NULL),
	(69, 98, 'donee', 5, '2026-01-20 07:19:40', '2026-01-20 07:19:40', NULL),
	(70, 25, 'Good. satset. tastes.', 5, '2026-01-21 03:19:03', '2026-01-21 03:19:03', NULL),
	(71, 114, 'Excellent. satset. tastes.', 5, '2026-01-21 03:31:45', '2026-01-21 03:31:45', NULL),
	(72, 100, 'ok', 5, '2026-01-21 04:43:23', '2026-01-21 04:43:23', NULL),
	(73, 65, 'Melayani dengan cepat dan sangat membangu', 5, '2026-01-21 05:10:37', '2026-01-21 05:10:37', NULL),
	(74, 97, 'ðŸ‘Œ', 5, '2026-01-22 01:24:36', '2026-01-22 01:24:36', NULL),
	(75, 105, 'ðŸ‘Œ', 5, '2026-01-22 01:25:24', '2026-01-22 01:25:24', NULL),
	(76, 110, 'ðŸ‘Œ', 5, '2026-01-22 01:25:59', '2026-01-22 01:25:59', NULL),
	(77, 113, 'ðŸ‘Œ', 5, '2026-01-22 01:27:47', '2026-01-22 01:27:47', NULL),
	(78, 104, 'sangat membantuu sekalii memberikan insight', 5, '2026-01-22 02:49:35', '2026-01-22 02:49:35', NULL),
	(79, 102, 'pelayanan cepat dan sangat membantu , terima kasih', 5, '2026-01-22 02:50:17', '2026-01-22 02:50:17', NULL),
	(80, 102, 'pelayanan cepat dan sangat membantu , terima kasih', 5, '2026-01-22 02:50:17', '2026-01-22 02:50:17', NULL),
	(81, 103, 'sangat terbantu, mantap', 5, '2026-01-22 02:50:47', '2026-01-22 02:50:47', NULL),
	(82, 120, 'good', 5, '2026-01-23 02:23:25', '2026-01-23 02:23:25', NULL),
	(83, 115, 'ok', 5, '2026-01-23 02:42:31', '2026-01-23 02:42:31', NULL),
	(84, 101, 'fast respon dan jaringan sudah normal kembali, tapi koneksinya belum stabil.', 5, '2026-01-23 03:26:37', '2026-01-23 03:26:37', NULL),
	(85, 111, 'ðŸ‘Œ', 5, '2026-01-26 01:48:15', '2026-01-26 01:48:15', NULL),
	(86, 123, 'ok', 5, '2026-01-26 02:49:34', '2026-01-26 02:49:34', NULL),
	(87, 124, 'terimakasih mas', 5, '2026-01-26 07:45:36', '2026-01-26 07:45:36', NULL),
	(88, 126, 'Pelayanan sangat cepat', 5, '2026-01-26 08:29:26', '2026-01-26 08:29:26', NULL),
	(89, 129, 'Pelayanan cepat', 5, '2026-01-27 02:29:14', '2026-01-27 02:29:14', NULL),
	(90, 122, 'Mantapp', 5, '2026-01-28 02:12:42', '2026-01-28 02:12:42', NULL),
	(91, 118, 'Sudah diperbaiki, terima kasih', 5, '2026-01-28 04:24:39', '2026-01-28 04:24:39', NULL),
	(92, 116, 'sudah diperbaiki, terima kasih', 5, '2026-01-28 04:25:47', '2026-01-28 04:25:47', NULL),
	(93, 117, 'sudah diperbaiki, terima kasihh', 5, '2026-01-28 04:26:18', '2026-01-28 04:26:18', NULL),
	(94, 99, 'Barang sudah diterima, terimakasiii.', 5, '2026-01-29 03:36:07', '2026-01-29 03:36:07', NULL),
	(95, 139, 'terimakasih mas', 5, '2026-01-29 07:07:28', '2026-01-29 07:07:28', NULL),
	(96, 134, 'good', 5, '2026-01-29 07:08:12', '2026-01-29 07:08:12', NULL),
	(97, 136, 'proses cepat', 5, '2026-01-29 07:08:39', '2026-01-29 07:08:39', NULL),
	(98, 132, 'Two thumbs up , team IT dengan system terbaiknya', 5, '2026-01-29 07:29:54', '2026-01-29 07:29:54', NULL),
	(99, 112, 'done', 5, '2026-01-29 08:03:46', '2026-01-29 08:03:46', NULL),
	(100, 135, 'Terima kasih, sudah terhubung.', 5, '2026-01-29 09:11:07', '2026-01-29 09:11:07', NULL),
	(101, 133, 'mantapp sangat cepat', 5, '2026-01-29 09:12:32', '2026-01-29 09:12:32', NULL),
	(102, 143, 'Mantap kali', 5, '2026-01-30 07:08:25', '2026-01-30 07:08:25', NULL),
	(103, 141, '-', 5, '2026-01-30 07:24:19', '2026-01-30 07:24:19', NULL),
	(104, 144, 'Nice , pelayanan bintang lima', 5, '2026-01-30 09:58:48', '2026-01-30 09:58:48', NULL),
	(105, 131, 'done', 5, '2026-02-02 04:02:05', '2026-02-02 04:02:05', NULL),
	(106, 147, 'baik', 5, '2026-02-03 03:01:08', '2026-02-03 03:01:08', NULL),
	(107, 159, 'baik', 5, '2026-02-03 03:03:29', '2026-02-03 03:03:29', NULL),
	(108, 154, 'Terima kasih untuk support team IT dalam proses update base price di NetSuite. Prosesnya lancar dan sangat membantu tim product.', 5, '2026-02-03 03:11:24', '2026-02-03 03:11:24', NULL),
	(109, 157, 'respon pengerjaan sangat cepat', 5, '2026-02-04 01:35:46', '2026-02-04 01:35:46', NULL),
	(110, 155, 'respon sangat cepat', 5, '2026-02-04 01:36:21', '2026-02-04 01:36:21', NULL),
	(111, 148, 'baik', 5, '2026-02-04 01:56:23', '2026-02-04 01:56:23', NULL),
	(112, 162, 'Mantab', 5, '2026-02-04 02:04:55', '2026-02-04 02:04:55', NULL),
	(113, 158, 'sangat baik', 5, '2026-02-04 07:51:28', '2026-02-04 07:51:28', NULL),
	(114, 153, 'sangat baik', 5, '2026-02-05 03:42:59', '2026-02-05 03:42:59', NULL),
	(115, 161, 'makasih mas', 5, '2026-02-05 09:35:47', '2026-02-05 09:35:47', NULL),
	(116, 151, 'Baik sekali', 5, '2026-02-05 20:26:57', '2026-02-05 20:26:57', NULL),
	(117, 170, 'mantab', 5, '2026-02-06 19:18:21', '2026-02-06 19:18:21', NULL),
	(118, 169, 'cepat', 5, '2026-02-06 19:18:29', '2026-02-06 19:18:29', NULL),
	(119, 153, 'sangat fast respon', 5, '2026-02-08 01:22:35', '2026-02-08 01:22:35', NULL),
	(120, 164, 'done', 5, '2026-02-08 20:47:51', '2026-02-08 20:47:51', NULL),
	(121, 152, 'rispek , pelayanan ramah bintang 5 , terima kasih', 5, '2026-02-08 20:59:07', '2026-02-08 20:59:07', NULL),
	(122, 145, 'keren mantap, terpercaya dan cepat', 5, '2026-02-08 20:59:33', '2026-02-08 20:59:33', NULL),
	(123, 176, 'Mantap kali bang', 5, '2026-02-08 21:47:28', '2026-02-08 21:47:28', NULL),
	(124, 161, 'Makasih yaa', 5, '2026-02-09 00:29:12', '2026-02-09 00:29:12', NULL),
	(125, 177, 'mantap', 5, '2026-02-09 23:34:46', '2026-02-09 23:34:46', NULL),
	(126, 173, 'sip', 5, '2026-02-10 20:58:03', '2026-02-10 20:58:03', NULL),
	(127, 192, 'mantap', 5, '2026-02-11 21:50:11', '2026-02-11 21:50:11', NULL),
	(128, 195, 'proses cepat', 5, '2026-02-11 23:16:28', '2026-02-11 23:16:28', NULL),
	(129, 194, 'sip', 5, '2026-02-12 08:32:42', '2026-02-12 08:32:42', NULL),
	(130, 142, 'agile', 5, '2026-02-13 07:48:36', '2026-02-13 07:48:36', NULL),
	(131, 140, 'agile', 5, '2026-02-13 07:49:09', '2026-02-13 07:49:09', NULL),
	(132, 137, 'thnks sudah dibantu hapus GRnya', 5, '2026-02-18 01:51:12', '2026-02-18 01:51:12', NULL),
	(133, 179, 'thank you', 5, '2026-02-19 09:34:56', '2026-02-19 09:34:56', NULL),
	(134, 178, 'mantap', 5, '2026-02-23 02:17:20', '2026-02-23 02:17:20', NULL),
	(135, 160, 'done', 5, '2026-02-26 09:23:17', '2026-02-26 09:23:17', NULL),
	(136, 156, 'done', 5, '2026-02-26 09:23:22', '2026-02-26 09:23:22', NULL),
	(137, 53, '👌😍', 5, '2026-03-05 03:44:01', '2026-03-05 03:44:01', NULL),
	(138, 224, 'Mantap', 5, '2026-03-11 03:30:57', '2026-03-11 03:30:57', NULL),
	(139, 224, 'mantap', 5, '2026-03-11 03:32:10', '2026-03-11 03:32:10', NULL),
	(140, 213, 'mantap', 5, '2026-03-11 03:32:18', '2026-03-11 03:32:18', NULL),
	(141, 211, 'mantap', 5, '2026-03-11 03:32:25', '2026-03-11 03:32:25', NULL),
	(142, 146, 'mantap', 5, '2026-03-25 07:37:49', '2026-03-25 07:37:49', NULL),
	(143, 130, 'Mantap', 5, '2026-03-25 07:38:01', '2026-03-25 07:38:01', NULL),
	(144, 121, 'mantap', 5, '2026-03-25 07:38:30', '2026-03-25 07:38:30', NULL),
	(145, 119, 'mantap', 5, '2026-03-25 07:38:50', '2026-03-25 07:38:50', NULL),
	(146, 220, 'OKE', 5, '2026-03-30 01:28:22', '2026-03-30 01:28:22', NULL),
	(147, 220, 'Terbaik, thank you tim IT', 5, '2026-03-30 02:27:27', '2026-03-30 02:27:27', NULL);

-- membuang struktur untuk table api_ticketing.jobs
CREATE TABLE IF NOT EXISTS `jobs` (
  `id` bigint unsigned NOT NULL AUTO_INCREMENT,
  `queue` varchar(255) COLLATE utf8mb4_unicode_ci NOT NULL,
  `payload` longtext COLLATE utf8mb4_unicode_ci NOT NULL,
  `attempts` tinyint unsigned NOT NULL,
  `reserved_at` int unsigned DEFAULT NULL,
  `available_at` int unsigned NOT NULL,
  `created_at` int unsigned NOT NULL,
  PRIMARY KEY (`id`),
  KEY `jobs_queue_index` (`queue`)
) ENGINE=InnoDB DEFAULT CHARSET=utf8mb4 COLLATE=utf8mb4_unicode_ci;

-- Membuang data untuk tabel api_ticketing.jobs: ~0 rows (lebih kurang)

-- membuang struktur untuk table api_ticketing.job_batches
CREATE TABLE IF NOT EXISTS `job_batches` (
  `id` varchar(255) COLLATE utf8mb4_unicode_ci NOT NULL,
  `name` varchar(255) COLLATE utf8mb4_unicode_ci NOT NULL,
  `total_jobs` int NOT NULL,
  `pending_jobs` int NOT NULL,
  `failed_jobs` int NOT NULL,
  `failed_job_ids` longtext COLLATE utf8mb4_unicode_ci NOT NULL,
  `options` mediumtext COLLATE utf8mb4_unicode_ci,
  `cancelled_at` int DEFAULT NULL,
  `created_at` int NOT NULL,
  `finished_at` int DEFAULT NULL,
  PRIMARY KEY (`id`)
) ENGINE=InnoDB DEFAULT CHARSET=utf8mb4 COLLATE=utf8mb4_unicode_ci;

-- Membuang data untuk tabel api_ticketing.job_batches: ~0 rows (lebih kurang)

-- membuang struktur untuk table api_ticketing.locations
CREATE TABLE IF NOT EXISTS `locations` (
  `id` bigint unsigned NOT NULL AUTO_INCREMENT,
  `name` varchar(150) CHARACTER SET utf8mb4 COLLATE utf8mb4_unicode_ci NOT NULL,
  `created_at` timestamp NULL DEFAULT NULL,
  `updated_at` timestamp NULL DEFAULT NULL,
  `deleted_at` timestamp NULL DEFAULT NULL,
  PRIMARY KEY (`id`) USING BTREE
) ENGINE=InnoDB AUTO_INCREMENT=20 DEFAULT CHARSET=utf8mb4 COLLATE=utf8mb4_unicode_ci ROW_FORMAT=DYNAMIC;

-- Membuang data untuk tabel api_ticketing.locations: ~19 rows (lebih kurang)
INSERT INTO `locations` (`id`, `name`, `created_at`, `updated_at`, `deleted_at`) VALUES
	(1, 'Head Office', '2025-12-26 04:30:01', '2025-12-26 04:30:01', NULL),
	(2, 'Gudang Rawabokor', '2025-12-26 04:30:01', '2025-12-26 04:30:01', NULL),
	(3, 'Gudang Jatake 1', '2025-12-26 04:30:01', '2025-12-26 04:30:01', NULL),
	(4, 'Gudang Jatake 2', '2025-12-26 04:30:01', '2025-12-26 04:30:01', NULL),
	(5, 'Gudang KS-Tubun', '2025-12-26 04:30:01', '2025-12-26 04:30:01', NULL),
	(6, 'Pasar Lama', '2025-12-26 04:30:01', '2025-12-26 04:30:01', NULL),
	(7, 'Poris', '2025-12-26 04:30:01', '2025-12-26 04:30:01', NULL),
	(8, 'Kalideres', '2025-12-26 04:30:01', '2025-12-26 04:30:01', NULL),
	(9, 'Banjar Wijaya', '2025-12-26 04:30:01', '2025-12-26 04:30:01', NULL),
	(10, 'Talaga Bestari', '2025-12-26 04:30:01', '2025-12-26 04:30:01', NULL),
	(11, 'Karawaci Pandan', '2025-12-26 04:30:01', '2025-12-26 04:30:01', NULL),
	(12, 'Karawaci Borobudur', '2025-12-26 04:30:01', '2025-12-26 04:30:01', NULL),
	(13, 'Ciledug', '2025-12-26 04:30:01', '2025-12-26 04:30:01', NULL),
	(14, 'Kelapa Dua', '2025-12-26 04:30:01', '2025-12-26 04:30:01', NULL),
	(15, 'Sepatan', '2025-12-26 04:30:01', '2025-12-26 04:30:01', NULL),
	(16, 'Pamulang', '2025-12-26 04:30:01', '2025-12-26 04:30:01', NULL),
	(17, 'Ciledug Indah', '2025-12-26 04:30:01', '2025-12-26 04:30:01', NULL),
	(18, 'Dasana Indah', '2025-12-26 04:30:01', '2025-12-26 04:30:01', NULL),
	(19, 'Gudang Garuda 21', '2025-12-26 04:30:01', '2025-12-26 04:30:01', NULL);

-- membuang struktur untuk table api_ticketing.migrations
CREATE TABLE IF NOT EXISTS `migrations` (
  `id` int unsigned NOT NULL AUTO_INCREMENT,
  `migration` varchar(255) COLLATE utf8mb4_unicode_ci NOT NULL,
  `batch` int NOT NULL,
  PRIMARY KEY (`id`)
) ENGINE=InnoDB AUTO_INCREMENT=14 DEFAULT CHARSET=utf8mb4 COLLATE=utf8mb4_unicode_ci;

-- Membuang data untuk tabel api_ticketing.migrations: ~0 rows (lebih kurang)
INSERT INTO `migrations` (`id`, `migration`, `batch`) VALUES
	(1, '0001_01_01_000000_locations', 1),
	(2, '0001_01_01_000001_departments', 1),
	(3, '0001_01_01_000003_users', 1),
	(4, '0001_01_01_000004_cache', 1),
	(5, '0001_01_01_000005_jobs', 1),
	(6, '2025_10_09_031645_categories', 1),
	(7, '2025_10_10_031717_assets', 1),
	(8, '2025_10_10_063528_tickets', 1),
	(9, '2025_10_17_010537_feedbacks', 1),
	(10, '2025_10_20_011306_project_headers', 1),
	(11, '2025_10_23_141102_project_on_holds', 1),
	(12, '2025_10_27_103223_create_personal_access_tokens_table', 1),
	(13, '2026_01_28_113114_project_details', 1);

-- membuang struktur untuk table api_ticketing.password_reset_tokens
CREATE TABLE IF NOT EXISTS `password_reset_tokens` (
  `username` varchar(255) COLLATE utf8mb4_unicode_ci NOT NULL,
  `token` varchar(255) COLLATE utf8mb4_unicode_ci NOT NULL,
  `created_at` timestamp NULL DEFAULT NULL,
  PRIMARY KEY (`username`)
) ENGINE=InnoDB DEFAULT CHARSET=utf8mb4 COLLATE=utf8mb4_unicode_ci;

-- Membuang data untuk tabel api_ticketing.password_reset_tokens: ~0 rows (lebih kurang)

-- membuang struktur untuk table api_ticketing.personal_access_tokens
CREATE TABLE IF NOT EXISTS `personal_access_tokens` (
  `id` bigint unsigned NOT NULL AUTO_INCREMENT,
  `tokenable_type` varchar(255) COLLATE utf8mb4_unicode_ci NOT NULL,
  `tokenable_id` bigint unsigned NOT NULL,
  `name` text COLLATE utf8mb4_unicode_ci NOT NULL,
  `token` varchar(64) COLLATE utf8mb4_unicode_ci NOT NULL,
  `abilities` text COLLATE utf8mb4_unicode_ci,
  `last_used_at` timestamp NULL DEFAULT NULL,
  `expires_at` timestamp NULL DEFAULT NULL,
  `created_at` timestamp NULL DEFAULT NULL,
  `updated_at` timestamp NULL DEFAULT NULL,
  PRIMARY KEY (`id`),
  UNIQUE KEY `personal_access_tokens_token_unique` (`token`),
  KEY `personal_access_tokens_tokenable_type_tokenable_id_index` (`tokenable_type`,`tokenable_id`),
  KEY `personal_access_tokens_expires_at_index` (`expires_at`)
) ENGINE=InnoDB AUTO_INCREMENT=105 DEFAULT CHARSET=utf8mb4 COLLATE=utf8mb4_unicode_ci;

-- Membuang data untuk tabel api_ticketing.personal_access_tokens: ~68 rows (lebih kurang)
INSERT INTO `personal_access_tokens` (`id`, `tokenable_type`, `tokenable_id`, `name`, `token`, `abilities`, `last_used_at`, `expires_at`, `created_at`, `updated_at`) VALUES
	(1, 'App\\Models\\User', 1, 'Mozilla/5.0 (Linux; Android 13; SM-G981B) AppleWebKit/537.36 (KHTML, like Gecko) Chrome/144.0.0.0 Mobile Safari/537.36 Edg/144.0.0.0', '7f9074ab3be922007ef8752ef6737d9466f0bbf49269ffc133ec2498467ba076', '["*"]', '2026-02-04 07:10:52', NULL, '2026-02-04 06:58:07', '2026-02-04 07:10:52'),
	(2, 'App\\Models\\User', 1, 'Mozilla/5.0 (Windows NT 10.0; Win64; x64) AppleWebKit/537.36 (KHTML, like Gecko) Chrome/144.0.0.0 Safari/537.36 Edg/144.0.0.0', '5cb52a9fc40b74354f45ed9ea50088631f3fa3d761661cf9d6750744808a4b62', '["*"]', '2026-02-05 02:05:50', NULL, '2026-02-05 01:31:39', '2026-02-05 02:05:50'),
	(3, 'App\\Models\\User', 103, 'Mozilla/5.0 (Linux; Android 13; SM-G981B) AppleWebKit/537.36 (KHTML, like Gecko) Chrome/144.0.0.0 Mobile Safari/537.36 Edg/144.0.0.0', 'a9b71cd7a25bc2d2ad82f9bb8985effbff858d074ff9cf556436251a3bb1bc79', '["*"]', '2026-02-23 20:03:10', NULL, '2026-02-05 02:09:35', '2026-02-23 20:03:10'),
	(4, 'App\\Models\\User', 103, 'Mozilla/5.0 (Windows NT 10.0; Win64; x64) AppleWebKit/537.36 (KHTML, like Gecko) Chrome/144.0.0.0 Safari/537.36', 'd407e22d9d95f74e7d642af56446698bb46fd63c0a1897574435187ff8315ece', '["*"]', '2026-02-06 03:19:15', NULL, '2026-02-06 03:18:47', '2026-02-06 03:19:15'),
	(5, 'App\\Models\\User', 24, 'Mozilla/5.0 (Windows NT 10.0; Win64; x64) AppleWebKit/537.36 (KHTML, like Gecko) Chrome/144.0.0.0 Safari/537.36', '9e1dbdefba3729364b4effca4cb8df1181b70a6c639de4d8b4ecc7befea94fcf', '["*"]', '2026-03-30 01:20:26', NULL, '2026-02-06 03:20:13', '2026-03-30 01:20:26'),
	(6, 'App\\Models\\User', 21, 'Mozilla/5.0 (Windows NT 10.0; Win64; x64) AppleWebKit/537.36 (KHTML, like Gecko) Chrome/144.0.0.0 Safari/537.36', '09377d0fe1125577d5b9cba8f67c5fa00fdb11ba2e245a11d8494e95cd21a9d1', '["*"]', '2026-03-11 07:51:48', NULL, '2026-02-06 03:21:04', '2026-03-11 07:51:48'),
	(7, 'App\\Models\\User', 173, 'Mozilla/5.0 (Windows NT 10.0; Win64; x64) AppleWebKit/537.36 (KHTML, like Gecko) Chrome/144.0.0.0 Safari/537.36', '22996b7fd65a712a62df0687a4b04e57ab6a09cf4ffe083fe9df6efd87a3946f', '["*"]', '2026-02-06 03:24:01', NULL, '2026-02-06 03:22:24', '2026-02-06 03:24:01'),
	(8, 'App\\Models\\User', 18, 'Mozilla/5.0 (Windows NT 10.0; Win64; x64) AppleWebKit/537.36 (KHTML, like Gecko) Chrome/144.0.0.0 Safari/537.36', '0ac09a60dff1dd2301320b5f6abd57aaae745c5dd9ca924b283526c4c13acf0f', '["*"]', '2026-02-06 03:33:32', NULL, '2026-02-06 03:23:09', '2026-02-06 03:33:32'),
	(9, 'App\\Models\\User', 103, 'Mozilla/5.0 (Linux; Android 10; K) AppleWebKit/537.36 (KHTML, like Gecko) Chrome/144.0.0.0 Mobile Safari/537.36', '45f94654cbbe300e4e5965913bb1208d884657c2c6cc43a4841061fb2e21f564', '["*"]', '2026-02-06 03:25:46', NULL, '2026-02-06 03:25:27', '2026-02-06 03:25:46'),
	(10, 'App\\Models\\User', 213, 'Mozilla/5.0 (Linux; Android 10; K) AppleWebKit/537.36 (KHTML, like Gecko) Chrome/144.0.0.0 Mobile Safari/537.36', 'a522eb6192c691916521a18403d5a60e9a2982784814d8adaf5ec05271a2ab9e', '["*"]', '2026-02-06 03:27:08', NULL, '2026-02-06 03:26:47', '2026-02-06 03:27:08'),
	(11, 'App\\Models\\User', 103, 'Mozilla/5.0 (Linux; Android 10; K) AppleWebKit/537.36 (KHTML, like Gecko) Chrome/144.0.0.0 Mobile Safari/537.36', '17562f718b4990ae48a867c1e99bb43e69b4585dd10d955ab1ace8bf0bd2c780', '["*"]', '2026-02-06 03:31:54', NULL, '2026-02-06 03:27:32', '2026-02-06 03:31:54'),
	(12, 'App\\Models\\User', 174, 'Mozilla/5.0 (Windows NT 10.0; Win64; x64) AppleWebKit/537.36 (KHTML, like Gecko) Chrome/139.0.0.0 Safari/537.36', 'fec20845d252d178485a5b58a6748ae7682332e1fa6ba5461109b65a9f33c06e', '["*"]', '2026-03-27 03:25:44', NULL, '2026-02-06 03:27:42', '2026-03-27 03:25:44'),
	(13, 'App\\Models\\User', 174, 'Mozilla/5.0 (Windows NT 10.0; Win64; x64) AppleWebKit/537.36 (KHTML, like Gecko) Chrome/141.0.0.0 Safari/537.36', 'a1920933f2a9d77a929a51581a99e836bdd78c92093898b355146c82b2bf2ad3', '["*"]', '2026-03-11 03:33:18', NULL, '2026-02-06 03:27:52', '2026-03-11 03:33:18'),
	(14, 'App\\Models\\User', 174, 'Mozilla/5.0 (Linux; Android 10; K) AppleWebKit/537.36 (KHTML, like Gecko) Chrome/144.0.0.0 Mobile Safari/537.36', '5b3c8134674393cd4015fb78a31b1a3e47a7862327b7261c52f027e3ad1ee64e', '["*"]', '2026-02-06 03:33:51', NULL, '2026-02-06 03:33:49', '2026-02-06 03:33:51'),
	(15, 'App\\Models\\User', 174, 'Mozilla/5.0 (Windows NT 10.0; Win64; x64) AppleWebKit/537.36 (KHTML, like Gecko) Chrome/144.0.0.0 Safari/537.36', 'aa9336d5a71925ab17e6e881008cbe202c1779146a13c5483afc0bcffd5c8800', '["*"]', '2026-02-06 03:40:55', NULL, '2026-02-06 03:33:50', '2026-02-06 03:40:55'),
	(16, 'App\\Models\\User', 103, 'Mozilla/5.0 (Windows NT 10.0; Win64; x64) AppleWebKit/537.36 (KHTML, like Gecko) Chrome/144.0.0.0 Safari/537.36 Edg/144.0.0.0', 'fffb8b1b7317b3485daff96bae8ed3602cea03e6a5a16cce66ab81f29d95ace2', '["*"]', '2026-02-06 08:17:56', NULL, '2026-02-06 03:34:29', '2026-02-06 08:17:56'),
	(17, 'App\\Models\\User', 173, 'Mozilla/5.0 (Linux; Android 13; SM-G981B) AppleWebKit/537.36 (KHTML, like Gecko) Chrome/144.0.0.0 Mobile Safari/537.36 Edg/144.0.0.0', 'd5ad1937b6ba0559d7fda393a9243ee516bdbffa07720de203d42cfb90a878b9', '["*"]', '2026-02-06 03:39:58', NULL, '2026-02-06 03:37:28', '2026-02-06 03:39:58'),
	(18, 'App\\Models\\User', 173, 'Mozilla/5.0 (Linux; Android 13; SM-G981B) AppleWebKit/537.36 (KHTML, like Gecko) Chrome/144.0.0.0 Mobile Safari/537.36 Edg/144.0.0.0', '03ebed49806ded276771914bf925a29b4efbb4aa9d061aa6427a32181dba1ed1', '["*"]', '2026-02-06 03:42:28', NULL, '2026-02-06 03:42:17', '2026-02-06 03:42:28'),
	(19, 'App\\Models\\User', 214, 'Mozilla/5.0 (Linux; Android 13; SM-G981B) AppleWebKit/537.36 (KHTML, like Gecko) Chrome/144.0.0.0 Mobile Safari/537.36 Edg/144.0.0.0', 'd1ac33cc4b481166a75ddb31966c8d97751059ba488b55995e5e0a3fafc2ef02', '["*"]', '2026-02-06 03:42:43', NULL, '2026-02-06 03:42:41', '2026-02-06 03:42:43'),
	(20, 'App\\Models\\User', 103, 'Mozilla/5.0 (Linux; Android 10; K) AppleWebKit/537.36 (KHTML, like Gecko) Chrome/144.0.0.0 Mobile Safari/537.36', '1f896e05a8fd48247d3a968129661edbbc0c1cd1bbb184e57a61735ca481e179', '["*"]', '2026-02-06 08:06:11', NULL, '2026-02-06 03:44:34', '2026-02-06 08:06:11'),
	(21, 'App\\Models\\User', 18, 'Mozilla/5.0 (Windows NT 10.0; Win64; x64) AppleWebKit/537.36 (KHTML, like Gecko) Chrome/144.0.0.0 Safari/537.36', '4644763c8e38390866337c064c526594c334eaa63631ef339a47776df3f1d4c3', '["*"]', '2026-02-06 04:02:36', NULL, '2026-02-06 03:45:02', '2026-02-06 04:02:36'),
	(22, 'App\\Models\\User', 173, 'Mozilla/5.0 (Windows NT 10.0; Win64; x64) AppleWebKit/537.36 (KHTML, like Gecko) Chrome/144.0.0.0 Safari/537.36 Edg/144.0.0.0', '0ce9003d3bc1abb712ed17447efe1aee4ad851b4ce18fb899dd9d47704dfc153', '["*"]', '2026-02-06 07:38:30', NULL, '2026-02-06 03:50:55', '2026-02-06 07:38:30'),
	(23, 'App\\Models\\User', 24, 'Mozilla/5.0 (Windows NT 10.0; Win64; x64) AppleWebKit/537.36 (KHTML, like Gecko) Chrome/144.0.0.0 Safari/537.36 Edg/144.0.0.0', 'a5928d12c7ff538ca3748fcf303a497630e96aae8715c636281177edf653cbe4', '["*"]', '2026-02-06 03:51:33', NULL, '2026-02-06 03:51:32', '2026-02-06 03:51:33'),
	(24, 'App\\Models\\User', 215, 'Mozilla/5.0 (Windows NT 10.0; Win64; x64) AppleWebKit/537.36 (KHTML, like Gecko) Chrome/144.0.0.0 Safari/537.36 Edg/144.0.0.0', '51d6d5ecf6dc5d5d43113d4ef4ed426b7b7f5d5cb08ea71c31f74d297eb6f461', '["*"]', '2026-02-06 03:51:48', NULL, '2026-02-06 03:51:47', '2026-02-06 03:51:48'),
	(25, 'App\\Models\\User', 186, 'Mozilla/5.0 (Windows NT 10.0; Win64; x64) AppleWebKit/537.36 (KHTML, like Gecko) Chrome/144.0.0.0 Safari/537.36', 'd2846602b05a6cdbcfe00c6e40bce103414e7e118a3711f84c21c3fd98dae056', '["*"]', '2026-03-16 03:03:03', NULL, '2026-02-06 04:08:29', '2026-03-16 03:03:03'),
	(26, 'App\\Models\\User', 173, 'Mozilla/5.0 (Windows NT 10.0; Win64; x64) AppleWebKit/537.36 (KHTML, like Gecko) Chrome/144.0.0.0 Safari/537.36 Edg/144.0.0.0', '8db8a95fd81a9227a1d83e5b4a89d271a9713b731173d3f7f4425714892af479', '["*"]', '2026-02-09 01:46:04', NULL, '2026-02-06 04:20:30', '2026-02-09 01:46:04'),
	(27, 'App\\Models\\User', 103, 'Mozilla/5.0 (Windows NT 10.0; Win64; x64) AppleWebKit/537.36 (KHTML, like Gecko) Chrome/144.0.0.0 Safari/537.36', '42cb09cd132aaeb9ce66ea0d2187dded349cfb22daeede85d1b66aa3aab893d1', '["*"]', '2026-02-06 04:23:37', NULL, '2026-02-06 04:20:44', '2026-02-06 04:23:37'),
	(28, 'App\\Models\\User', 173, 'Mozilla/5.0 (Linux; Android 10; K) AppleWebKit/537.36 (KHTML, like Gecko) Chrome/144.0.0.0 Mobile Safari/537.36', '3ff862708fd24e58fd5a0d479fd118e270a92deb242ed4f657e0e697ca01a314', '["*"]', '2026-02-07 06:38:47', NULL, '2026-02-06 04:20:55', '2026-02-07 06:38:47'),
	(29, 'App\\Models\\User', 103, 'Mozilla/5.0 (Windows NT 10.0; Win64; x64) AppleWebKit/537.36 (KHTML, like Gecko) Chrome/144.0.0.0 Safari/537.36', 'f6d2dcacdd1711fea69525a4606ac6b76cc389d9d4c76eaecd0b6e0a61802f4f', '["*"]', '2026-02-27 07:12:08', NULL, '2026-02-06 06:07:01', '2026-02-27 07:12:08'),
	(30, 'App\\Models\\User', 173, 'Mozilla/5.0 (Windows NT 10.0; Win64; x64) AppleWebKit/537.36 (KHTML, like Gecko) Chrome/144.0.0.0 Safari/537.36', '3c010b51244d5733fd4159b222f4073400a2477ea1b023a45fc7de8a3e1b38b6', '["*"]', '2026-03-16 06:22:44', NULL, '2026-02-06 06:25:42', '2026-03-16 06:22:44'),
	(31, 'App\\Models\\User', 173, 'Mozilla/5.0 (Windows NT 10.0; Win64; x64) AppleWebKit/537.36 (KHTML, like Gecko) Chrome/144.0.0.0 Safari/537.36 Edg/144.0.0.0', '94a3d5fa472cccd91375d40d97f7e4d1d9b2d50f2f92298b270dd4a0aac22174', '["*"]', '2026-02-06 08:01:15', NULL, '2026-02-06 07:39:12', '2026-02-06 08:01:15'),
	(32, 'App\\Models\\User', 18, 'Mozilla/5.0 (Windows NT 10.0; Win64; x64) AppleWebKit/537.36 (KHTML, like Gecko) Chrome/144.0.0.0 Safari/537.36', '57ad8f908d96b6e16aa7266fc2f534d55db9e24ba238e57e02ccb2cd000118bd', '["*"]', '2026-02-06 07:50:17', NULL, '2026-02-06 07:47:56', '2026-02-06 07:50:17'),
	(33, 'App\\Models\\User', 21, 'Mozilla/5.0 (Linux; Android 10; K) AppleWebKit/537.36 (KHTML, like Gecko) Chrome/144.0.0.0 Mobile Safari/537.36', 'bd6f6398c777628ffcc8bea6c7fc73c49798549976f3cd7e84ab272d1d71f2e2', '["*"]', '2026-02-06 08:08:10', NULL, '2026-02-06 08:06:32', '2026-02-06 08:08:10'),
	(34, 'App\\Models\\User', 213, 'Mozilla/5.0 (Linux; Android 10; K) AppleWebKit/537.36 (KHTML, like Gecko) Chrome/144.0.0.0 Mobile Safari/537.36', '780b169fd180b5339783883777e6cc0b407e90770badb4a87deaf8a380008c98', '["*"]', '2026-02-07 07:26:34', NULL, '2026-02-06 08:06:50', '2026-02-07 07:26:34'),
	(35, 'App\\Models\\User', 173, 'Mozilla/5.0 (Windows NT 10.0; Win64; x64) AppleWebKit/537.36 (KHTML, like Gecko) Chrome/144.0.0.0 Safari/537.36 Edg/144.0.0.0', '2aa40334b3c2fd4a22d2b2d07a3926f8b34985033708d665b56f46a1157e09cc', '["*"]', '2026-02-06 08:40:14', NULL, '2026-02-06 08:40:11', '2026-02-06 08:40:14'),
	(36, 'App\\Models\\User', 177, 'Mozilla/5.0 (Windows NT 10.0; Win64; x64) AppleWebKit/537.36 (KHTML, like Gecko) Chrome/144.0.0.0 Safari/537.36', 'e978e5801765459d0e6b540b4e65665444ac3dc0986dddbb83372e15349602d4', '["*"]', '2026-02-10 06:21:09', NULL, '2026-02-06 09:01:05', '2026-02-10 06:21:09'),
	(37, 'App\\Models\\User', 177, 'Mozilla/5.0 (Windows NT 10.0; Win64; x64) AppleWebKit/537.36 (KHTML, like Gecko) Chrome/144.0.0.0 Safari/537.36', '48efbc2c9622dffc3d7339dd91e70f3e2875e92e58feaf6ffb4615bd69bb391c', '["*"]', '2026-02-06 09:06:39', NULL, '2026-02-06 09:04:18', '2026-02-06 09:06:39'),
	(38, 'App\\Models\\User', 186, 'Mozilla/5.0 (Windows NT 10.0; Win64; x64) AppleWebKit/537.36 (KHTML, like Gecko) Chrome/140.0.0.0 Safari/537.36', '6dce7190d5b5fe377e207c62cb73ad727eba535d2588641d05babfff358b3c55', '["*"]', '2026-03-11 04:24:49', NULL, '2026-02-07 02:18:01', '2026-03-11 04:24:49'),
	(39, 'App\\Models\\User', 103, 'Mozilla/5.0 (Linux; Android 10; K) AppleWebKit/537.36 (KHTML, like Gecko) Chrome/144.0.0.0 Mobile Safari/537.36', '6618487040dce0c2c82eaea2c23b90970888ab98485451cb88098fcb05e1cee4', '["*"]', '2026-03-21 02:12:00', NULL, '2026-02-07 07:26:56', '2026-03-21 02:12:00'),
	(40, 'App\\Models\\User', 103, 'Mozilla/5.0 (Linux; Android 10; K) AppleWebKit/537.36 (KHTML, like Gecko) Chrome/144.0.0.0 Mobile Safari/537.36', 'f14c6518376b43a9d1f551430a38a36ced90e803f94d958c10cdce76016e60d0', '["*"]', '2026-02-10 03:33:32', NULL, '2026-02-07 08:27:41', '2026-02-10 03:33:32'),
	(41, 'App\\Models\\User', 103, 'Mozilla/5.0 (Windows NT 10.0; Win64; x64) AppleWebKit/537.36 (KHTML, like Gecko) Chrome/144.0.0.0 Safari/537.36', '9878bf753ade2bda2b68ec4ada72748c85e6834b0402c4556f03e97f418a2214', '["*"]', '2026-02-08 02:47:32', NULL, '2026-02-08 02:46:58', '2026-02-08 02:47:32'),
	(42, 'App\\Models\\User', 207, 'Mozilla/5.0 (Windows NT 10.0; Win64; x64) AppleWebKit/537.36 (KHTML, like Gecko) Chrome/144.0.0.0 Safari/537.36', '3974c57e8076a24ccd4c44f81b9ff4da6ec0fcd31b5f91243407e2648349f7a0', '["*"]', '2026-03-25 07:38:56', NULL, '2026-02-08 08:21:52', '2026-03-25 07:38:56'),
	(43, 'App\\Models\\User', 174, 'Mozilla/5.0 (Windows NT 10.0; Win64; x64) AppleWebKit/537.36 (KHTML, like Gecko) Chrome/144.0.0.0 Safari/537.36', '42bc08a9a704b5e8b65bc3d900baf987a57fe2aef898554f1b625de7f2dbde5a', '["*"]', '2026-02-12 04:51:39', NULL, '2026-02-08 10:10:35', '2026-02-12 04:51:39'),
	(44, 'App\\Models\\User', 173, 'Mozilla/5.0 (Windows NT 10.0; Win64; x64) AppleWebKit/537.36 (KHTML, like Gecko) Chrome/144.0.0.0 Safari/537.36 Edg/144.0.0.0', '97a2038c147e19dcd2c8c6f0c484d9b6dcc965e2de1e03800a07b3d3ad31030f', '["*"]', '2026-02-09 04:22:32', NULL, '2026-02-09 01:07:49', '2026-02-09 04:22:32'),
	(45, 'App\\Models\\User', 18, 'Mozilla/5.0 (Windows NT 10.0; Win64; x64) AppleWebKit/537.36 (KHTML, like Gecko) Chrome/144.0.0.0 Safari/537.36 Edg/144.0.0.0', 'a1ee82cf47b95b3056aa1056494d467c5dc935971a0b7b5c15a28c1d0a040424', '["*"]', '2026-03-25 01:42:07', NULL, '2026-02-09 01:20:46', '2026-03-25 01:42:07'),
	(46, 'App\\Models\\User', 103, 'Mozilla/5.0 (Windows NT 10.0; Win64; x64) AppleWebKit/537.36 (KHTML, like Gecko) Chrome/144.0.0.0 Safari/537.36 Edg/144.0.0.0', 'fd9ddd002063d38cfe746a0c1dcf5b99c58cf1cdc9b6886236d8516a534ed7c4', '["*"]', '2026-02-12 08:31:11', NULL, '2026-02-09 01:46:14', '2026-02-12 08:31:11'),
	(47, 'App\\Models\\User', 176, 'Mozilla/5.0 (Windows NT 10.0; Win64; x64) AppleWebKit/537.36 (KHTML, like Gecko) Chrome/132.0.0.0 Safari/537.36', '5f4cabd27e738e3e7b85774d7c5292fb10ebd71f3bfc7a22d2de95dc72898c18', '["*"]', '2026-02-10 06:34:47', NULL, '2026-02-09 03:56:54', '2026-02-10 06:34:47'),
	(48, 'App\\Models\\User', 176, 'Mozilla/5.0 (Windows NT 10.0; Win64; x64) AppleWebKit/537.36 (KHTML, like Gecko) Chrome/144.0.0.0 Safari/537.36', '6206fe2e1814170b3c65cb7d9eba92564f8b48b966730598d3d6ad0dd3d6d637', '["*"]', '2026-02-09 03:59:35', NULL, '2026-02-09 03:58:33', '2026-02-09 03:59:35'),
	(49, 'App\\Models\\User', 103, 'Mozilla/5.0 (Windows NT 10.0; Win64; x64) AppleWebKit/537.36 (KHTML, like Gecko) Chrome/144.0.0.0 Safari/537.36 Edg/144.0.0.0', 'c5d735b0ca2abe3448961eecea276f617466f115fcb68317c1674e1b8391997e', '["*"]', '2026-02-12 08:08:46', NULL, '2026-02-09 04:22:47', '2026-02-12 08:08:46'),
	(50, 'App\\Models\\User', 174, 'Mozilla/5.0 (Windows NT 10.0; Win64; x64) AppleWebKit/537.36 (KHTML, like Gecko) Chrome/144.0.0.0 Safari/537.36', 'eab62602a0dd9d1436a144b2f5b1f37911948946f3758c4a51077511072ee8f9', '["*"]', '2026-03-03 09:45:50', NULL, '2026-02-09 04:47:07', '2026-03-03 09:45:50'),
	(51, 'App\\Models\\User', 170, 'Mozilla/5.0 (Windows NT 10.0; Win64; x64) AppleWebKit/537.36 (KHTML, like Gecko) Chrome/144.0.0.0 Safari/537.36', 'b93f5f66aed0f7a64d429fe371a49708b4e40659bac385aab06a2d10cdb07fa1', '["*"]', '2026-03-03 09:49:32', NULL, '2026-02-09 07:28:57', '2026-03-03 09:49:32'),
	(52, 'App\\Models\\User', 103, 'Mozilla/5.0 (Windows NT 10.0; Win64; x64) AppleWebKit/537.36 (KHTML, like Gecko) Chrome/144.0.0.0 Safari/537.36 Edg/144.0.0.0', '836eafd9e336153453a72f0dcb56627f4e2fb364a1b18e76c6fc5b4b23a68721', '["*"]', '2026-02-09 08:34:10', NULL, '2026-02-09 08:32:18', '2026-02-09 08:34:10'),
	(53, 'App\\Models\\User', 103, 'Mozilla/5.0 (Windows NT 10.0; Win64; x64) AppleWebKit/537.36 (KHTML, like Gecko) Chrome/144.0.0.0 Safari/537.36', 'de8b681fa837841fc93f5d143b8d266b88130e1cd41b5cbe8c9f5c3badd32d41', '["*"]', '2026-02-09 10:07:25', NULL, '2026-02-09 09:41:45', '2026-02-09 10:07:25'),
	(54, 'App\\Models\\User', 103, 'Mozilla/5.0 (Windows NT 10.0; Win64; x64) AppleWebKit/537.36 (KHTML, like Gecko) Chrome/144.0.0.0 Safari/537.36', '4b3e40b5e8f8f6d9f4df6c3a11e87d0dc0fc9f88d78ad63327991e42edbe76c9', '["*"]', '2026-03-07 08:30:24', NULL, '2026-02-09 09:42:30', '2026-03-07 08:30:24'),
	(55, 'App\\Models\\User', 176, 'Mozilla/5.0 (Windows NT 10.0; Win64; x64) AppleWebKit/537.36 (KHTML, like Gecko) Chrome/144.0.0.0 Safari/537.36', '7128984b6c2fa24271ef5dde63100d8d0542df060637b412f514fafd2c4b0e3c', '["*"]', '2026-02-12 04:50:13', NULL, '2026-02-10 06:33:25', '2026-02-12 04:50:13'),
	(56, 'App\\Models\\User', 176, 'Mozilla/5.0 (Windows NT 10.0; Win64; x64) AppleWebKit/537.36 (KHTML, like Gecko) Chrome/144.0.0.0 Safari/537.36', '725d03e6137f9712c2274a1c5c731b6a7b6fd8d3b069a13685e1681d3467422c', '["*"]', '2026-02-10 07:37:37', NULL, '2026-02-10 07:34:47', '2026-02-10 07:37:37'),
	(57, 'App\\Models\\User', 186, 'Mozilla/5.0 (Windows NT 10.0; Win64; x64) AppleWebKit/537.36 (KHTML, like Gecko) Chrome/145.0.0.0 Safari/537.36', '536812551b74320bfdf983ab9270d022206051e64a47b5f70bd7d51be982f42b', '["*"]', '2026-03-13 06:02:10', NULL, '2026-02-11 03:58:27', '2026-03-13 06:02:10'),
	(58, 'App\\Models\\User', 176, 'Mozilla/5.0 (Windows NT 10.0; Win64; x64) AppleWebKit/537.36 (KHTML, like Gecko) Chrome/144.0.0.0 Safari/537.36', 'ba571e30d7f0064ea1d2189737d3e3fe221f69dda02b4980f6e01cd007ffcd21', '["*"]', '2026-02-12 06:16:29', NULL, '2026-02-12 04:50:12', '2026-02-12 06:16:29'),
	(59, 'App\\Models\\User', 18, 'Mozilla/5.0 (Windows NT 10.0; Win64; x64) AppleWebKit/537.36 (KHTML, like Gecko) Chrome/144.0.0.0 Safari/537.36', '07720d8e6763ac895501adbce43036c6b901d1dd33f6a1ea977391d7ce15fc7a', '["*"]', '2026-03-25 07:38:52', NULL, '2026-02-12 04:52:01', '2026-03-25 07:38:52'),
	(60, 'App\\Models\\User', 203, 'Mozilla/5.0 (Windows NT 10.0; Win64; x64) AppleWebKit/537.36 (KHTML, like Gecko) Chrome/144.0.0.0 Safari/537.36', '97937eab60403aff2f5eea7cf9079696128d7cbcac5e115b886814337a17cae4', '["*"]', '2026-02-19 03:44:58', NULL, '2026-02-12 06:09:46', '2026-02-19 03:44:58'),
	(61, 'App\\Models\\User', 103, 'Mozilla/5.0 (Windows NT 10.0; Win64; x64) AppleWebKit/537.36 (KHTML, like Gecko) Chrome/144.0.0.0 Safari/537.36 Edg/144.0.0.0', 'e669ecfed801d1d9c4a5816c3d0b9908cc9adfa800961705adb42f9041d1d320', '["*"]', '2026-02-24 06:24:43', NULL, '2026-02-12 08:12:27', '2026-02-24 06:24:43'),
	(62, 'App\\Models\\User', 175, 'Mozilla/5.0 (iPhone; CPU iPhone OS 18_5 like Mac OS X) AppleWebKit/605.1.15 (KHTML, like Gecko) Version/18.5 Mobile/15E148 Safari/604.1 Edg/144.0.0.0', 'ee1f9804132297808c99efc9fbe824474e5ffd71cbc426b0dcc37c4325e8a335', '["*"]', '2026-02-12 08:31:24', NULL, '2026-02-12 08:31:23', '2026-02-12 08:31:24'),
	(63, 'App\\Models\\User', 176, 'Mozilla/5.0 (Windows NT 10.0; Win64; x64) AppleWebKit/537.36 (KHTML, like Gecko) Chrome/144.0.0.0 Safari/537.36 Edg/144.0.0.0', '368e192e0b509c2bad768eb1831b2622948bda3734f144f5319bc9373d1b34ae', '["*"]', '2026-02-12 09:11:53', NULL, '2026-02-12 08:43:11', '2026-02-12 09:11:53'),
	(64, 'App\\Models\\User', 103, 'Mozilla/5.0 (Windows NT 10.0; Win64; x64) AppleWebKit/537.36 (KHTML, like Gecko) Chrome/144.0.0.0 Safari/537.36 Edg/144.0.0.0', '7726b1119cdda99cd841292ab8280bd205602a133220836c6d78215b8d6eb4a5', '["*"]', '2026-02-13 08:50:40', NULL, '2026-02-12 09:14:58', '2026-02-13 08:50:40'),
	(65, 'App\\Models\\User', 175, 'Mozilla/5.0 (Windows NT 10.0; Win64; x64) AppleWebKit/537.36 (KHTML, like Gecko) Chrome/144.0.0.0 Safari/537.36', '90fe9d7c289ca4639301e4352a6fcfce6bda3e3c11eb6ae60c8750e14fe0f4c5', '["*"]', '2026-02-13 02:35:09', NULL, '2026-02-13 02:35:06', '2026-02-13 02:35:09'),
	(66, 'App\\Models\\User', 103, 'Mozilla/5.0 (Windows NT 10.0; Win64; x64) AppleWebKit/537.36 (KHTML, like Gecko) Chrome/144.0.0.0 Safari/537.36', 'b172a27f8e3656cbc485849b5f90832097cf280cf59f173749ea5622a93bc579', '["*"]', '2026-02-13 04:30:20', NULL, '2026-02-13 04:27:11', '2026-02-13 04:30:20'),
	(67, 'App\\Models\\User', 175, 'Mozilla/5.0 (Windows NT 10.0; Win64; x64) AppleWebKit/537.36 (KHTML, like Gecko) Chrome/144.0.0.0 Safari/537.36', '521f41e87a02d5ef92452ffb15e84a573bdeadd442c04dc8e9c01ddbc67d5916', '["*"]', '2026-02-20 07:01:54', NULL, '2026-02-13 07:47:58', '2026-02-20 07:01:54'),
	(68, 'App\\Models\\User', 176, 'Mozilla/5.0 (iPhone; CPU iPhone OS 18_5 like Mac OS X) AppleWebKit/605.1.15 (KHTML, like Gecko) Version/18.5 Mobile/15E148 Safari/604.1 Edg/144.0.0.0', 'f35660d55178f42271d64314aa58cf3c3f846da18a74414d440b99e5a2a3eb83', '["*"]', '2026-02-16 14:13:07', NULL, '2026-02-13 08:50:51', '2026-02-16 14:13:07'),
	(69, 'App\\Models\\User', 103, 'Mozilla/5.0 (Windows NT 10.0; Win64; x64) AppleWebKit/537.36 (KHTML, like Gecko) Chrome/144.0.0.0 Safari/537.36 Edg/144.0.0.0', '5573a4da215f095f21f2bfb7f4f7a00a86a62e00cd25a891aff4093e7de4c1ab', '["*"]', '2026-02-16 14:21:53', NULL, '2026-02-16 14:21:42', '2026-02-16 14:21:53'),
	(70, 'App\\Models\\User', 103, 'Mozilla/5.0 (iPhone; CPU iPhone OS 18_5 like Mac OS X) AppleWebKit/605.1.15 (KHTML, like Gecko) Version/18.5 Mobile/15E148 Safari/604.1 Edg/144.0.0.0', 'c86880166d029225ca9cb9c3a9c9b7d5d62cf77356f03cb35c7bddc4ba0ebcce', '["*"]', '2026-02-23 04:39:37', NULL, '2026-02-16 14:34:45', '2026-02-23 04:39:37'),
	(71, 'App\\Models\\User', 184, 'Mozilla/5.0 (Windows NT 10.0; Win64; x64) AppleWebKit/537.36 (KHTML, like Gecko) Chrome/145.0.0.0 Safari/537.36', 'cd9462a8e9fce5ef627beecca13728abf94172f58b967ce0a55a4eca50c775ed', '["*"]', '2026-03-30 03:38:48', NULL, '2026-02-18 01:47:05', '2026-03-30 03:38:48'),
	(72, 'App\\Models\\User', 184, 'Mozilla/5.0 (Windows NT 10.0; Win64; x64) AppleWebKit/537.36 (KHTML, like Gecko) Chrome/145.0.0.0 Safari/537.36', 'dbf1e0295f96913177e6aac84dd1aea747b710cca41440c069ecaf4c3e96afe8', '["*"]', '2026-03-05 03:22:39', NULL, '2026-02-18 01:50:30', '2026-03-05 03:22:39'),
	(73, 'App\\Models\\User', 203, 'Mozilla/5.0 (Windows NT 10.0; Win64; x64) AppleWebKit/537.36 (KHTML, like Gecko) Chrome/144.0.0.0 Safari/537.36', 'f81f98c33de0e73d048d1c8c3a426a7278001055b636b8d519b9490d0aeeaae6', '["*"]', '2026-03-30 02:29:40', NULL, '2026-02-18 03:48:33', '2026-03-30 02:29:40'),
	(74, 'App\\Models\\User', 103, 'Mozilla/5.0 (Windows NT 10.0; Win64; x64) AppleWebKit/537.36 (KHTML, like Gecko) Chrome/145.0.0.0 Safari/537.36 Edg/145.0.0.0', '88037819ca3f1404a19db4ed0e2b7af2e84a3d346881341e904dbfa1a78d166b', '["*"]', '2026-02-20 06:34:15', NULL, '2026-02-20 02:00:47', '2026-02-20 06:34:15'),
	(75, 'App\\Models\\User', 69, 'Mozilla/5.0 (Windows NT 10.0; Win64; x64) AppleWebKit/537.36 (KHTML, like Gecko) Chrome/144.0.0.0 Safari/537.36', '90255ce8e726bc5b74c1ba328d8af641c9a587705e5b8149ea851d46ff4084f2', '["*"]', '2026-03-25 05:01:57', NULL, '2026-02-23 02:27:18', '2026-03-25 05:01:57'),
	(76, 'App\\Models\\User', 176, 'Mozilla/5.0 (Windows NT 10.0; Win64; x64) AppleWebKit/537.36 (KHTML, like Gecko) Chrome/145.0.0.0 Safari/537.36 Edg/145.0.0.0', '70005f77e09715204a175f90e5cbad4c41061065f192ef37c026cf6cd50d430c', '["*"]', '2026-02-23 04:41:07', NULL, '2026-02-23 04:41:05', '2026-02-23 04:41:07'),
	(77, 'App\\Models\\User', 174, 'Mozilla/5.0 (Windows NT 10.0; Win64; x64) AppleWebKit/537.36 (KHTML, like Gecko) Chrome/145.0.0.0 Safari/537.36 Edg/145.0.0.0', 'b15444701d2ef8521d6cc4e1b0d6739a3c358933f0cc763dd2f0596d1e1fbb83', '["*"]', '2026-02-23 04:41:50', NULL, '2026-02-23 04:41:47', '2026-02-23 04:41:50'),
	(78, 'App\\Models\\User', 177, 'Mozilla/5.0 (Windows NT 10.0; Win64; x64) AppleWebKit/537.36 (KHTML, like Gecko) Chrome/145.0.0.0 Safari/537.36 Edg/145.0.0.0', '25fb0777314aaa372bbb31029d13ede996cfd9e6b47c8605d3f2a10ec5263837', '["*"]', '2026-02-23 04:42:05', NULL, '2026-02-23 04:42:03', '2026-02-23 04:42:05'),
	(79, 'App\\Models\\User', 103, 'Mozilla/5.0 (Windows NT 10.0; Win64; x64) AppleWebKit/537.36 (KHTML, like Gecko) Chrome/145.0.0.0 Safari/537.36 Edg/145.0.0.0', '2dfe133c6bf84595efaca045dc9667825679d447b3f19f821432b9df1117f323', '["*"]', '2026-03-07 05:57:50', NULL, '2026-02-23 04:47:31', '2026-03-07 05:57:50'),
	(80, 'App\\Models\\User', 175, 'Mozilla/5.0 (Windows NT 10.0; Win64; x64) AppleWebKit/537.36 (KHTML, like Gecko) Chrome/145.0.0.0 Safari/537.36 Edg/145.0.0.0', '3fde4630bd2e8b360976e6bce408732cc2691df70d948b24c0572242b3c1a8ba', '["*"]', '2026-02-26 06:28:16', NULL, '2026-02-26 04:20:31', '2026-02-26 06:28:16'),
	(81, 'App\\Models\\User', 67, 'Mozilla/5.0 (Windows NT 10.0; Win64; x64) AppleWebKit/537.36 (KHTML, like Gecko) Chrome/145.0.0.0 Safari/537.36', 'f754cf6467c261c2373e224c96b7cd3ab9f41913c9a271c40e9b149ef4561f0a', '["*"]', '2026-02-26 09:19:53', NULL, '2026-02-26 09:19:50', '2026-02-26 09:19:53'),
	(82, 'App\\Models\\User', 207, 'Mozilla/5.0 (Windows NT 10.0; Win64; x64) AppleWebKit/537.36 (KHTML, like Gecko) Chrome/145.0.0.0 Safari/537.36', 'b0680fd66f5f9933fe1d987068600d37fd5fd43f08ac3bf3812bcdea0f5d95d1', '["*"]', '2026-02-26 09:25:24', NULL, '2026-02-26 09:20:51', '2026-02-26 09:25:24'),
	(83, 'App\\Models\\User', 213, 'Mozilla/5.0 (Windows NT 10.0; Win64; x64) AppleWebKit/537.36 (KHTML, like Gecko) Chrome/145.0.0.0 Safari/537.36', 'da65e8d3c8b10d4e9bc596f7ee906bd7e6e32f96be8025d77d8a6df5d66ec39f', '["*"]', '2026-02-27 03:53:59', NULL, '2026-02-26 09:21:38', '2026-02-27 03:53:59'),
	(84, 'App\\Models\\User', 15, 'Mozilla/5.0 (Windows NT 10.0; Win64; x64) AppleWebKit/537.36 (KHTML, like Gecko) Chrome/145.0.0.0 Safari/537.36', '0a87c40ee8a4dcd950e32dde90339d4096dbd2a2ad1502d25eeec90db4dd33dc', '["*"]', '2026-02-27 09:17:43', NULL, '2026-02-27 09:17:20', '2026-02-27 09:17:43'),
	(85, 'App\\Models\\User', 173, 'Mozilla/5.0 (Windows NT 10.0; Win64; x64) AppleWebKit/537.36 (KHTML, like Gecko) Chrome/145.0.0.0 Safari/537.36', 'dd2c77e056ea494221c93b521dbe31a3eb57f0de33715ac595b525a2ef6d8f72', '["*"]', '2026-03-03 09:05:58', NULL, '2026-03-03 07:03:22', '2026-03-03 09:05:58'),
	(86, 'App\\Models\\User', 174, 'Mozilla/5.0 (Windows NT 10.0; Win64; x64) AppleWebKit/537.36 (KHTML, like Gecko) Chrome/145.0.0.0 Safari/537.36', 'a5ee76dec501c01c67b5df00bde4f447155d8954b687133aed730cd1b6d40ea8', '["*"]', '2026-03-16 01:56:54', NULL, '2026-03-05 02:56:30', '2026-03-16 01:56:54'),
	(87, 'App\\Models\\User', 111, 'Mozilla/5.0 (Windows NT 10.0; Win64; x64) AppleWebKit/537.36 (KHTML, like Gecko) Chrome/141.0.0.0 Safari/537.36', 'a563b06af00a57d95d9766015714b883313645f2daf9bbfe8c8a03f9289e121c', '["*"]', '2026-03-05 03:44:38', NULL, '2026-03-05 03:43:26', '2026-03-05 03:44:38'),
	(88, 'App\\Models\\User', 176, 'Mozilla/5.0 (Windows NT 10.0; Win64; x64) AppleWebKit/537.36 (KHTML, like Gecko) Chrome/145.0.0.0 Safari/537.36', 'c4f7cad9eb21f747229b946ce1369d4d1545395671bc966502ebefe73fdfa263', '["*"]', '2026-03-05 07:47:17', NULL, '2026-03-05 07:46:23', '2026-03-05 07:47:17'),
	(89, 'App\\Models\\User', 174, 'Mozilla/5.0 (Windows NT 10.0; Win64; x64) AppleWebKit/537.36 (KHTML, like Gecko) Chrome/145.0.0.0 Safari/537.36', '20745f8dfb605031e4476dacc161afaf5557bb9a658f22b91ebd8b5e97f52491', '["*"]', '2026-03-05 07:48:30', NULL, '2026-03-05 07:47:44', '2026-03-05 07:48:30'),
	(90, 'App\\Models\\User', 15, 'Mozilla/5.0 (Windows NT 10.0; Win64; x64) AppleWebKit/537.36 (KHTML, like Gecko) Chrome/145.0.0.0 Safari/537.36', '82394c16e46346623174af1067fd7d5d5035c07693d80ca734dfb48316cc1327', '["*"]', '2026-03-10 09:59:50', NULL, '2026-03-10 01:56:33', '2026-03-10 09:59:50'),
	(91, 'App\\Models\\User', 15, 'Mozilla/5.0 (Windows NT 10.0; Win64; x64) AppleWebKit/537.36 (KHTML, like Gecko) Chrome/145.0.0.0 Safari/537.36', '5d699f09b3100c7cda5093e507079d3a833c2225d0a827e107a88c7b0bcbdc2f', '["*"]', '2026-03-10 10:02:30', NULL, '2026-03-10 10:00:17', '2026-03-10 10:02:30'),
	(92, 'App\\Models\\User', 207, 'Mozilla/5.0 (Windows NT 10.0; Win64; x64) AppleWebKit/537.36 (KHTML, like Gecko) Chrome/146.0.0.0 Safari/537.36', '535913c2cb53cbea108166bebe39589910148a0ca40c1f4b3e9077a90bbbd3ff', '["*"]', '2026-03-13 03:06:30', NULL, '2026-03-13 03:04:44', '2026-03-13 03:06:30'),
	(93, 'App\\Models\\User', 103, 'Mozilla/5.0 (Windows NT 10.0; Win64; x64) AppleWebKit/537.36 (KHTML, like Gecko) Chrome/145.0.0.0 Safari/537.36', 'a4fec03bd43fc23e4366d1b890d7fbd0df3370912e59350b2dd93e56b5482f2c', '["*"]', '2026-03-14 09:30:37', NULL, '2026-03-14 09:27:28', '2026-03-14 09:30:37'),
	(94, 'App\\Models\\User', 103, 'Mozilla/5.0 (Windows NT 10.0; Win64; x64) AppleWebKit/537.36 (KHTML, like Gecko) Chrome/145.0.0.0 Safari/537.36', 'cb6e05e40f4bde666dc047e4c96dd900281de67071d100e67347f01c298349a3', '["*"]', '2026-03-14 09:56:15', NULL, '2026-03-14 09:48:43', '2026-03-14 09:56:15'),
	(95, 'App\\Models\\User', 186, 'Mozilla/5.0 (Windows NT 10.0; Win64; x64) AppleWebKit/537.36 (KHTML, like Gecko) Chrome/145.0.0.0 Safari/537.36', '20a6701e71afbff5892212d102c4172b88c15acf476431f97972b3f0f944ad97', '["*"]', '2026-03-17 01:15:54', NULL, '2026-03-17 01:07:30', '2026-03-17 01:15:54'),
	(96, 'App\\Models\\User', 174, 'Mozilla/5.0 (Windows NT 10.0; Win64; x64) AppleWebKit/537.36 (KHTML, like Gecko) Chrome/145.0.0.0 Safari/537.36', '7ab191d99e2144fb1e7bd976dfceaab10160b2ae70ce9cc0b001151f45513370', '["*"]', '2026-03-17 09:52:10', NULL, '2026-03-17 09:51:40', '2026-03-17 09:52:10'),
	(97, 'App\\Models\\User', 103, 'Mozilla/5.0 (Windows NT 10.0; Win64; x64) AppleWebKit/537.36 (KHTML, like Gecko) Chrome/146.0.0.0 Safari/537.36', '6978775c0b916a05efc7ee027da422d463d278872df7cc70af65069f13fd59f1', '["*"]', '2026-03-22 14:12:45', NULL, '2026-03-22 14:03:19', '2026-03-22 14:12:45'),
	(98, 'App\\Models\\User', 207, 'Mozilla/5.0 (Windows NT 10.0; Win64; x64) AppleWebKit/537.36 (KHTML, like Gecko) Chrome/146.0.0.0 Safari/537.36', '9373f8f859072c98f7b75c4f7e5d084afc441c027a6371d2499d472918ad54ab', '["*"]', '2026-03-25 07:57:58', NULL, '2026-03-25 07:54:16', '2026-03-25 07:57:58'),
	(99, 'App\\Models\\User', 103, 'Mozilla/5.0 (Linux; Android 10; K) AppleWebKit/537.36 (KHTML, like Gecko) Chrome/146.0.0.0 Mobile Safari/537.36', '6d73dafada9736374f3f61e267ad2e6e1e0613d7203164711aa3db02c5d82285', '["*"]', '2026-03-29 16:37:47', NULL, '2026-03-27 05:17:47', '2026-03-29 16:37:47'),
	(100, 'App\\Models\\User', 103, 'Mozilla/5.0 (Windows NT 10.0; Win64; x64) AppleWebKit/537.36 (KHTML, like Gecko) Chrome/146.0.0.0 Safari/537.36', '500b09cab8bb6c52e0843eea1818367ea4da2efeb390f2b52f8336405ec1be30', '["*"]', '2026-03-27 06:26:51', NULL, '2026-03-27 06:26:46', '2026-03-27 06:26:51'),
	(101, 'App\\Models\\User', 203, 'Mozilla/5.0 (Windows NT 10.0; Win64; x64) AppleWebKit/537.36 (KHTML, like Gecko) Chrome/146.0.0.0 Safari/537.36', '99897086686847f14e9fd018fa501b48a50c75476b1241933bf59dc001ab9c93', '["*"]', '2026-03-30 01:29:59', NULL, '2026-03-30 01:27:57', '2026-03-30 01:29:59'),
	(102, 'App\\Models\\User', 185, 'Mozilla/5.0 (Windows NT 10.0; Win64; x64) AppleWebKit/537.36 (KHTML, like Gecko) Chrome/146.0.0.0 Safari/537.36', '53a0e2fbffa5fc35548988ccd487d0c0cedd841ed7a4c14a959e452fab2174b6', '["*"]', '2026-03-30 02:08:31', NULL, '2026-03-30 02:06:56', '2026-03-30 02:08:31'),
	(103, 'App\\Models\\User', 15, 'Mozilla/5.0 (Windows NT 10.0; Win64; x64) AppleWebKit/537.36 (KHTML, like Gecko) Chrome/146.0.0.0 Safari/537.36', 'dc43956892cf4e0e77dbeaf0f4f1aa1013a3ec8f21d3659749070fadbc606607', '["*"]', '2026-03-30 03:39:57', NULL, '2026-03-30 03:22:26', '2026-03-30 03:39:57'),
	(104, 'App\\Models\\User', 184, 'Mozilla/5.0 (Windows NT 10.0; Win64; x64) AppleWebKit/537.36 (KHTML, like Gecko) Chrome/146.0.0.0 Safari/537.36 Edg/146.0.0.0', '2535898d073a743143ac99b7f94526e156627b03c1beabc528f11f0b507872b3', '["*"]', '2026-03-30 03:43:58', NULL, '2026-03-30 03:37:04', '2026-03-30 03:43:58');

-- membuang struktur untuk table api_ticketing.project_details
CREATE TABLE IF NOT EXISTS `project_details` (
  `id` bigint unsigned NOT NULL AUTO_INCREMENT,
  `project_header_id` bigint unsigned NOT NULL,
  `developer_id` bigint unsigned DEFAULT NULL,
  `progress_date` datetime DEFAULT NULL,
  `status` enum('waiting','in_progress','resolved','void','pending') CHARACTER SET utf8mb4 COLLATE utf8mb4_unicode_ci NOT NULL DEFAULT 'waiting',
  `progress_percent` double NOT NULL DEFAULT '0',
  `description` text CHARACTER SET utf8mb4 COLLATE utf8mb4_unicode_ci,
  `created_at` timestamp NULL DEFAULT NULL,
  `updated_at` timestamp NULL DEFAULT NULL,
  PRIMARY KEY (`id`) USING BTREE,
  KEY `project_detail_project_header_id_foreign` (`project_header_id`) USING BTREE,
  KEY `idx_project_details_developer_id` (`developer_id`),
  CONSTRAINT `fk_project_details_developer` FOREIGN KEY (`developer_id`) REFERENCES `users` (`id`) ON DELETE SET NULL ON UPDATE CASCADE
) ENGINE=InnoDB AUTO_INCREMENT=55 DEFAULT CHARSET=utf8mb4 COLLATE=utf8mb4_unicode_ci ROW_FORMAT=DYNAMIC;

-- Membuang data untuk tabel api_ticketing.project_details: ~16 rows (lebih kurang)
INSERT INTO `project_details` (`id`, `project_header_id`, `developer_id`, `progress_date`, `status`, `progress_percent`, `description`, `created_at`, `updated_at`) VALUES
	(2, 1, 173, '2026-01-09 09:52:27', 'in_progress', 5, 'Desain UI Customer Visit', '2026-01-09 02:52:27', '2026-01-09 02:52:27'),
	(3, 1, 15, '2026-01-09 10:49:50', 'in_progress', 10, 'Fatih sudah buat desain Sales Activity di HP', '2026-01-09 03:49:50', '2026-01-09 03:49:50'),
	(5, 3, 18, '2026-01-09 14:24:20', 'in_progress', 90, 'Aplikasi telah diuji oleh tim AR dan saat ini berjalan normal. Kami masih menunggu konfirmasi dari divisi Finance untuk proses verifikasi WhatsApp Business agar mendapatkan centang biru dan nama tampil otomatis tanpa perlu disimpan.', '2026-01-09 07:24:20', '2026-01-09 07:24:20'),
	(6, 2, 21, '2026-01-06 08:00:00', 'in_progress', 5, 'Migrasi sistem Gsheet untuk ekosistem SCM\r\n- Analisis semua file terkait\r\n- Testing penggunaan formula untuk efisiensi (ternyata tidak bisa karena data yg sudah terlalu banyak)\r\n- Penetapan penggunaan Bigquery untuk tech yg digunakan (perhitungan dari scalabilitas, utilitas, performance dan integrasi ekosistem)\r\n- Rancangan untuk semua fundamental yg dibutuhkan agar terbentuknya konsistensi dalam sistem', '2026-01-09 08:09:45', '2026-01-09 08:09:45'),
	(7, 2, 21, '2026-01-07 08:00:00', 'in_progress', 15, 'Pembuatan \r\n- 7D SAQY\r\n- TS-017-GR Data\r\n\r\nBeserta Scheduling Query nya', '2026-01-09 08:16:10', '2026-01-09 08:16:10'),
	(8, 2, 21, '2026-01-08 08:00:00', 'in_progress', 30, 'Pembuatan \r\n- TS001-QO (Quantity Out) Pilar\r\n- TS003-SOH & SOPO & WO (Stock On Hand & Stock On PO & Work Order) Pilar\r\n\r\nSerta Scheduling Query', '2026-01-09 08:24:21', '2026-01-09 08:24:21'),
	(9, 1, 15, '2026-01-09 15:53:00', 'in_progress', 70, 'Senin\r\nMelakukan perbaikan UI dan UX pada halaman dashboard dengan tujuan meningkatkan kenyamanan dan kemudahan penggunaan. Tampilan dashboard telah disesuaikan, namun data yang ditampilkan masih menggunakan data dummy sebagai tahap pengembangan.\r\n\r\nSelasa – Kamis\r\nMelakukan perbaikan bug pada fitur pencarian alamat yang sebelumnya mengalami kendala. Proses ini mencakup penelusuran sumber masalah, penyesuaian logika pencarian, serta pengujian ulang hingga fitur dapat berjalan dengan normal dan stabil.\r\n\r\nJumat\r\nMelakukan pembuatan halaman untuk pengisian data customer secara manual. Pekerjaan meliputi penyusunan form input, pengaturan alur pengisian data, serta penyesuaian agar halaman dapat digunakan dengan mudah dan efisien.', '2026-01-09 09:02:04', '2026-01-09 09:02:04'),
	(10, 2, 21, '2026-01-09 08:00:00', 'in_progress', 60, 'Pembuatan data\r\n- Data MI22 (untuk kebutuhan root data item, perbaikan banyak nya data yg tidak konsisten pada tipe data Gsheet, hal ini terkendala karena Bigquery sangat Strict)\r\n- TS002-XYZ1 (50%)\r\n\r\npembuatan Scheduling\r\n\r\nPembuatan Scheduling', '2026-01-09 09:52:05', '2026-01-09 09:52:05'),
	(11, 2, 21, '2026-01-12 08:00:00', 'in_progress', 80, 'Update File Import yg dibutuhkan langsung di file SCM, melakukan beberapa Union/Join table agar data yg digunakan dapat terintegrasi tepat guna', '2026-01-12 09:46:03', '2026-01-12 09:46:03'),
	(12, 1, 15, '2026-01-13 08:15:00', 'in_progress', 75, 'Membuat fitur take picture (image belum di tambahkan ke database )', '2026-01-13 01:17:46', '2026-01-13 01:17:46'),
	(13, 1, 15, '2026-01-14 16:14:00', 'in_progress', 78, 'Membuat fitur checkIn dengan map result dan take picture', '2026-01-14 09:17:41', '2026-01-14 09:17:41'),
	(14, 2, 21, '2026-01-13 08:18:00', 'in_progress', 90, 'Pembuatan tabel untuk SCM dan register price', '2026-01-14 09:22:33', '2026-01-14 09:22:33'),
	(15, 2, 21, '2026-01-14 16:21:00', 'in_progress', 98, 'App Scripts dan juga form untuk input data Price\r\n\r\n\r\nAda beberapa kendala, dimana di gsheet untuk penyimpanan data menggunakan index, kendalanya adalah ketika data baru masuk dengan item id yg sama, maka data yg terbaru akan di indexing dengan 0 dan menambahkan index dengan item id yg sama +1, hal ini tidak memungkinkan ketika berhubungan langsung dengan ekosistem Bigquery\r\n\r\nuntuk itu perlu nya perubahan peng index an dengan metode Ascending, dimana data baru akan mendapatkan index yg makin tinggi nilai nya ketika ada item id yg sama', '2026-01-14 09:27:10', '2026-01-14 09:27:10'),
	(16, 1, 15, '2026-01-20 09:39:00', 'in_progress', 80, 'Fix bug pada plan', '2026-01-20 02:41:13', '2026-01-20 02:41:13'),
	(41, 2, 21, '2026-01-26 11:57:00', 'resolved', 100, 'Penyesuaian data done, penggunaan data yg dibutuhkan done, training untuk upload done', '2026-01-28 04:59:57', '2026-01-28 04:59:57'),
	(42, 1, 15, '2026-02-02 08:25:00', 'in_progress', 95, 'Tinggal buat backend untuk dashboard', '2026-02-02 01:28:11', '2026-02-02 01:28:11'),
	(51, 3, 18, '2026-02-06 14:25:00', 'resolved', 100, 'Selesai Membuat WA Blast', '2026-02-06 07:26:21', '2026-02-06 07:26:21'),
	(52, 1, 15, '2026-02-27 11:11:20', 'pending', 95, 'test', '2026-02-27 04:11:20', '2026-02-27 04:11:20'),
	(53, 1, 21, '2026-02-27 11:11:52', 'in_progress', 95, 'test', '2026-02-27 04:11:52', '2026-02-27 04:11:52'),
	(54, 9, 173, '2026-03-10 17:08:00', 'in_progress', 50, 'Meeting tanggal 9 Maret 2026 dan 10 Maret 20206 dengan Rizqi, Bima, Bayu, Apri, Fatih, Agam, dan Azi mencoba prompt ter-akurat untuk rejuve produk dari sisi angle dan view.', '2026-03-10 10:11:42', '2026-03-10 10:11:42');

-- membuang struktur untuk table api_ticketing.project_headers
CREATE TABLE IF NOT EXISTS `project_headers` (
  `id` bigint unsigned NOT NULL AUTO_INCREMENT,
  `project_code` varchar(20) COLLATE utf8mb4_unicode_ci DEFAULT NULL,
  `project_name` varchar(255) COLLATE utf8mb4_unicode_ci DEFAULT NULL,
  `request_date` datetime DEFAULT NULL,
  `requestor_id` bigint unsigned NOT NULL,
  `status` enum('waiting','in_progress','pending','resolved','void') COLLATE utf8mb4_unicode_ci NOT NULL DEFAULT 'waiting',
  `priority` enum('low','medium','high') COLLATE utf8mb4_unicode_ci NOT NULL DEFAULT 'medium',
  `progress_percent` tinyint unsigned NOT NULL DEFAULT '0',
  `description` text COLLATE utf8mb4_unicode_ci,
  `notes` text COLLATE utf8mb4_unicode_ci,
  `progress_date` datetime DEFAULT NULL,
  `start_date` datetime DEFAULT NULL,
  `end_date` datetime DEFAULT NULL,
  `actual_start_date` datetime DEFAULT NULL,
  `actual_end_date` datetime DEFAULT NULL,
  `total_pending_minutes` int NOT NULL DEFAULT '0',
  `effective_end_date` datetime DEFAULT NULL,
  `is_late` tinyint(1) NOT NULL DEFAULT '0',
  `created_at` timestamp NULL DEFAULT NULL,
  `updated_at` timestamp NULL DEFAULT NULL,
  PRIMARY KEY (`id`),
  KEY `project_headers_requestor_id_foreign` (`requestor_id`),
  CONSTRAINT `project_headers_requestor_id_foreign` FOREIGN KEY (`requestor_id`) REFERENCES `users` (`id`) ON DELETE RESTRICT ON UPDATE CASCADE
) ENGINE=InnoDB AUTO_INCREMENT=10 DEFAULT CHARSET=utf8mb4 COLLATE=utf8mb4_unicode_ci;

-- Membuang data untuk tabel api_ticketing.project_headers: ~6 rows (lebih kurang)
INSERT INTO `project_headers` (`id`, `project_code`, `project_name`, `request_date`, `requestor_id`, `status`, `priority`, `progress_percent`, `description`, `notes`, `progress_date`, `start_date`, `end_date`, `actual_start_date`, `actual_end_date`, `total_pending_minutes`, `effective_end_date`, `is_late`, `created_at`, `updated_at`) VALUES
	(1, 'PRJ-001', 'Sales Activity Plan Application', '2025-11-28 09:47:00', 33, 'in_progress', 'high', 95, 'Pengembangan aplikasi mobile untuk mendukung pencatatan dan monitoring aktivitas sales, meliputi perencanaan aktivitas, tracking check-in dan check-out visitasi customer, serta pencatatan follow-up customer melalui telepon. Aplikasi ini bertujuan untuk meningkatkan visibilitas aktivitas sales, akurasi data visitasi, serta menyediakan data real-time sebagai dasar evaluasi produktivitas dan kinerja tim sales.', NULL, '2026-02-02 08:25:00', '2025-12-01 09:45:00', '2026-01-31 09:45:00', NULL, NULL, 0, '2026-01-31 09:45:00', 0, '2026-02-05 02:30:55', '2026-02-27 04:11:52'),
	(2, 'PRJ-002', 'Goto Price', '2026-01-09 02:32:00', 33, 'resolved', 'high', 100, 'Pembuatan ulang Aplikasi Update Sales Price untuk Goto E-Commerce sebagai wadah untuk membaharui Harga jual produk di platform Marketplace. Aktivitas input oleh dept. Product dan aktivitas view oleh dept. Goto E-Commerce.', NULL, '2026-01-06 08:01:00', '2026-01-06 02:33:00', '2026-01-12 02:33:00', '2026-01-06 09:58:32', '2026-01-26 11:57:00', 0, '2026-01-12 02:33:00', 1, '2026-02-05 02:34:02', '2026-02-05 02:58:32'),
	(3, 'PRJ-003', 'WA Billing Blast untuk Finance AR', '2026-01-09 02:34:00', 33, 'resolved', 'high', 100, 'Pembuatan Aplikasi WhatsApp Blast untuk mendukung sistem pengiriman penagihan secara massal melalui WhatsApp, dengan menggunakan template pesan dan data yang terstruktur serta terotomasi. Aplikasi ini dirancang untuk memudahkan tim penagihan dalam mengelompokkan invoice dan menyusun pesan penagihan yang disesuaikan untuk setiap pelanggan secara efisien dan konsisten', NULL, '2026-02-06 14:25:00', '2025-12-11 02:35:00', '2026-02-14 02:35:00', '2026-01-09 09:52:38', '2026-02-06 14:25:00', 0, '2026-02-14 02:35:00', 0, '2026-02-05 02:35:37', '2026-02-06 07:26:21'),
	(5, 'PRJ-005', 'Implementing Budgeting in Netsuite', '2026-01-12 04:23:00', 26, 'waiting', 'medium', 0, 'Mengimplementasikan Budgeting ke dalam Netsuite sampai di laporan laba rugi di Netsuite', NULL, NULL, '2026-01-12 04:29:00', '2026-02-12 04:29:00', NULL, NULL, 0, NULL, 0, '2026-02-06 04:31:10', '2026-02-06 04:31:10'),
	(8, 'PRJ-008', 'Renew Buyer Tools', '2026-03-10 10:04:00', 33, 'waiting', 'high', 0, 'Renew Buyer Tools agar performa meningkat dan data akurat.', NULL, NULL, '2026-03-11 01:00:00', '2026-03-24 10:04:00', NULL, NULL, 0, NULL, 0, '2026-03-10 10:07:28', '2026-03-10 10:07:28'),
	(9, 'PRJ-009', 'Buat Prompt Database untuk kebutuhan Designer rejuve produk di Marketplace', '2026-03-04 10:06:00', 158, 'in_progress', 'high', 50, 'Buat Prompt Database untuk digunakan Designer untuk rejuve image untuk menghasilkan total 640-an image untuk marketplace', NULL, '2026-03-10 17:08:00', '2026-03-09 01:00:00', '2026-03-12 10:06:00', '2026-03-10 17:11:42', NULL, 0, NULL, 0, '2026-03-10 10:10:02', '2026-03-10 10:11:42');

-- membuang struktur untuk table api_ticketing.project_on_holds
CREATE TABLE IF NOT EXISTS `project_on_holds` (
  `id` bigint unsigned NOT NULL AUTO_INCREMENT,
  `project_header_id` bigint unsigned NOT NULL,
  `hold_start` timestamp NULL DEFAULT NULL,
  `hold_end` timestamp NULL DEFAULT NULL,
  `reason` text COLLATE utf8mb4_unicode_ci,
  `duration_minutes` int DEFAULT NULL,
  `created_at` timestamp NULL DEFAULT NULL,
  `updated_at` timestamp NULL DEFAULT NULL,
  PRIMARY KEY (`id`),
  KEY `project_on_holds_project_header_id_foreign` (`project_header_id`),
  CONSTRAINT `project_on_holds_project_header_id_foreign` FOREIGN KEY (`project_header_id`) REFERENCES `project_headers` (`id`) ON DELETE CASCADE
) ENGINE=InnoDB AUTO_INCREMENT=3 DEFAULT CHARSET=utf8mb4 COLLATE=utf8mb4_unicode_ci;

-- Membuang data untuk tabel api_ticketing.project_on_holds: ~0 rows (lebih kurang)
INSERT INTO `project_on_holds` (`id`, `project_header_id`, `hold_start`, `hold_end`, `reason`, `duration_minutes`, `created_at`, `updated_at`) VALUES
	(2, 1, '2026-02-27 04:11:20', '2026-02-27 04:11:52', 'test', 1, '2026-02-27 04:11:20', '2026-02-27 04:11:52');

-- membuang struktur untuk table api_ticketing.sessions
CREATE TABLE IF NOT EXISTS `sessions` (
  `id` varchar(255) COLLATE utf8mb4_unicode_ci NOT NULL,
  `user_id` bigint unsigned DEFAULT NULL,
  `ip_address` varchar(45) COLLATE utf8mb4_unicode_ci DEFAULT NULL,
  `user_agent` text COLLATE utf8mb4_unicode_ci,
  `payload` longtext COLLATE utf8mb4_unicode_ci NOT NULL,
  `last_activity` int NOT NULL,
  PRIMARY KEY (`id`),
  KEY `sessions_user_id_index` (`user_id`),
  KEY `sessions_last_activity_index` (`last_activity`)
) ENGINE=InnoDB DEFAULT CHARSET=utf8mb4 COLLATE=utf8mb4_unicode_ci;

-- Membuang data untuk tabel api_ticketing.sessions: ~13 rows (lebih kurang)
INSERT INTO `sessions` (`id`, `user_id`, `ip_address`, `user_agent`, `payload`, `last_activity`) VALUES
	('0ZsbtZsCdVBEh4LmXk22NyWLnRGu1Z0cGREBFpfq', NULL, '192.168.1.1', 'WhatsApp/2.2607.106 W', 'YTozOntzOjY6Il90b2tlbiI7czo0MDoiOHo2bzgxd3hRT0lRRU5sU3hKeHJzM2kzS0t3dzlmVDlUQU1ldVJ6QyI7czo5OiJfcHJldmlvdXMiO2E6Mjp7czozOiJ1cmwiO3M6MzY6Imh0dHA6Ly90aWNrZXQucGlsYXJncm91cC5pZC92aXRlLnN2ZyI7czo1OiJyb3V0ZSI7Tjt9czo2OiJfZmxhc2giO2E6Mjp7czozOiJvbGQiO2E6MDp7fXM6MzoibmV3IjthOjA6e319fQ==', 1774841494),
	('1YxurOUAuOmwwlR9AvUlGUhxpwcc3anJeHbri6JA', NULL, '192.168.1.1', 'Mozilla/5.0 (Windows NT 10.0; Win64; x64) AppleWebKit/537.36 (KHTML, like Gecko) Chrome/146.0.0.0 Safari/537.36', 'YTozOntzOjY6Il90b2tlbiI7czo0MDoiY2Y4YjFzdTd3dUVTZWpMWGNva3paNGw1bGJPOXBWdHRnUDNmcUtUbyI7czo5OiJfcHJldmlvdXMiO2E6Mjp7czozOiJ1cmwiO3M6MzY6Imh0dHA6Ly90aWNrZXQucGlsYXJncm91cC5pZC92aXRlLnN2ZyI7czo1OiJyb3V0ZSI7Tjt9czo2OiJfZmxhc2giO2E6Mjp7czozOiJvbGQiO2E6MDp7fXM6MzoibmV3IjthOjA6e319fQ==', 1774834080),
	('3nWJTb8BJ1B9Poa83C8pZX7ikFWdk5qLsOckPsYD', NULL, '192.168.1.1', 'Mozilla/5.0 (Windows NT 10.0; Win64; x64) AppleWebKit/537.36 (KHTML, like Gecko) Chrome/146.0.0.0 Safari/537.36', 'YTozOntzOjY6Il90b2tlbiI7czo0MDoiVTZsZEpuNGVVSUhFcjVBSXY3NFRhUlAwRFBQUGJKSmtiN1RYeU04UyI7czo5OiJfcHJldmlvdXMiO2E6Mjp7czozOiJ1cmwiO3M6MzY6Imh0dHA6Ly90aWNrZXQucGlsYXJncm91cC5pZC92aXRlLnN2ZyI7czo1OiJyb3V0ZSI7Tjt9czo2OiJfZmxhc2giO2E6Mjp7czozOiJvbGQiO2E6MDp7fXM6MzoibmV3IjthOjA6e319fQ==', 1774834062),
	('3pzGcCYGyXta7GoMjxydKsidfwWGkVs6upTrAuEA', NULL, '192.168.1.1', 'Mozilla/5.0 (Windows NT 10.0; Win64; x64) AppleWebKit/537.36 (KHTML, like Gecko) Chrome/145.0.0.0 Safari/537.36', 'YTozOntzOjY6Il90b2tlbiI7czo0MDoiT0JScVp3TXFIaXFuUEhtUkJpRUNvY1VuSnBGOXYwbmhPYkxqTkJFMyI7czo5OiJfcHJldmlvdXMiO2E6Mjp7czozOiJ1cmwiO3M6MzY6Imh0dHA6Ly90aWNrZXQucGlsYXJncm91cC5pZC92aXRlLnN2ZyI7czo1OiJyb3V0ZSI7Tjt9czo2OiJfZmxhc2giO2E6Mjp7czozOiJvbGQiO2E6MDp7fXM6MzoibmV3IjthOjA6e319fQ==', 1774837529),
	('5LM8xIhws2WlUQnFhV2fKTnkl0kInj7oIh0M6sB2', NULL, '192.168.1.1', 'Mozilla/5.0 (Windows NT 10.0; Win64; x64) AppleWebKit/537.36 (KHTML, like Gecko) Chrome/146.0.0.0 Safari/537.36 Edg/146.0.0.0', 'YTozOntzOjY6Il90b2tlbiI7czo0MDoidXFXcXNuZzlvWWl2Y0E2VE90ZDhCMngxOXkwWlg0WmVXWXVuVWY0UiI7czo5OiJfcHJldmlvdXMiO2E6Mjp7czozOiJ1cmwiO3M6MzY6Imh0dHA6Ly90aWNrZXQucGlsYXJncm91cC5pZC92aXRlLnN2ZyI7czo1OiJyb3V0ZSI7Tjt9czo2OiJfZmxhc2giO2E6Mjp7czozOiJvbGQiO2E6MDp7fXM6MzoibmV3IjthOjA6e319fQ==', 1774841825),
	('5QDutAaRKj98IHpDXkL3gqjDx6YNU7isiVNBe0kC', NULL, '192.168.1.1', 'Cpanel-HTTP-Client/1.0', 'YTozOntzOjY6Il90b2tlbiI7czo0MDoiMUdmTjdrTGhqWjBDNjBNRWRGQmtvdXlJWEpnUDduMzRJZUdiM1hrWCI7czo5OiJfcHJldmlvdXMiO2E6Mjp7czozOiJ1cmwiO3M6ODc6Imh0dHA6Ly90aWNrZXQucGlsYXJncm91cC5pZC8ud2VsbC1rbm93bi9hY21lLWNoYWxsZW5nZS9OWEU5WjNIUzhIUFNXQkpJVFgxUFQtQjRMTy0wQlVPWiI7czo1OiJyb3V0ZSI7Tjt9czo2OiJfZmxhc2giO2E6Mjp7czozOiJvbGQiO2E6MDp7fXM6MzoibmV3IjthOjA6e319fQ==', 1774842015),
	('AwWPuUEpj8PcmKE3jD46ePOtwhddObWgCQpr4NNJ', NULL, '192.168.1.1', 'Mozilla/5.0 (Windows NT 10.0; Win64; x64) AppleWebKit/537.36 (KHTML, like Gecko) Chrome/146.0.0.0 Safari/537.36', 'YTozOntzOjY6Il90b2tlbiI7czo0MDoiSFNMbW9EcDNvYm1CME1XZ1N2MzZSWlFMTTZkc2FBQTdqbkNHS1c1OSI7czo5OiJfcHJldmlvdXMiO2E6Mjp7czozOiJ1cmwiO3M6NDg6Imh0dHA6Ly90aWNrZXQucGlsYXJncm91cC5pZC9EYXNoYm9hcmRUaWNrZXRzVXNlciI7czo1OiJyb3V0ZSI7Tjt9czo2OiJfZmxhc2giO2E6Mjp7czozOiJvbGQiO2E6MDp7fXM6MzoibmV3IjthOjA6e319fQ==', 1774836307),
	('E2C9l2RtsgQ58A4oaY6wv192RjNMWPkF9CT6nQWx', NULL, '192.168.1.1', 'Mozilla/5.0 (Windows NT 10.0; Win64; x64) AppleWebKit/537.36 (KHTML, like Gecko) Chrome/146.0.0.0 Safari/537.36', 'YTozOntzOjY6Il90b2tlbiI7czo0MDoiemFWODVZWEFUMlk2VUtMS2lscW9vVmlRU2lld2ZFZWVGa2owQXZWOSI7czo5OiJfcHJldmlvdXMiO2E6Mjp7czozOiJ1cmwiO3M6MzY6Imh0dHA6Ly90aWNrZXQucGlsYXJncm91cC5pZC92aXRlLnN2ZyI7czo1OiJyb3V0ZSI7Tjt9czo2OiJfZmxhc2giO2E6Mjp7czozOiJvbGQiO2E6MDp7fXM6MzoibmV3IjthOjA6e319fQ==', 1774841994),
	('gvxM5r4zzF8IZ2PHPOHJTNT2tV6TinKXuo89ELpg', NULL, '192.168.1.1', 'WhatsApp/2.2607.106 W', 'YTozOntzOjY6Il90b2tlbiI7czo0MDoiRDJVRzBROW1aaWZpWlF4bW9nZUUwa1B3cW13TFAzd0tiQUo0ckNKWSI7czo5OiJfcHJldmlvdXMiO2E6Mjp7czozOiJ1cmwiO3M6Mzc6Imh0dHA6Ly90aWNrZXQucGlsYXJncm91cC5pZC9teS10aWNrZXQiO3M6NToicm91dGUiO047fXM6NjoiX2ZsYXNoIjthOjI6e3M6Mzoib2xkIjthOjA6e31zOjM6Im5ldyI7YTowOnt9fX0=', 1774841494),
	('hZVZ5iXn5ZUECr5Wq56AxXrFbwTgzhB9ibrh9MYI', NULL, '192.168.1.1', 'Mozilla/5.0 (Windows NT 10.0; Win64; x64) AppleWebKit/537.36 (KHTML, like Gecko) Chrome/146.0.0.0 Safari/537.36', 'YTozOntzOjY6Il90b2tlbiI7czo0MDoiaGlQSk9zZWZyOWJ3YUVCZ1dFTDVyWmdOUElsbDJjbTJ0VnhOeUlDdiI7czo5OiJfcHJldmlvdXMiO2E6Mjp7czozOiJ1cmwiO3M6MzY6Imh0dHA6Ly90aWNrZXQucGlsYXJncm91cC5pZC92aXRlLnN2ZyI7czo1OiJyb3V0ZSI7Tjt9czo2OiJfZmxhc2giO2E6Mjp7czozOiJvbGQiO2E6MDp7fXM6MzoibmV3IjthOjA6e319fQ==', 1774836418),
	('SOsIAynvbJZ89TMzyw0sBKHUpzWgPHjFgzV86030', NULL, '192.168.1.1', 'Mozilla/5.0 (compatible; CensysInspect/1.1; +https://about.censys.io/)', 'YTozOntzOjY6Il90b2tlbiI7czo0MDoiRDEwc2ZEUkdRUDgyZUxsSEtMemNwcUJFTTVTTFQxblMzSTFqclppSyI7czo5OiJfcHJldmlvdXMiO2E6Mjp7czozOiJ1cmwiO3M6MzY6Imh0dHA6Ly90aWNrZXQucGlsYXJncm91cC5pZC92aXRlLnN2ZyI7czo1OiJyb3V0ZSI7Tjt9czo2OiJfZmxhc2giO2E6Mjp7czozOiJvbGQiO2E6MDp7fXM6MzoibmV3IjthOjA6e319fQ==', 1774834209),
	('VfVqmDfHhPJtSt0vxG3loTc1mSQhg4OhtRiKAPBU', NULL, '192.168.1.1', 'Mozilla/5.0 (Windows NT 10.0; Win64; x64) AppleWebKit/537.36 (KHTML, like Gecko) Chrome/146.0.0.0 Safari/537.36', 'YTozOntzOjY6Il90b2tlbiI7czo0MDoidDRJWGM5WDc3bVdiN0pYc0thRnFUWjhBaVFaS3RMQ2UzbnkyNFl5QyI7czo5OiJfcHJldmlvdXMiO2E6Mjp7czozOiJ1cmwiO3M6MzY6Imh0dHA6Ly90aWNrZXQucGlsYXJncm91cC5pZC92aXRlLnN2ZyI7czo1OiJyb3V0ZSI7Tjt9czo2OiJfZmxhc2giO2E6Mjp7czozOiJvbGQiO2E6MDp7fXM6MzoibmV3IjthOjA6e319fQ==', 1774840934),
	('Ww8q4vqUz1VXScxpqNY1JUlxCWHQunGTn601Eyma', NULL, '192.168.1.1', 'Mozilla/5.0 (Windows NT 10.0; Win64; x64) AppleWebKit/537.36 (KHTML, like Gecko) Chrome/146.0.0.0 Safari/537.36', 'YTozOntzOjY6Il90b2tlbiI7czo0MDoiRVFaZzhxMzRrMFFNUXNvcG9kakRmMkNyY2ZXdjNEQndqTzcycllCYiI7czo5OiJfcHJldmlvdXMiO2E6Mjp7czozOiJ1cmwiO3M6MzY6Imh0dHA6Ly90aWNrZXQucGlsYXJncm91cC5pZC92aXRlLnN2ZyI7czo1OiJyb3V0ZSI7Tjt9czo2OiJfZmxhc2giO2E6Mjp7czozOiJvbGQiO2E6MDp7fXM6MzoibmV3IjthOjA6e319fQ==', 1774841890);

-- membuang struktur untuk table api_ticketing.tickets
CREATE TABLE IF NOT EXISTS `tickets` (
  `id` bigint unsigned NOT NULL AUTO_INCREMENT,
  `ticket_code` varchar(10) CHARACTER SET utf8mb4 COLLATE utf8mb4_unicode_ci NOT NULL,
  `user_id` bigint unsigned DEFAULT NULL,
  `support_id` bigint unsigned DEFAULT NULL,
  `category_id` bigint unsigned DEFAULT NULL,
  `assets_id` bigint unsigned DEFAULT NULL,
  `nama_pembuat` varchar(255) CHARACTER SET utf8mb4 COLLATE utf8mb4_unicode_ci DEFAULT NULL,
  `status` enum('waiting','in_progress','resolved','void','feedback') CHARACTER SET utf8mb4 COLLATE utf8mb4_unicode_ci DEFAULT 'waiting',
  `priority` enum('low','medium','high') COLLATE utf8mb4_unicode_ci DEFAULT NULL,
  `problem` text CHARACTER SET utf8mb4 COLLATE utf8mb4_unicode_ci,
  `image` varchar(255) CHARACTER SET utf8mb4 COLLATE utf8mb4_unicode_ci DEFAULT NULL,
  `solution` text CHARACTER SET utf8mb4 COLLATE utf8mb4_unicode_ci,
  `notes` text CHARACTER SET utf8mb4 COLLATE utf8mb4_unicode_ci,
  `request_date` datetime DEFAULT NULL,
  `waiting_hour` int DEFAULT NULL,
  `start_date` datetime DEFAULT NULL,
  `end_date` datetime DEFAULT NULL,
  `time_spent` int DEFAULT NULL,
  `is_late` tinyint(1) NOT NULL DEFAULT '0' COMMENT 'false = On Time, true = Late',
  `created_at` timestamp NULL DEFAULT NULL,
  `updated_at` timestamp NULL DEFAULT NULL,
  `deleted_at` timestamp NULL DEFAULT NULL,
  PRIMARY KEY (`id`) USING BTREE,
  UNIQUE KEY `tickets_ticket_code_unique` (`ticket_code`) USING BTREE,
  KEY `tickets_user_id_foreign` (`user_id`) USING BTREE,
  KEY `tickets_support_id_foreign` (`support_id`) USING BTREE,
  KEY `tickets_problem_category_id_foreign` (`category_id`) USING BTREE,
  KEY `tickets_assets_id_foreign` (`assets_id`) USING BTREE,
  KEY `tickets_category_id_idx` (`category_id`),
  KEY `tickets_user_id_idx` (`user_id`),
  KEY `tickets_support_id_idx` (`support_id`),
  CONSTRAINT `tickets_category_id_foreign` FOREIGN KEY (`category_id`) REFERENCES `categories` (`id`) ON DELETE SET NULL ON UPDATE CASCADE,
  CONSTRAINT `tickets_support_id_foreign` FOREIGN KEY (`support_id`) REFERENCES `users` (`id`) ON DELETE RESTRICT ON UPDATE CASCADE,
  CONSTRAINT `tickets_user_id_foreign` FOREIGN KEY (`user_id`) REFERENCES `users` (`id`) ON DELETE RESTRICT ON UPDATE CASCADE
) ENGINE=InnoDB AUTO_INCREMENT=252 DEFAULT CHARSET=utf8mb4 COLLATE=utf8mb4_unicode_ci ROW_FORMAT=DYNAMIC;

-- Membuang data untuk tabel api_ticketing.tickets: ~220 rows (lebih kurang)
INSERT INTO `tickets` (`id`, `ticket_code`, `user_id`, `support_id`, `category_id`, `assets_id`, `nama_pembuat`, `status`, `priority`, `problem`, `image`, `solution`, `notes`, `request_date`, `waiting_hour`, `start_date`, `end_date`, `time_spent`, `is_late`, `created_at`, `updated_at`, `deleted_at`) VALUES
	(5, 'TCK-005', 173, 173, 6, NULL, NULL, 'feedback', 'medium', 'Buat template Daily Report 2026', NULL, 'File sudah di-share ke tim IT', NULL, '2026-01-06 10:15:15', 20, '2026-01-02 09:00:00', '2026-01-02 09:30:00', 30, 0, '2026-01-06 03:15:15', '2026-01-06 07:46:10', NULL),
	(7, 'TCK-007', 174, 173, 4, NULL, NULL, 'feedback', 'high', 'Update Budget di FRP 2026', NULL, 'FRP 2026:\r\n1. Kurangi budget Ads Goto ECom sesuai WA bu Mul\r\n2. Sambungkan Kertas Kerja Pembayaran 2026 ke FRP 2026\r\n3. Laporan Biaya sudah benar\r\n4. Approval Name untuk Dual Approval di FRP sudah benar\r\n5. Update FRP Pilkada dan FRP Pikasa 2026\r\n6. Update Budget per Store yang sudah di-update bu Mul\r\n7. Biaya internet div IT ditambah 13.320.000 dari budget HC', 'ini adalah akumulasi jam pengerjaan', '2026-01-06 15:27:39', 10, '2026-01-02 13:00:00', '2026-01-02 16:00:00', 180, 0, '2026-01-06 08:27:39', '2026-01-06 08:38:35', NULL),
	(8, 'TCK-008', 174, 18, 6, NULL, NULL, 'feedback', 'high', 'IT update WA Blast', NULL, 'menambah fitur wa sender agak ada button gsheet sehinga buka aplikasi oper gsheet running script agar lebih mudah tanpa mencari di google chrome', NULL, '2026-01-06 15:47:11', 2, '2026-01-02 09:00:00', '2026-01-02 10:00:00', 60, 0, '2026-01-06 08:47:11', '2026-01-06 08:49:04', NULL),
	(9, 'TCK-009', 16, 18, 11, NULL, NULL, 'resolved', 'medium', 'Printer bermasalah', NULL, 'troubleshooting printer dcp 420 karena error kedip merah di peringatan tinta solusi restart ulang peinter lalu normal kembali', NULL, '2026-01-06 15:52:33', 1, '2026-01-02 10:00:00', '2026-01-02 11:00:00', 60, 0, '2026-01-06 08:52:33', '2026-01-06 08:53:46', NULL),
	(10, 'TCK-010', 111, 18, 11, NULL, NULL, 'feedback', 'medium', 'mouse bermasalah', NULL, 'memperbaiki mouse neneng karena rusak maslaah pada per plus minus batrerai yang kendor', NULL, '2026-01-06 15:55:21', 2, '2026-01-02 11:00:00', '2026-01-02 12:00:00', 60, 0, '2026-01-06 08:55:21', '2026-01-09 03:25:54', NULL),
	(11, 'TCK-011', 199, 18, 8, NULL, NULL, 'resolved', 'low', 'Laptop mati hidup sendiri', NULL, 'mengecek laptop sepatan yang maslaah mati hidup sendiri dari hasil cek harus di cek di ho karena ada maslaah di software atau di hardwarenya', NULL, '2026-01-06 16:08:53', 2, '2026-01-02 13:00:00', '2026-01-02 14:00:00', 60, 0, '2026-01-06 09:08:53', '2026-01-06 09:10:29', NULL),
	(12, 'TCK-012', 183, 18, 13, NULL, NULL, 'resolved', 'medium', 'memasang access point di lantai 5 untuk dapur  marketing lalu cek kabel telpon', NULL, 'memasang wifi dan mengetes telpon di marketing yang baru di tarik', NULL, '2026-01-06 16:44:51', 0, '2026-01-06 09:40:00', '2026-01-06 10:46:00', 66, 0, '2026-01-06 09:44:51', '2026-01-06 09:44:51', NULL),
	(13, 'TCK-013', 174, 18, 6, NULL, NULL, 'feedback', 'high', 're-install windows', NULL, 'instal ulang agar tidak lemot dan instal yang di butuhkan user', NULL, '2026-01-07 08:44:37', 8, '2026-01-07 08:49:00', '2026-01-07 09:15:00', 26, 0, '2026-01-07 01:44:37', '2026-01-07 01:54:54', NULL),
	(15, 'TCK-014', 174, 24, 1, NULL, NULL, 'feedback', 'high', 'hapus double custumer refund', NULL, 'karena CN sudah di refund, CN harus di void baru bisa dihapus semua', 'hapus CR dan Refund karena double, sudah konfirmasi tim finance', '2026-01-07 10:49:07', 8, '2026-01-07 10:52:00', '2026-01-07 10:53:00', 15, 0, '2026-01-07 03:49:07', '2026-01-07 04:00:06', NULL),
	(16, 'TCK-015', 39, 24, 1, NULL, NULL, 'feedback', 'high', 'Minta update harga GTP item gosave', NULL, 'import item dengan menggunakan template dan saved import di netsuite, request ce deasy', 'update harga GTP untuk beberapa item', '2026-01-07 11:28:08', 116, '2026-01-07 11:28:00', '2026-01-07 11:32:00', 10, 0, '2026-01-07 04:28:08', '2026-01-07 06:25:35', NULL),
	(17, 'TCK-016', 174, 18, 13, NULL, NULL, 'feedback', 'medium', 'troublleshooting printer lq 310 samping shoona masalah kertas mirik ketika di print', NULL, 'paskan posisi penjepit kertanya jangan sampai miring  agar ketika print kertasnya tidak miring', NULL, '2026-01-07 11:38:12', 0, '2026-01-06 11:33:00', '2026-01-06 11:47:00', 14, 0, '2026-01-07 04:38:12', '2026-01-08 03:59:23', NULL),
	(18, 'TCK-017', 183, 18, 13, NULL, NULL, 'resolved', 'low', 'kabel lan tidak terhubung ke wifi karena crimpingan hasil pak nasuha kebalik', NULL, 'crimping ulang kabel LAN kiri dan kanannya', NULL, '2026-01-07 11:42:25', 0, '2026-01-06 08:39:00', '2026-01-06 09:05:00', 26, 0, '2026-01-07 04:42:25', '2026-01-07 04:42:25', NULL),
	(19, 'TCK-018', 24, 24, 8, 182, NULL, 'feedback', 'high', 'serah terima aset IT dan email untuk staff people development - GALANG INDRA SWARA', NULL, 'sudah diberikan ke user dengan dokumen serah terima dan menggunakan esign google docs', NULL, '2026-01-07 13:30:15', 7, '2026-01-07 13:30:00', '2026-01-07 13:45:00', 15, 0, '2026-01-07 06:30:15', '2026-01-07 06:44:25', NULL),
	(20, 'TCK-019', 103, 18, 11, NULL, 'Nurfathan', 'feedback', 'medium', 'kurang storage untuk menyimpan coding di server', NULL, 'ganti ssd ke 1 TB', NULL, '2026-01-07 13:53:02', 4, '2026-01-07 09:59:00', '2026-01-07 10:58:00', 59, 0, '2026-01-07 06:53:02', '2026-01-08 03:33:07', NULL),
	(21, 'TCK-020', 71, 24, 1, NULL, 'Bayu', 'resolved', 'medium', 'Menambahkan sales rep untuk divisi GOTO GT', NULL, 'menambahkan employee baru (Office GOTO GT) untuk dijadikan sales rep GOTO GT, dan dijadikan Sales Rep', NULL, '2026-01-07 16:18:17', 0, '2026-01-07 16:16:00', '2026-01-07 16:21:00', 5, 0, '2026-01-07 09:18:17', '2026-01-07 09:18:17', NULL),
	(22, 'TCK-021', 175, 24, 6, NULL, 'Cahya', 'feedback', 'high', 'Frexor tidak bisa dibuka', NULL, 'mematikan windows defender untuk bisa menggunakan frexor, setelah itu sudah bisa ke page login', NULL, '2026-01-07 16:26:34', 2, '2026-01-07 16:26:00', '2026-01-07 16:31:00', 5, 0, '2026-01-07 09:26:34', '2026-01-07 09:51:04', NULL),
	(23, 'TCK-022', 183, 18, 13, NULL, 'apri', 'resolved', 'low', 'tidak ada internet di dapur', NULL, 'setting vlan wifi untuk dapur marketing di switch ruijie lantai 4. sudah di buat sama dengan vlan monalisa dengan vlan id 300', NULL, '2026-01-07 16:55:15', 0, '2026-01-07 16:53:00', '2026-01-07 17:01:00', 8, 0, '2026-01-07 09:55:15', '2026-01-07 09:55:15', NULL),
	(24, 'TCK-023', 183, 18, 13, NULL, 'apriyanto', 'resolved', 'low', 'cek mikrotik karena maslaah sama access point lantai 5 yang akan di gunakan marketing tidak dapaet ip dan tidak bisa di ping', NULL, 'setting vlanya di mikrotik agar si access point dapet internet', NULL, '2026-01-08 09:09:32', 0, '2026-01-07 09:06:00', '2026-01-07 09:22:00', 16, 0, '2026-01-08 02:09:32', '2026-01-08 02:09:32', NULL),
	(25, 'TCK-024', 127, 21, 3, NULL, 'Renaldy GA', 'feedback', 'low', 'RP tidak issued', NULL, 'Human Error: Double Klik pada saat save RP, makanya ada data yg duplikat', NULL, '2026-01-08 09:17:02', 1530, '2026-01-07 10:44:00', '2026-01-07 10:47:00', 3, 0, '2026-01-08 02:17:02', '2026-01-21 03:19:03', NULL),
	(26, 'TCK-025', 203, 173, 4, NULL, 'Faizal Bastian', 'feedback', 'medium', 'Penggabungan Budget Listrik store & penambahan ROW pada Memo FRP untuk pembuatan FRP dalam beberapa Memo , Mohon dibantu yaa team IT, terima kasih banyak', 'tickets/uAMSpovxv8Y1rwMVblzwaSswD7JqPRLrkHfRNDmz.png', 'Update FRP Store: bikin supaya bisa input 15 item karena Faizal butuh untuk breakdown biaya per store di sana.', NULL, '2026-01-08 09:29:30', 277, '2026-01-08 13:15:00', '2026-01-08 14:04:00', 49, 0, '2026-01-08 02:29:30', '2026-01-09 02:13:53', NULL),
	(28, 'TCK-026', 186, 24, 1, NULL, 'WAHYUNI', 'feedback', 'medium', 'REQ. HAPUS DO260100266', NULL, 'hapus surat jalan sesuai request user, kemudian SO closed', NULL, '2026-01-08 09:32:58', 4, '2026-01-08 09:35:00', '2026-01-08 09:38:00', 3, 0, '2026-01-08 02:32:58', '2026-01-14 02:33:49', NULL),
	(30, 'TCK-027', 186, 24, 1, NULL, 'Silvia Febriani', 'feedback', 'medium', 'Hapus surat jalan di no DO260100272 CUST00315 KUAT GIAT NINIGI, CV\r\nrevisi item barang', NULL, 'hapus DO sesuai request user kemudian close SO', NULL, '2026-01-08 09:37:20', 3, '2026-01-08 09:38:00', '2026-01-08 09:41:00', 3, 0, '2026-01-08 02:37:20', '2026-01-14 02:33:29', NULL),
	(31, 'TCK-028', 203, 173, 4, NULL, 'Faizal Bastian', 'feedback', 'high', 'Penambahan row dan merge budget utilities', 'tickets/HoGv7x0RwZ6e351oXARHHr2xYMRTwv3KDvEiRCAm.png', 'Gabungin budget listrik dan PAM semua store ke Store HO. Hapus yang punya Store.', NULL, '2026-01-08 10:01:35', 250, '2026-01-08 14:00:00', '2026-01-08 14:15:00', 15, 0, '2026-01-08 03:01:35', '2026-01-09 02:12:54', NULL),
	(32, 'TCK-029', 83, 173, 6, NULL, 'Rizky', 'resolved', 'high', 'Penambahan Akses Pengelolaan master produk di big saller', NULL, 'Buka akses "Pengelolaan Master Produk" di Big Seller untuk Adel', NULL, '2026-01-08 10:10:30', 238, '2026-01-08 09:00:00', '2026-01-08 09:30:00', 30, 0, '2026-01-08 03:10:30', '2026-01-08 07:08:18', NULL),
	(35, 'TCK-030', 18, 18, 13, NULL, 'apriyanto', 'feedback', 'low', 'access point lantai 5 masih belum terhunung ke internet', NULL, 'restart ulang  accesspoint dan update software lalu rubah mode jadi accesspoint dan jaringan berjaln normal dan lancar', NULL, '2026-01-08 10:19:56', 0, '2026-01-08 10:17:00', '2026-01-08 10:47:00', 30, 0, '2026-01-08 03:19:56', '2026-01-13 01:10:55', NULL),
	(39, 'TCK-034', 174, 18, 11, NULL, 'Shoona Kabila Mahaaba', 'feedback', 'low', 'Ganti tooner karena habis', NULL, 'toner habis sehingga tidak bisa print', NULL, '2026-01-08 11:00:16', 54, '2026-01-08 10:01:00', '2026-01-08 10:11:00', 10, 0, '2026-01-08 04:00:16', '2026-01-08 07:58:02', NULL),
	(40, 'TCK-035', 174, 18, 8, NULL, 'Neneng', 'feedback', 'low', 'keyboard keras', NULL, 'persihkan keyboard karena ada yang tersangkut kotoran dari makanan', NULL, '2026-01-08 11:19:19', 33, '2026-01-08 11:50:00', '2026-01-08 12:01:00', 11, 0, '2026-01-08 04:19:19', '2026-01-08 07:59:13', NULL),
	(41, 'TCK-036', 174, 24, 6, 104, 'Timothy', 'feedback', 'medium', 'Excel belum Activated', NULL, 'install crack microsoft office di laptop user - C.A.02.20230209.0106', NULL, '2026-01-08 11:27:34', 11, '2026-01-08 11:36:00', '2026-01-08 11:41:00', 5, 0, '2026-01-08 04:27:34', '2026-01-08 06:16:55', NULL),
	(42, 'TCK-037', 176, 24, 8, 34, 'Acha', 'feedback', 'low', 'Laptop tidak terkonek dengan printer.', NULL, 'laptop tidak kendala di wifi, dan tidak dapat konek ke printer dengan benar, remove printer kemudian add ulang ke printer dan sudah bisa konek', NULL, '2026-01-08 14:37:54', 11, '2026-01-08 14:30:00', '2026-01-08 14:45:00', 15, 0, '2026-01-08 07:37:54', '2026-01-08 08:09:52', NULL),
	(43, 'TCK-038', 174, 24, 6, NULL, 'Delon', 'feedback', 'medium', 'tidak dapat Preview File pdf', NULL, 'install aplikasi support (windows power toys) untuk dapat preview pdf dan file lainnya di windows', NULL, '2026-01-08 15:00:00', 7, '2026-01-08 14:59:00', '2026-01-08 15:05:00', 6, 0, '2026-01-08 08:00:00', '2026-01-09 08:23:11', NULL),
	(44, 'TCK-039', 18, 18, 12, NULL, 'apriyanto', 'feedback', 'low', 'meminta dan mencari invoice ex curug yang di minta oleh tim tax finance  dengan no id layanan  122429213164', NULL, 'mencari di email dan di website indibiz', NULL, '2026-01-08 16:30:24', 0, '2026-01-08 16:28:00', '2026-01-08 16:35:00', 7, 0, '2026-01-08 09:30:24', '2026-01-13 01:10:26', NULL),
	(45, 'TCK-040', 24, 24, 4, NULL, 'Bayu', 'feedback', 'medium', 'membuat FRP biznet, devo, eikon, dan telkomsel t-cops', NULL, 'FRP sudah dibuat dan diproses ke tim finance', NULL, '2026-01-08 16:34:58', 1, '2026-01-08 16:19:00', '2026-01-08 16:34:00', 15, 0, '2026-01-08 09:34:58', '2026-01-08 09:37:26', NULL),
	(46, 'TCK-041', 188, 24, 4, NULL, 'Tiara Nur Azizah', 'resolved', 'medium', 'Revisi FRP', NULL, 'share FRP Gosave Ecom ke tim terkait dan revisi FRP sesuai request user', NULL, '2026-01-08 17:11:15', 911, '2026-01-08 16:20:00', '2026-01-08 16:30:00', 10, 0, '2026-01-08 10:11:15', '2026-01-09 01:22:11', NULL),
	(47, 'TCK-042', 18, 18, 12, NULL, 'apriyanto', 'feedback', 'medium', 'restart access point lantai 3 karena uma dan aca product maslaah koneksi wifi', NULL, 'restart access point lantai 3 agar menghilangkan cache dan error di accesspoint agar koneksi dapet yang maksimal yaitu chanel 5 Ghz', NULL, '2026-01-09 08:50:01', 0, '2026-01-09 08:47:00', '2026-01-09 08:51:00', 4, 0, '2026-01-09 01:50:01', '2026-01-13 01:10:12', NULL),
	(48, 'TCK-043', 207, 24, 6, NULL, 'Nurhidayat Kamil Pratama', 'feedback', 'medium', 'Reset password akun gmail', NULL, 'reset password dari dashboard admin gws, password baru sudah diberikan ke user terkait', NULL, '2026-01-09 09:32:51', 2, '2026-01-09 09:30:00', '2026-01-09 09:33:00', 3, 0, '2026-01-09 02:32:51', '2026-01-09 02:53:50', NULL),
	(49, 'TCK-044', 176, 18, 12, NULL, 'khuzaima', 'feedback', 'medium', 'jaringan sangat lambat , terlebih untuk mendownload file', NULL, 'instal ulang driver wirless dan update windows terbaru agar wifi berjalan dengan normal kembali', NULL, '2026-01-09 09:40:44', 274, '2026-01-09 13:00:00', '2026-01-09 13:15:00', 15, 0, '2026-01-09 02:40:44', '2026-01-09 10:06:08', NULL),
	(50, 'TCK-045', 77, 173, 6, NULL, 'Kevin', 'resolved', 'medium', 'Pilar Web: Tambahkan Dept di Permintaan Barang', NULL, 'Tampilkan Departemen Requester di Pilar Web: View PB dan Edit PB', NULL, '2025-01-08 16:00:00', 3, '2026-01-08 16:00:00', '2026-01-08 17:00:00', 60, 0, '2026-01-09 02:54:53', '2026-01-09 02:57:38', NULL),
	(51, 'TCK-046', 24, 24, 6, NULL, 'Bayu', 'feedback', 'high', 'memindahkan lisensi akun milik Elvira (HCGA) dari GWS starter ke GWS Standar, sudah balas di email sebelumnya', NULL, 'konfrim ke tim eikon pengadaan lisensi GWS standar baru, kemudian sudah di add ke email elvira@piagam.id', NULL, '2026-01-09 09:59:37', 3, '2026-01-08 16:20:00', '2026-01-08 16:59:00', 39, 0, '2026-01-09 02:59:37', '2026-01-09 03:03:20', NULL),
	(52, 'TCK-047', 69, 173, 4, NULL, 'ivon', 'feedback', 'low', 'minta tolong ditambahin \'nama budget\' pikasa 2026', NULL, 'Ubah halaman Approval Pikasa menjadi sama dengan Piagam untuk memunculkan nama budgetnya saat approval.', NULL, '2026-01-09 10:26:30', 4388, '2026-01-12 10:00:00', '2026-01-12 11:00:00', 60, 0, '2026-01-09 03:26:30', '2026-01-19 04:49:45', NULL),
	(53, 'TCK-048', 111, 173, 4, NULL, 'Neneng Khodijah', 'feedback', 'low', 'Menambahkan Budget biaya BPJS PT Pilar Kargo Perkasa', NULL, 'Tambah budget Biaya BPJS senilai 70jt di FRP Pikasa', NULL, '2026-01-09 10:26:43', 54, '2026-01-09 09:00:00', '2026-01-09 09:15:00', 15, 0, '2026-01-09 03:26:43', '2026-03-05 03:44:01', NULL),
	(54, 'TCK-049', 21, NULL, 6, NULL, 'Azi', 'void', NULL, 'Migrasi sistem Gsheet untuk ekosistem SCM\r\n- Analisis semua file terkait\r\n- Testing penggunaan formula untuk efisiensi (ternyata tidak bisa karena data yg sudah terlalu banyak)', NULL, NULL, 'Dijadikan Project', '2026-01-09 10:43:20', 0, NULL, NULL, NULL, 0, '2026-01-09 03:43:20', '2026-01-09 03:45:01', NULL),
	(55, 'TCK-050', 175, 24, 4, NULL, 'Cahya', 'feedback', 'medium', 'Penggantian nominal di FRP Pembelian Frexor (Psychological Assessment) dengan nomor : FRP-HCG-26-00031\r\n\r\nnominal awal : 3.517.100\r\n\r\nnominal terbaru : 3.514.300', NULL, 'edit nominal di sheet unconfirmed', NULL, '2026-01-09 11:12:47', 21, '2026-01-09 11:30:00', '2026-01-09 11:32:00', 2, 0, '2026-01-09 04:12:47', '2026-01-13 04:12:35', NULL),
	(56, 'TCK-051', 208, 24, 8, NULL, 'Septiar', 'feedback', 'medium', 'Pembersihan laptop', NULL, 'buka cover laptop untuk di cek', NULL, '2026-01-09 11:30:37', 1, '2026-01-09 11:20:00', '2026-01-09 11:29:00', 9, 0, '2026-01-09 04:30:37', '2026-01-09 04:32:23', NULL),
	(57, 'TCK-052', 24, 24, 11, NULL, 'Bayu', 'feedback', 'low', 'Pembelian Toner 2 Lusin dan Drum 6pcs untuk printer Brother HL 2080 DW -  request PO ke mas agus di toko multi fungsi', NULL, 'request PO ke mas agus dengan vendor Multifungsi', NULL, '2026-01-09 13:41:01', 1, '2026-01-09 13:35:00', '2026-01-09 13:40:00', 5, 0, '2026-01-09 06:41:01', '2026-01-09 06:43:01', NULL),
	(58, 'TCK-053', 173, 173, 6, NULL, 'Yuli', 'feedback', 'medium', 'Buat desain Daily Project Tracker di Ticketing', NULL, 'Buat draft desain UI untuk Daily Project Tracker dan download project progress di ticketing. Sudah diberikan ke Fathan untuk di-desain di website ticketing.', NULL, '2026-01-09 15:03:58', 2, '2026-01-09 10:00:00', '2026-01-09 11:00:00', 60, 0, '2026-01-09 08:03:58', '2026-01-09 08:06:31', NULL),
	(59, 'TCK-054', 173, 173, 6, NULL, 'Yuli', 'feedback', 'low', 'Buat template Review Daily Report dari Ticketing', NULL, 'Buat template checking table dari laragon untuk kebutuhan daily report', NULL, '2026-01-09 15:07:05', 2, '2026-01-09 14:00:00', '2026-01-09 15:00:00', 60, 0, '2026-01-09 08:07:05', '2026-01-12 02:29:04', NULL),
	(60, 'TCK-055', 193, NULL, 6, NULL, 'Juliana', 'void', NULL, 'Printer Zebra Eror', NULL, NULL, 'double tiket', '2026-01-09 15:14:14', 0, NULL, NULL, NULL, 0, '2026-01-09 08:14:14', '2026-01-09 09:07:11', NULL),
	(61, 'TCK-056', 193, 18, 6, NULL, 'Juliana', 'resolved', 'high', 'Printer Zebra Eror', NULL, 'instal ulang driver printer thermal zebra zd 230 tidak bisa print karena driver terhapus', NULL, '2026-01-09 15:14:18', 35, '2026-01-09 15:47:00', '2026-01-09 15:59:00', 12, 0, '2026-01-09 08:14:18', '2026-01-09 08:49:36', NULL),
	(62, 'TCK-057', 18, 18, 6, NULL, 'apriyanto', 'feedback', 'medium', 'menjelaskan ke bu mul dan tim AR sola wa bisnis verivikasi', NULL, 'menjelaskan tentang wa bisnis verivikasi saran nama wa bisnis jangan sama dengan nomer luar kota dan dalam kota dan haru sudah ketemu nama wa bisnnisnya sebelum verivikasi', NULL, '2026-01-09 15:55:59', 0, '2026-01-09 15:52:00', '2026-01-09 15:59:00', 7, 0, '2026-01-09 08:55:59', '2026-01-13 01:09:59', NULL),
	(63, 'TCK-058', 176, 24, 1, NULL, 'KHUZAIMA', 'feedback', 'medium', 'PENAMBAHAN MATRIX UNTUK "WARNA" DARI YANG SEBELUMNYA TIDAK ADA WARNA (HANYA SIZE)', NULL, 'Testing item matriks sebelum ditambahkan ke dalam netsuite, setelah testing matriks, di tambahkan varian terkait dan sudah selesai', NULL, '2026-01-09 17:07:02', 3803, '2026-01-09 16:40:00', '2026-01-09 17:00:00', 20, 0, '2026-01-09 10:07:02', '2026-01-13 04:06:54', NULL),
	(64, 'TCK-059', 207, NULL, 9, NULL, 'sinta adawiyah', 'void', NULL, 'akses wifi PDA implant JNT', NULL, NULL, 'double ticket', '2026-01-11 18:09:44', 0, NULL, NULL, NULL, 0, '2026-01-11 11:09:44', '2026-01-12 03:14:22', NULL),
	(65, 'TCK-060', 207, 18, 9, NULL, 'sinta adawiyah', 'feedback', 'medium', 'akses wifi PDA implant JNT', NULL, 'menambahkan ip address ke ARP list mikrotik jatake agar bisa akses internet operasional', NULL, '2026-01-11 18:09:46', 963, '2026-01-12 10:09:00', '2026-01-12 10:15:00', 6, 0, '2026-01-11 11:09:46', '2026-01-21 05:10:37', NULL),
	(66, 'TCK-061', 18, 18, 6, NULL, 'apriyanto', 'feedback', 'medium', 'update snipe IT karena ada divisi baru dan beberapa user lokasinya berpindah', NULL, 'sudah update lokasi user yang di pindah ke duta garden', NULL, '2026-01-12 10:19:02', 0, '2026-01-12 10:16:00', '2026-01-12 10:28:00', 12, 0, '2026-01-12 03:19:02', '2026-01-13 01:09:43', NULL),
	(67, 'TCK-062', 151, 173, 6, NULL, 'Suwanto', 'feedback', 'low', 'Permohonan pembuatan akun Grab Corporate', NULL, 'Buat akun grab dengan email dan nomer hp pak suwanto', NULL, '2026-01-12 15:58:49', 2, '2026-01-12 15:00:00', '2026-01-12 15:15:00', 15, 0, '2026-01-12 08:58:49', '2026-01-12 09:01:08', NULL),
	(68, 'TCK-063', 174, 24, 1, NULL, 'Mulyasi Rahardja', 'feedback', 'high', 'Field name untuk customer "Cash" , dapat di custom dalam tarikan data, tapi tidak tampil di SO,DO,SI, PL,BS,GL\r\nHANYA untuk tarikan data by custom', NULL, 'membuat field text baru di transaksi terkait, ditambahkan field llist record untuk menambahkan nama customer cash custom, kemudian dibuat workflow supaya field hanya dapat di lihat oleh role administrator dan admin sales, dibuat juga list record untuk menampung nama customer custom', NULL, '2026-01-13 08:14:07', 1496, '2026-01-13 09:00:00', '2026-01-13 12:00:00', 180, 0, '2026-01-13 01:14:07', '2026-01-19 02:53:59', NULL),
	(69, 'TCK-064', 18, 18, 6, 1, 'apriyanto', 'feedback', 'high', 'masalah share folder finance yang ilang akses karena ada yang move folder utama', NULL, 'memberikan akses ulang folder karena sudah ke move maka yang sudah tersering akan ilang jadi harus memberikan akses ulang dan mencari owner" gsheetnya', NULL, '2026-01-13 08:16:01', 0, '2026-01-12 08:13:00', '2026-01-12 08:28:00', 15, 0, '2026-01-13 01:16:01', '2026-01-15 02:40:26', NULL),
	(70, 'TCK-065', 18, 18, 6, 1, 'apriyanto', 'feedback', 'high', 'masalah share folder finance yang ilang akses karena ada yang move folder utama', NULL, 'memberikan akses ulang folder karena sudah ke move maka yang sudah tersering akan ilang jadi harus memberikan akses ulang dan mencari owner" gsheetnya', NULL, '2026-01-13 08:16:04', 0, '2026-01-12 08:13:00', '2026-01-12 08:28:00', 15, 0, '2026-01-13 01:16:04', '2026-01-15 02:40:38', NULL),
	(71, 'TCK-066', 174, 24, 6, NULL, 'Shoona Kabila Mahaaba', 'feedback', 'medium', 'Kendala masuk finance shearing folder satu divisi finance', NULL, 'file sharing finance folder lepas share ke tim finance, perlu di share ulang dari user yang memiliki hak ases edit, sudah di share ulang kembali ke user', NULL, '2026-01-13 08:17:20', 1490, '2026-01-12 11:00:00', '2026-01-12 11:15:00', 15, 0, '2026-01-13 01:17:20', '2026-01-14 03:10:45', NULL),
	(72, 'TCK-067', 203, 18, 6, NULL, 'Faizal Bastian', 'feedback', 'high', 'Printer bermasalah / tidak dapat print ( Print Spooler )', NULL, 'service reset print spooler agar bisa print kembali', NULL, '2026-01-13 08:18:29', 145, '2026-01-13 10:41:00', '2026-01-13 10:51:00', 10, 0, '2026-01-13 01:18:29', '2026-01-13 04:02:26', NULL),
	(73, 'TCK-068', 176, 18, 11, NULL, 'khuzaima', 'feedback', 'medium', 'laptop tidak bisa connect ke printer', NULL, 'instal ulang driver printer dcp 720 lantai 3', NULL, '2026-01-13 11:08:18', 1277, '2026-01-13 08:23:00', '2026-01-13 08:32:00', 9, 0, '2026-01-13 04:08:18', '2026-01-14 01:53:50', NULL),
	(74, 'TCK-069', 176, 18, 6, NULL, 'khuzaima', 'feedback', 'medium', 'falied to extract', NULL, 'install winrar agar bisa mengextract file', NULL, '2026-01-13 11:08:57', 2783, '2026-01-14 09:27:00', '2026-01-14 09:41:00', 14, 0, '2026-01-13 04:08:57', '2026-01-19 04:39:51', NULL),
	(75, 'TCK-070', 175, 24, 8, 102, 'Cahya (HR Recruitment)', 'feedback', 'medium', 'Peminjaman 1 Laptop untuk Skill Test AR', NULL, 'laptop dipinjamkan ke tim HCGA untuk test skil, akan dikembalikan setelah selesai skill', NULL, '2026-01-13 11:14:05', 1277, '2026-01-13 14:00:00', '2026-01-13 14:05:00', 5, 0, '2026-01-13 04:14:05', '2026-01-15 02:35:39', NULL),
	(76, 'TCK-071', 174, 18, 11, NULL, 'Andika Pratama', 'feedback', 'low', 'Mouse Mati', NULL, 'mengganti batrai mouse karena ternyata batrai sudah hampir habis', NULL, '2026-01-13 14:10:43', 2596, '2026-01-14 09:24:00', '2026-01-14 09:29:00', 5, 0, '2026-01-13 07:10:43', '2026-01-19 02:54:14', NULL),
	(77, 'TCK-072', 176, 24, 1, NULL, 'Trisha', 'feedback', 'medium', 'Penghapusan VRA dan DO', NULL, 'dokumen sudah dihapus dan konfirm ke user terkait', NULL, '2026-01-13 14:42:59', 1074, '2026-01-13 14:50:00', '2026-01-13 14:55:00', 5, 0, '2026-01-13 07:42:59', '2026-01-14 01:53:25', NULL),
	(78, 'TCK-073', 209, 24, 1, NULL, 'Agitta', 'resolved', 'medium', 'Revisi SO', NULL, 'hapus DO yang di request user dan konfirmasi ke tim finance', NULL, '2026-01-13 15:53:56', 992, '2026-01-13 14:30:00', '2026-01-13 14:35:00', 5, 0, '2026-01-13 08:53:56', '2026-01-14 01:26:09', NULL),
	(79, 'TCK-074', 176, 18, 6, NULL, 'Acha', 'feedback', 'high', 'File foxit tidak dapat dibuka.', NULL, 'instal ulang foxit lalu dari hasil ulang file tidak dapat terbuka maslaahnya foxit tidak bisa membuka file solusinya merubah nama file jadi tanpa symbol', NULL, '2026-01-13 16:04:07', 980, '2026-01-13 08:17:00', '2026-01-13 08:24:00', 7, 0, '2026-01-13 09:04:07', '2026-01-14 01:53:13', NULL),
	(80, 'TCK-075', 176, 18, 11, NULL, 'Acha', 'feedback', 'high', 'Tidak bisa print/printer tidak konek dengan laptop.', NULL, 'instal ulang driver printer dcp 720 lalu reset spooler printer', NULL, '2026-01-13 16:05:33', 2479, '2026-01-14 09:22:00', '2026-01-14 09:33:00', 11, 0, '2026-01-13 09:05:33', '2026-01-19 06:45:34', NULL),
	(81, 'TCK-076', 176, 24, 1, NULL, 'Ernest', 'feedback', 'high', 'Ganti Password', NULL, 'sudah diganti password sesuai request user', NULL, '2026-01-14 08:54:35', 5, '2026-01-14 08:50:00', '2026-01-14 08:57:00', 7, 0, '2026-01-14 01:54:35', '2026-01-14 08:11:04', NULL),
	(82, 'TCK-077', 186, 24, 1, NULL, 'Chandra', 'feedback', 'medium', 'penambahan deprtement dan report di 032 dan satukan gosave gt b2b dan ecom jadi satu.', NULL, 'sudah di gabungkan menjadi 1 report untuk Sales BU All GOSAVE', NULL, '2026-01-14 09:35:04', 10, '2026-01-14 09:40:00', '2026-01-14 09:59:27', 120, 0, '2026-01-14 02:35:04', '2026-01-15 02:44:58', NULL),
	(83, 'TCK-078', 186, 24, 1, NULL, 'chandra', 'feedback', 'high', 'Parents active dan customer aktif untuk GT dan B2B (Only private Brand)', NULL, 'sudah dibuatkan save search dan dishare ke pak chandra dan timnya [GOSAVE] Customer Active https://6930902.app.netsuite.com/app/common/search/searchresults.nl?searchid=554&whence=', NULL, '2026-01-14 09:39:38', 1714, '2026-01-15 08:30:00', '2026-01-15 09:30:00', 60, 0, '2026-01-14 02:39:38', '2026-01-19 03:18:06', NULL),
	(84, 'TCK-079', 203, NULL, 10, NULL, 'Faizal bastian', 'waiting', NULL, 'CCTV Store Pasar Lama sejak tanggal 10 Desember 2025 mati , belum diperbaiki sampai dengan saat ini', 'tickets/DQNsdmpzRjmcSvAa58W1QGMVgudw3pQXH22ndfwp.png', NULL, NULL, '2026-01-14 11:58:12', 0, NULL, NULL, NULL, 0, '2026-01-14 04:58:13', '2026-01-14 04:58:13', NULL),
	(85, 'TCK-080', 176, 24, 1, NULL, 'Jeanever', 'feedback', 'high', 'Minta tambahan depaetement untuk tarikan SKU', NULL, 'menambahkan filter department dan baris department di tarikan item di netsuite', NULL, '2026-01-14 16:04:02', 19, '2026-01-14 16:14:00', '2026-01-14 16:19:00', 5, 0, '2026-01-14 09:04:02', '2026-01-19 04:22:06', NULL),
	(86, 'TCK-081', 24, 24, 1, NULL, 'bayu', 'feedback', 'medium', 'Meeting dengan tim product dan Gosave (sales) membahas report dan data item di netsuite', NULL, 'meeting dengan pak chandra dan ce achin membahas parent item yang ada ada di netsuite, item di netsuite banyak yang tidak memiliki parent dan perlu di perbaiki, next akan ditambahkan item parent setelah data siap dari tim product dan akan di import kedalam netsuite', NULL, '2026-01-14 16:20:01', 5, '2026-01-14 13:00:00', '2026-01-14 15:00:00', 120, 0, '2026-01-14 09:20:01', '2026-01-19 01:55:40', NULL),
	(87, 'TCK-082', 21, 21, 6, NULL, 'azi', 'feedback', 'medium', 'Data belum akurat untuk Tree view', NULL, 'Pemberharuan query karena ada perubahan nama department', NULL, '2026-01-14 16:29:55', 0, '2026-01-13 08:27:00', '2026-01-13 11:58:00', 211, 0, '2026-01-14 09:29:55', '2026-01-14 09:30:41', NULL),
	(88, 'TCK-083', 170, 21, 1, NULL, 'Yosefhin', 'feedback', 'low', 'Bantu hapus CN karena double import', NULL, 'done', NULL, '2026-01-14 16:39:23', 1, '2026-01-14 16:38:00', '2026-01-14 16:39:00', 1, 0, '2026-01-14 09:39:23', '2026-01-14 09:52:55', NULL),
	(89, 'TCK-084', 175, 24, 4, NULL, 'Cahya (HR Recruitment)', 'feedback', 'medium', 'Penggantian nominal di FRP Pembelian Frexor (Psychological Assessment) dengan nomor : FRP-HCG-26-00031 nominal awal : 3.514.300 nominal terbaru : 3.255.000', NULL, 'ubah nominal di FRP tim HCGA sesuai request user (Cahya)', NULL, '2026-01-15 09:36:26', 4, '2026-01-15 09:36:00', '2026-01-15 09:38:00', 2, 0, '2026-01-15 02:36:26', '2026-01-15 04:24:51', NULL),
	(90, 'TCK-085', 18, 18, 11, NULL, 'apriyanto', 'feedback', 'medium', 'tinta operasional jatake goto habis', NULL, 'memberika tinta brother black ke sony untuk di antarkan ke jatake', NULL, '2026-01-15 09:38:08', 0, '2026-01-14 09:35:00', '2026-01-14 09:39:00', 4, 0, '2026-01-15 02:38:08', '2026-01-15 02:40:00', NULL),
	(91, 'TCK-086', 18, 18, 11, NULL, 'Apriyanto', 'feedback', 'high', 'menyiapkan pc yang akan digunakan sementara oleh tim operasional jatake bagian packing karena pc nya rusak tidak menyala', NULL, 'memberikan pc sementara sambil menunggu pc nya benar kembali karena maslaah pc nya kotoe sekalai sehinga membuat pc tidak optimal dan ssd tidak terbaca', NULL, '2026-01-15 09:45:41', 0, '2026-01-14 09:43:00', '2026-01-14 09:58:00', 15, 0, '2026-01-15 02:45:41', '2026-01-19 01:15:59', NULL),
	(92, 'TCK-087', 186, 24, 1, NULL, 'Silvia Febriani', 'feedback', 'medium', 'Hapus Surat jalan karena barang retur di no:\r\nDO260100397 CUST00317 DUNIA SAFTINDO, PT \r\nDO260100421 CUST00995 CASH', NULL, 'sudah dihapus transaksi DO tersebut', NULL, '2026-01-15 09:46:49', 69, '2026-01-15 10:50:00', '2026-01-15 10:53:00', 3, 0, '2026-01-15 02:46:49', '2026-01-15 04:04:12', NULL),
	(93, 'TCK-088', 186, 21, 2, NULL, 'Silvia Febriani', 'feedback', 'medium', 'Hapus delivery order do no MLDO25120007\r\nsekalian SO closed', NULL, '👌', NULL, '2026-01-15 11:15:24', 5621, '2026-01-19 08:54:00', '2026-01-19 08:55:00', 1, 0, '2026-01-15 04:15:24', '2026-01-19 03:17:39', NULL),
	(94, 'TCK-089', 175, 24, 8, NULL, 'Galang Indra Swara', 'feedback', 'medium', 'Kamera dan Microphone tidak aktif', NULL, 'driver kamera beramasalah dan driver mic juga bermasalah, install ulang driver dan enable mic', NULL, '2026-01-15 11:49:20', 140, '2026-01-15 11:30:00', '2026-01-15 12:00:00', 30, 0, '2026-01-15 04:49:20', '2026-01-15 07:18:17', NULL),
	(95, 'TCK-090', 18, 18, 13, NULL, 'apriyanto', 'feedback', 'high', 'masalah ip address yang habis di wifi monalisa', NULL, 'menambah ip address di mikrotik karena masalah mengunakan prefix ip yang kecil yaitu /26 sehingga hanya mendapatkan 64 ip saja dan sudah di ganti menjadi /24 dengan max host 254 user', NULL, '2026-01-15 16:52:02', 0, '2026-01-15 16:49:00', '2026-01-15 16:57:00', 8, 0, '2026-01-15 09:52:02', '2026-01-19 01:16:53', NULL),
	(96, 'TCK-091', 18, 18, 11, NULL, 'apriyanto', 'feedback', 'medium', 'scanner ads3300 lantai 3 tidak terhubung ke jaringan', NULL, 'connect ulang scanner ke wifi piagam agar bisa kembali scann', NULL, '2026-01-15 16:55:04', 0, '2026-01-15 16:53:00', '2026-01-15 16:57:00', 4, 0, '2026-01-15 09:55:04', '2026-01-19 01:17:34', NULL),
	(97, 'TCK-092', 18, 18, 6, NULL, 'apriyanto', 'feedback', 'high', 'screenshoot tidak bisa atau tidak berfungsi', NULL, 'instal software screenshoot buat laptop riyos karena aplikasi screenshootnya kehapus', NULL, '2026-01-19 08:56:04', 0, '2026-01-15 08:53:00', '2026-01-15 09:04:00', 11, 0, '2026-01-19 01:56:04', '2026-01-22 01:24:36', NULL),
	(98, 'TCK-093', 174, 24, 11, NULL, 'Hosea', 'feedback', 'medium', 'Printer sering nyangkut dan hasilnya kotor', NULL, 'karet penarik keluar printer kotor, dibersihkan, dan pemanas printer juga kotor karena toner yang menempel, dibersihkan juga sampai toner hilang', NULL, '2026-01-19 09:55:31', 5, '2026-01-19 09:40:00', '2026-01-19 09:55:00', 15, 0, '2026-01-19 02:55:31', '2026-01-20 07:19:40', NULL),
	(99, 'TCK-094', 184, 24, 11, NULL, 'Nisa', 'feedback', 'low', 'Permintaan tinta printer dotmatrikx', NULL, 'dot matrix sudah di titipkan ke pak nurdin utk dibawa ke gudang RBK', NULL, '2026-01-19 10:14:49', 236, '2026-01-19 14:05:00', '2026-01-19 14:08:00', 3, 0, '2026-01-19 03:14:49', '2026-01-29 03:36:07', NULL),
	(100, 'TCK-095', 186, 24, 1, NULL, 'Silvia Febriani', 'feedback', 'medium', 'hapus orderan revisi barang dan retur\r\nDO260100643 PC-2200386 PUTRA TUNGGAL DAYA, PT\r\nSO260100366 PC-2200266 ANEKA SARANA SAFETY  (hapus closed)', NULL, 'karena sudah menjadi invoice, transaksi dihapus dari SI dan nomor dokumen yg direquest tersebut, SO closed', NULL, '2026-01-19 10:21:31', 221, '2026-01-19 10:17:00', '2026-01-19 10:21:00', 4, 0, '2026-01-19 03:21:31', '2026-01-21 04:43:23', NULL),
	(101, 'TCK-096', 203, 18, 12, NULL, 'Muhamad Azrin', 'feedback', 'high', 'Jaringan Internet Lambat', NULL, 'reboot mikrotik karena sudah lama tidak di reboot mikrotiknya', NULL, '2026-01-19 13:50:27', 121, '2026-01-19 15:49:00', '2026-01-19 15:58:00', 9, 0, '2026-01-19 06:50:27', '2026-01-23 03:26:37', NULL),
	(102, 'TCK-097', 176, 21, 6, NULL, 'Awaliah', 'feedback', 'low', 'Rumus Gsheet untuk Shipping Plan 2026', NULL, 'penambahan formula nested if', NULL, '2026-01-19 15:06:07', 1368, '2026-01-19 13:43:00', '2026-01-19 13:51:00', 8, 0, '2026-01-19 08:06:07', '2026-01-22 02:50:17', NULL),
	(103, 'TCK-098', 176, 24, 1, NULL, 'Jeanever', 'feedback', 'medium', 'Minta buka akses untuk Nurna bella dan Rizky untuk akses Report 001-SOPO', NULL, 'ditambahkan user yang dapat mengakses laporan tersebut sesuai request', NULL, '2026-01-19 17:23:44', 936, '2026-01-19 11:41:00', '2026-01-20 11:44:00', 10, 0, '2026-01-19 10:23:44', '2026-01-22 02:50:47', NULL),
	(104, 'TCK-099', 176, 24, 1, NULL, 'Jeanever', 'feedback', 'medium', 'Minta penambahan parent dan revenue di report SKU ACTIVE', NULL, 'ditambahkan parent dan total revenue yang ada di report SKU active untuk tim purchase', NULL, '2026-01-19 17:35:19', 923, '2026-01-19 11:45:00', '2026-01-19 12:00:00', 15, 0, '2026-01-19 10:35:19', '2026-01-22 02:49:35', NULL),
	(105, 'TCK-100', 18, 18, 11, NULL, 'apriyanto', 'feedback', 'medium', 'tinta printer dcp 720 bk dan c habis', NULL, 'isi tinta black dan c brother dcp 720 lantai 3 karena tinta habis', NULL, '2026-01-20 08:28:05', 0, '2026-01-19 08:25:00', '2026-01-19 08:37:00', 12, 0, '2026-01-20 01:28:05', '2026-01-22 01:25:24', NULL),
	(106, 'TCK-101', 67, 21, 6, NULL, 'Istiqma Nurfitriyah Adwili', 'resolved', 'high', 'perpindahan data dashboard sheet cs 2025', 'tickets/KHCfRNkTccirziJvXe2snPNul04BFW2DP75FCZ56.png', 'Migrasi data lama ke file baru', NULL, '2026-01-20 13:26:10', 5, '2026-01-20 10:10:00', '2026-01-20 11:30:00', 80, 0, '2026-01-20 06:26:10', '2026-01-20 06:31:39', NULL),
	(107, 'TCK-102', 67, 21, 6, NULL, 'Istiqma Nurfitriyah Adwili', 'resolved', 'low', 'perubahan tanggal pada sheet form perintah lembur', 'tickets/vmzAQlNkMGgCgwMhjxFjUmqAC6TjWpP731QSLKWK.jpg', '👌', NULL, '2026-01-20 13:28:17', 23, '2026-01-20 09:39:00', '2026-01-20 09:45:00', 6, 0, '2026-01-20 06:28:17', '2026-01-20 06:51:24', NULL),
	(108, 'TCK-103', 4, NULL, 5, NULL, 'Adelya Yowanda', 'void', NULL, 'Request tambahkan fitur Bagian Pembelian di bigseller', NULL, NULL, 'Double Ticket', '2026-01-20 13:29:05', 0, NULL, NULL, NULL, 0, '2026-01-20 06:29:05', '2026-01-20 06:32:42', NULL),
	(109, 'TCK-104', 4, 21, 5, NULL, 'Adelya Yowanda', 'resolved', 'low', 'Request tambahkan fitur Bagian Pembelian di bigseller', NULL, 'perubahan hak akses untuk role Sales', NULL, '2026-01-20 13:29:13', 5, '2026-01-20 13:25:00', '2026-01-20 13:30:00', 5, 0, '2026-01-20 06:29:13', '2026-01-20 06:34:19', NULL),
	(110, 'TCK-105', 18, 18, 12, NULL, 'apriyanto', 'feedback', 'high', 'masalah internet ks tubun yang lemot dan suka disconnect', NULL, 'sudah di coba restart mikrotik tapi masih seperti itu dan sudah di coba restart pada modem indihome', NULL, '2026-01-20 13:33:14', 0, '2026-01-20 13:31:00', '2026-01-20 13:41:00', 10, 0, '2026-01-20 06:33:14', '2026-01-22 01:25:59', NULL),
	(111, 'TCK-106', 21, 21, 6, NULL, 'Azi', 'feedback', 'medium', 'Perbaikan department pada Form Lembur Gsheet', NULL, '👌', NULL, '2026-01-20 14:03:21', 2, '2026-01-20 10:02:00', '2026-01-20 10:10:00', 8, 0, '2026-01-20 07:03:21', '2026-01-26 01:48:15', NULL),
	(112, 'TCK-107', 174, 24, 1, NULL, 'Delon', 'feedback', 'medium', 'req hapus SI260100576', NULL, 'sudah dihapus sesuai request user', NULL, '2026-01-20 14:20:25', 1096, '2026-01-20 14:19:00', '2026-01-20 14:22:00', 3, 0, '2026-01-20 07:20:25', '2026-01-29 08:03:46', NULL),
	(113, 'TCK-108', 18, 18, 6, NULL, 'apriyanto', 'feedback', 'high', 'macbook riski masalah pada adobe ilustation', NULL, 'force close semua aplikasi lalu restart macbook dan laptop normal kembali a', NULL, '2026-01-21 08:38:16', 0, '2026-01-20 08:35:00', '2026-01-20 08:44:00', 9, 0, '2026-01-21 01:38:16', '2026-01-22 01:27:47', NULL),
	(114, 'TCK-109', 127, 24, 6, NULL, 'renaldy alfarizi', 'feedback', 'medium', 'Delete req PB yang dibatalkan di web pilar', NULL, 'dihapus di database web pilar dengan nomor pb PB.2026.000000011, sudah confirm ke user terkait', NULL, '2026-01-21 10:19:33', 11, '2026-01-21 10:25:00', '2026-01-21 10:28:00', 3, 0, '2026-01-21 03:19:33', '2026-01-21 03:31:45', NULL),
	(115, 'TCK-110', 186, 24, 1, NULL, 'chandra', 'feedback', 'medium', 'input kota dan provinsi di netsuite', NULL, 'buat list record data kota dan kabupaten di netsuite, data provinsi sudah siap dan field di form customer sudah dibuat, kemudian di tambahkan field ke dalam report netsuite user [GOSAVE] Transaksi INV GOSAVE', NULL, '2026-01-21 11:44:04', 1547, '2026-01-21 09:30:00', '2026-01-21 11:30:00', 120, 0, '2026-01-21 04:44:04', '2026-01-23 02:42:31', NULL),
	(116, 'TCK-111', 207, 18, 8, NULL, 'Sinta', 'feedback', 'high', 'Pc outbound tidak mau menyala', 'tickets/oD7x1ESlWTsP8bDsQnZPlUsMjntlSCRKsGHFZdD7.jpg', 'membersikan pc dari debu dan membuka power supplynya unntuk di bersihkan', NULL, '2026-01-21 12:15:53', 1237, '2026-01-21 08:50:00', '2026-01-21 09:13:00', 23, 0, '2026-01-21 05:15:54', '2026-01-28 04:25:47', NULL),
	(117, 'TCK-112', 207, 18, 6, NULL, 'Sinta', 'feedback', 'high', 'Laptop bulky mengalami delay instal ulang windows', NULL, 'instal ulang windows dan instal software yang di butuhkan', NULL, '2026-01-21 12:20:33', 1246, '2026-01-21 09:03:00', '2026-01-21 09:25:00', 22, 0, '2026-01-21 05:20:33', '2026-01-28 04:26:18', NULL),
	(118, 'TCK-113', 207, 24, 8, NULL, 'Ahmad Asnawi', 'feedback', 'medium', 'PC Outbound tidak menyala/stuck di logo saja', NULL, 'di cek ssd di pc kendor, dan sudah di pasang kembali, setelah di nyalakan pc berjalan normal', NULL, '2026-01-21 16:10:37', 7087, '2026-01-26 08:00:00', '2026-01-26 08:30:00', 30, 0, '2026-01-21 09:10:37', '2026-01-28 04:24:39', NULL),
	(119, 'TCK-114', 18, 18, 11, NULL, 'apriyanto', 'feedback', 'medium', 'laptop epson punya sales gt rawabokor sudah usang dan sudah kena headprintnya sehingga warnanya hanya merah saja', NULL, 'mengganti printer dengan yang baru set up printer baru untuk digunakan oleh tim sales gt dan menghubungkan ke laptop" user', NULL, '2026-01-21 16:49:13', 0, '2026-01-20 16:46:00', '2026-01-20 16:59:00', 13, 0, '2026-01-21 09:49:13', '2026-03-25 07:38:50', NULL),
	(120, 'TCK-115', 176, 24, 4, NULL, 'umma', 'feedback', 'high', 'penambahan vendor dan akun bank', NULL, 'sudah ditambahkan ke database vendor dan no rek di FRP', NULL, '2026-01-22 09:51:25', 215, '2026-01-22 08:40:00', '2026-01-22 08:50:00', 10, 0, '2026-01-22 02:51:25', '2026-01-23 02:23:25', NULL),
	(121, 'TCK-116', 18, 18, 13, NULL, 'apriyanto', 'feedback', 'high', 'internet duta garden tidak optimal', NULL, 'resset modem indihome karena habis mati serentak sehingga harus restar modem untuk dapet yang optimal dan memamng smaoai sore terjadi kendala dari indihome sehingga spped internet biznet mencapai max nya  karena speed di bawah indihome yaitu hanya 100 mbps denga user aktif 205 user', NULL, '2026-01-23 08:59:13', 0, '2026-01-22 08:55:00', '2026-01-22 09:06:00', 11, 0, '2026-01-23 01:59:13', '2026-03-25 07:38:30', NULL),
	(122, 'TCK-117', 176, 18, 11, NULL, 'Awaliah', 'feedback', 'medium', 'printertidak bisa print', NULL, 'resset spooler dan connect ulang ke wifi piagam si printer dcp 720 lantai 3', NULL, '2026-01-23 09:24:23', 7139, '2026-01-27 08:16:00', '2026-01-27 08:31:00', 15, 0, '2026-01-23 02:24:23', '2026-01-28 02:12:42', NULL),
	(123, 'TCK-118', 186, 21, 1, NULL, 'Silvia Febriani', 'feedback', 'low', 'hapus surat jalan DO260100849 CUST00263 AEGISINDO MITRA SEJATI, PT revisi qty', NULL, '👌', NULL, '2026-01-23 09:45:23', 62, '2026-01-23 10:45:00', '2026-01-23 10:46:00', 1, 0, '2026-01-23 02:45:23', '2026-01-26 02:49:34', NULL),
	(124, 'TCK-119', 170, 24, 8, NULL, 'Yosefhin', 'feedback', 'low', 'Install ulang printer', NULL, 'add printer karena laptop habis di install ulang dan belum ada printer', NULL, '2026-01-23 16:11:32', 4204, '2026-01-23 16:10:00', '2026-01-23 16:13:00', 3, 0, '2026-01-23 09:11:32', '2026-01-26 07:45:36', NULL),
	(125, 'TCK-120', 190, 24, 11, NULL, 'Novi saryanti', 'resolved', 'low', 'Permintaan tinta printer warna magenta dan yellow', NULL, 'tinta sudah disediakan dan sudah diberikan oleh kru store paslam', NULL, '2026-01-25 14:27:58', 5700, '2026-01-29 13:24:00', '2026-01-29 13:26:00', 2, 0, '2026-01-25 07:27:58', '2026-01-29 06:28:15', NULL),
	(126, 'TCK-121', 186, 24, 1, NULL, 'Silvia Febriani', 'feedback', 'medium', 'Revisi customer revisi qty order barang. Hapus surat jalan di no DO260100921 PC-2400743 PANDAWA MITRA INDUSTRI, PT', NULL, 'DO sudah dihapuskan dan tidak close SO, dihapus DO karena ada revisi', NULL, '2026-01-26 09:50:23', 268, '2026-01-26 14:13:00', '2026-01-26 14:16:00', 3, 0, '2026-01-26 02:50:23', '2026-01-26 08:29:26', NULL),
	(127, 'TCK-122', 170, NULL, 1, NULL, 'Yosefhin', 'void', NULL, 'bantu hapus cn karena salah nama customer', NULL, NULL, 'double ticket', '2026-01-26 14:46:08', 0, NULL, NULL, NULL, 0, '2026-01-26 07:46:08', '2026-01-26 09:29:47', NULL),
	(128, 'TCK-123', 170, NULL, 1, NULL, 'Yosefhin', 'waiting', NULL, 'bantu hapus cn karena salah nama customer', NULL, NULL, NULL, '2026-01-26 14:46:10', 0, NULL, NULL, NULL, 0, '2026-01-26 07:46:10', '2026-01-26 07:46:10', NULL),
	(129, 'TCK-124', 186, 24, 1, NULL, 'Egy Irsandy', 'feedback', 'medium', 'Hapus DO260100961 - Jangan di closed ( Revisi Qty )', NULL, 'sudah dihapus do DO260100961 dan info ke usre terkait', NULL, '2026-01-26 15:31:01', 3, '2026-01-26 15:29:00', '2026-01-26 15:31:00', 2, 0, '2026-01-26 08:31:01', '2026-01-27 02:29:14', NULL),
	(130, 'TCK-125', 18, 18, 13, NULL, 'apriyanto', 'feedback', 'high', 'masalah live patah"', NULL, 'membuat priority sebagai yang paling utama di banding yang lainya di mikrotik ho duta garden', NULL, '2026-01-27 08:24:32', 0, '2026-01-23 08:21:00', '2026-01-23 08:33:00', 12, 0, '2026-01-27 01:24:32', '2026-03-25 07:38:01', NULL),
	(131, 'TCK-126', 186, 24, 1, NULL, 'Egy Irsandy', 'feedback', 'medium', 'Tolong Hapus DO260100941 Jangan di closed', NULL, 'sudah dihapus DO sesuai request admin sales', NULL, '2026-01-27 09:35:57', 245, '2026-01-27 13:36:00', '2026-01-27 13:39:00', 3, 0, '2026-01-27 02:35:57', '2026-02-02 04:02:05', NULL),
	(132, 'TCK-127', 203, 18, 12, NULL, 'Azrin', 'feedback', 'high', 'Jaringan lambat', NULL, 'resset modem dan reboot router mikrotik', NULL, '2026-01-27 13:05:45', 1160, '2026-01-27 08:23:00', '2026-01-27 08:30:00', 7, 0, '2026-01-27 06:05:45', '2026-01-29 07:29:54', NULL),
	(133, 'TCK-128', 176, 24, 4, NULL, 'Trisha', 'feedback', 'medium', 'Penghapusan FRP no 157', NULL, 'status FRP dibuat reject dan akan dibuat FRP baru oleh user', NULL, '2026-01-28 09:13:07', 1694, '2026-01-28 09:13:00', '2026-01-28 09:15:00', 2, 0, '2026-01-28 02:13:07', '2026-01-29 09:12:32', NULL),
	(134, 'TCK-129', 175, 24, 8, 151, 'Faris', 'feedback', 'medium', 'Request peminjaman laptop untuk akses google classroom karyawan baru (hanya hari ini saja)', NULL, 'ambil laptop yang dibutuhkan untuk test karyawan baru, email sudah diberikan dengan email andrew.goto.sales@gmail.com', NULL, '2026-01-28 10:28:52', 1617, '2026-01-28 11:20:00', '2026-01-28 11:35:00', 15, 0, '2026-01-28 03:28:52', '2026-01-29 07:08:12', NULL),
	(135, 'TCK-130', 207, 18, 13, 1, 'Ahmad Asnawi', 'feedback', 'high', 'Pengajuan penambahkan akses internet operasional', NULL, 'menambah ip address hp operasional untuk akses internet di operasional', NULL, '2026-01-28 12:02:17', 1520, '2026-01-28 13:18:00', '2026-01-28 13:38:00', 20, 0, '2026-01-28 05:02:17', '2026-01-29 09:11:07', NULL),
	(136, 'TCK-131', 175, 24, 8, NULL, 'Renaldy Alfarizi', 'feedback', 'medium', 'Migrasi data dan installasi laptop baru', NULL, 'data dari laptop lama dibackup ke server NAS dan setelah dibackup, laptop baru di isi data yang dibutuhkan oleh user dari file di server NAS', NULL, '2026-01-28 15:20:51', 1323, '2026-01-28 13:30:00', '2026-01-28 15:30:00', 120, 0, '2026-01-28 08:20:51', '2026-01-29 07:08:39', NULL),
	(137, 'TCK-132', 184, 24, 1, NULL, 'Nurna Bella AP', 'feedback', 'medium', 'Hapus GR GR260100012', NULL, 'Done sudah di hapus GR tersebut sesuai request user tim warehouse Gosave', NULL, '2026-01-29 10:37:00', 163, '2026-01-29 10:30:00', '2026-01-29 10:33:00', 3, 0, '2026-01-29 03:37:00', '2026-02-18 01:51:12', NULL),
	(138, 'TCK-133', 170, NULL, 1, NULL, 'Yose', 'void', NULL, 'Import invoice tp masuknya credit memo', NULL, NULL, 'double create ticket', '2026-01-29 13:27:21', 0, NULL, NULL, NULL, 0, '2026-01-29 06:27:21', '2026-01-30 07:47:30', NULL),
	(139, 'TCK-134', 170, 24, 1, NULL, 'Yose', 'feedback', 'medium', 'Import invoice tp masuknya credit memo', NULL, 'sudah dihapus CN yang salah sesuai request user, kemnugkinan yang dimport menggunakan template CN bukan invoice\r\nhttps://6930902.app.netsuite.com/app/accounting/transactions/custcred.nl?id=2951197&whence=\r\nhttps://6930902.app.netsuite.com/app/accounting/transactions/custcred.nl?id=2951763&whence=\r\nhttps://6930902.app.netsuite.com/app/accounting/transactions/custcred.nl?id=2951764&whence=', NULL, '2026-01-29 13:27:21', 4, '2026-01-29 13:25:00', '2026-01-29 13:29:00', 4, 0, '2026-01-29 06:27:21', '2026-01-29 07:07:28', NULL),
	(140, 'TCK-135', 175, 24, 4, NULL, 'umam', 'feedback', 'medium', 'Penambahan vendor', NULL, 'sudah ditambahkann vendor sesuai request user kedalam FRP', NULL, '2026-01-29 14:09:49', 1479, '2026-01-29 15:45:00', '2026-01-29 15:50:00', 5, 0, '2026-01-29 07:09:49', '2026-02-13 07:49:09', NULL),
	(141, 'TCK-136', 203, 24, 13, NULL, 'Faizal Bastian', 'feedback', 'high', 'Kuota Indihome Telaga Bestari Habis', 'tickets/XPKbjBDlxafZp2FfmKFO9iW37NTeEpsD5Y40lYSo.jpg', 'Pembelian kuota orbit untuk store talaga bestari utk 1 bulan (125GB)', NULL, '2026-01-29 14:34:22', 14, '2026-01-29 14:40:00', '2026-01-29 14:45:00', 5, 0, '2026-01-29 07:34:22', '2026-01-30 07:24:19', NULL),
	(142, 'TCK-137', 175, 24, 4, NULL, 'Renaldy Alfarizi', 'feedback', 'low', 'Print size A5', NULL, 'install drive printer di laptop baru pak renaldy', NULL, '2026-01-29 14:46:34', 1440, '2026-01-29 11:45:00', '2026-01-29 12:00:00', 15, 0, '2026-01-29 07:46:34', '2026-02-13 07:48:36', NULL),
	(143, 'TCK-138', 174, 18, 6, NULL, 'Rahmat', 'feedback', 'high', 'Install apk printer epson', NULL, 'instal driver printer epson m1120 sampping bintang', NULL, '2026-01-29 15:04:41', 1206, '2026-01-29 11:08:00', '2026-01-29 11:30:00', 22, 0, '2026-01-29 08:04:41', '2026-01-30 07:08:25', NULL),
	(144, 'TCK-139', 176, 24, 1, NULL, 'Jeanever', 'feedback', 'high', 'Membuat Parent active dengan revenue di report parent active', NULL, 'ditambahkan di save search SKU Active dan sudah di berikan ke user terkait', NULL, '2026-01-30 08:42:17', 363, '2026-01-29 12:00:00', '2026-01-29 14:40:00', 160, 0, '2026-01-30 01:42:17', '2026-01-30 09:58:48', NULL),
	(145, 'TCK-140', 176, 21, 6, NULL, 'Jeanever', 'feedback', 'medium', 'Minta penambahan field di dashboard source SAGP untuk update report.', NULL, 'Pembuatan referensi sheet berdasarkan sheet lama yg ada di SCM', NULL, '2026-01-30 08:43:59', 4776, '2026-01-30 09:16:00', '2026-01-30 10:16:00', 60, 0, '2026-01-30 01:43:59', '2026-02-09 03:59:33', NULL),
	(146, 'TCK-141', 18, 18, 6, NULL, 'Apriyanto', 'feedback', 'medium', 'Mengaktifkan web touchpoint ke internet', NULL, 'setting nginx agar web touch point bisa aktif di internet  dan setting di mikrotik juga dan sudah di uji coba dan berjalan dengan normal', NULL, '2026-01-30 11:12:58', 0, '2026-01-30 11:10:00', '2026-01-30 11:20:00', 10, 0, '2026-01-30 04:12:58', '2026-03-25 07:37:49', NULL),
	(147, 'TCK-142', 174, 24, 1, NULL, 'Shoona kabila mahaaba', 'feedback', 'medium', 'Tidak bisa input customer baru', NULL, 'kendala di setting field yang ada di customer, sudah di perbaiki settingannya', NULL, '2026-01-30 14:08:53', 35, '2026-01-30 14:25:00', '2026-01-30 14:30:00', 5, 0, '2026-01-30 07:08:53', '2026-02-03 03:01:08', NULL),
	(148, 'TCK-143', 203, 24, 11, NULL, 'Trinita', 'feedback', 'low', 'Mouse komputer gudang ks tubun sudah tidak berfungsi (area inbound)', 'tickets/unmWKFNjvY34l22C9InyzoDwqFFK3g8WMzBKCaE2.mp4', 'disiapkan mouse pengganti, akan diambil user hari senin', NULL, '2026-01-30 14:26:57', 15, '2026-01-30 14:40:00', '2026-01-30 14:42:00', 2, 0, '2026-01-30 07:26:58', '2026-02-04 01:56:23', NULL),
	(149, 'TCK-144', 197, 18, 8, NULL, 'GOTO store Ciledug', 'resolved', 'medium', 'Permintaan tinta printer warna merah', NULL, 'tinta sudah di berikan untuk warna merah', NULL, '2026-01-30 14:50:26', 3955, '2026-01-30 08:42:00', '2026-01-30 08:47:00', 5, 0, '2026-01-30 07:50:26', '2026-02-02 01:45:10', NULL),
	(150, 'TCK-145', 195, 18, 8, NULL, 'Goto store ciledug', 'resolved', 'medium', 'Permintaan tinta printer warna merah', NULL, 'Tinta brother t220 warna merah sudah di berikan ke crew store', NULL, '2026-01-30 14:51:30', 6812, '2026-02-03 08:20:00', '2026-02-03 08:25:00', 5, 0, '2026-01-30 07:51:30', '2026-02-04 01:23:29', NULL),
	(151, 'TCK-146', 213, 18, 11, NULL, 'nana', 'feedback', 'high', 'Printer Error', NULL, 'Instal ulang driver printer dcp 720 agar bisa print kembali', NULL, '2026-01-30 16:25:25', 3861, '2026-01-30 08:44:00', '2026-01-30 08:59:00', 15, 0, '2026-01-30 09:25:25', '2026-02-06 03:26:57', NULL),
	(152, 'TCK-147', 176, 24, 1, NULL, 'umma', 'feedback', 'medium', 'menambahkan detail category baru ke netsuite', NULL, 'menambahkan detail, sub, main, dan brand category di netsuite baru sesuai request user tim product', NULL, '2026-01-30 16:59:18', 3917, '2026-01-30 10:05:00', '2026-01-30 10:10:00', 5, 0, '2026-01-30 09:59:18', '2026-02-09 03:59:07', NULL),
	(153, 'TCK-148', 207, 18, 13, NULL, 'sinta adawiyah', 'feedback', 'high', 'penambahan akses wifi untuk kurir JNT cargo', 'tickets/T3POLlWaJNR3ZuByls1my9Qh1JqVgLuGuBUlziiU.jpg', 'Menambahkan ip address di ARP list mikrotik agar dapat akses internet operasional jatake', NULL, '2026-01-31 14:57:54', 5406, '2026-02-03 09:00:00', '2026-02-03 09:10:00', 10, 0, '2026-01-31 07:57:55', '2026-02-08 08:22:35', NULL),
	(154, 'TCK-149', 176, 24, 1, NULL, 'khuzaima', 'feedback', 'medium', 'format tarikan data sku di netsuite', NULL, 'membuat tarikan savesearch item sesuai request user untuk menampilkan base price', NULL, '2026-02-02 08:34:12', 101, '2026-02-02 10:05:00', '2026-02-02 10:12:00', 7, 0, '2026-02-02 01:34:12', '2026-02-03 03:11:24', NULL),
	(155, 'TCK-150', 186, 21, 2, NULL, 'wahyuni', 'feedback', 'low', 'hapus MLDO26020001 dan MLSO26020001', NULL, '👌', NULL, '2026-02-02 11:03:01', 248, '2026-02-02 15:08:00', '2026-02-02 15:09:00', 1, 0, '2026-02-02 04:03:01', '2026-02-04 01:36:21', NULL),
	(156, 'TCK-151', 207, 24, 11, NULL, 'parida herlina', 'feedback', 'high', 'laptop lemot', NULL, 'ok', NULL, '2026-02-02 11:38:43', 262, '2026-02-02 15:35:00', '2026-02-02 15:35:00', 9, 0, '2026-02-02 04:38:43', '2026-02-26 09:23:23', NULL),
	(157, 'TCK-152', 186, 24, 1, NULL, 'Silvia Febriani', 'feedback', 'medium', 'Hapus surat jalan dan invoice karena toko retur batal pesan\r\nSO260101091 PC-2300589 LAURENSIA OCTAVIANI', NULL, 'trasnsaksi sudah dihapus dan close SO', NULL, '2026-02-02 14:24:27', 1385, '2026-02-02 14:25:00', '2026-02-02 14:29:00', 4, 0, '2026-02-02 07:24:27', '2026-02-04 01:35:46', NULL),
	(158, 'TCK-153', 207, 24, 1, NULL, 'parida herlina', 'feedback', 'high', 'request perbaikan template import csv netsuite', NULL, 'dikarenakan adanya penambahan field nama customer cash utk cust cash dan goto express, template import dan import csv pada netsuite harus dirubah/ditambahkan input field baru, template import sudah di update dan dapat digunakan', NULL, '2026-02-02 15:50:16', 1302, '2026-02-02 15:30:00', '2026-02-02 15:50:00', 20, 0, '2026-02-02 08:50:16', '2026-02-04 07:51:28', NULL),
	(159, 'TCK-154', 174, 24, 4, NULL, 'ketty', 'feedback', 'medium', 'edit frp isi memo di pecah jadi 2', NULL, 'sudah dipecah frp menjadi 2 line', NULL, '2026-02-03 10:01:56', 1, '2026-02-03 09:45:00', '2026-02-03 10:00:00', 15, 0, '2026-02-03 03:01:56', '2026-02-03 03:03:29', NULL),
	(160, 'TCK-155', 207, 18, 13, NULL, 'Ahmad Asnawi', 'feedback', 'high', 'Internet putus nyambung pada perangkat Laptop HP', 'tickets/gRTD3eYSkWPNtl0uBXkND2Mas0SCVD9OGbXhNt97.jpg', 'INSTAL ULANG DRIVE WIFI', NULL, '2026-02-03 10:55:52', 9950, '2026-02-10 08:46:00', '2026-02-10 08:59:00', 13, 0, '2026-02-03 03:55:52', '2026-02-26 09:23:17', NULL),
	(161, 'TCK-156', 170, 24, 1, NULL, 'Yosefhin', 'feedback', 'medium', 'Hapus CN dan bantu tambahan akses untuk "Cash Customer Name"', NULL, 'template import diubah, dan khusus untuk inject invoice dan CN, customer cash tidak mandatory', NULL, '2026-02-03 14:22:18', 34, '2026-02-03 14:45:00', '2026-02-03 14:52:00', 7, 0, '2026-02-03 07:22:18', '2026-02-09 07:29:12', NULL),
	(162, 'TCK-157', 186, 21, 1, NULL, 'Egy Irsandy', 'feedback', 'low', 'DO260201204 hapus DO karena ingin pindah pariodik', NULL, '👌', NULL, '2026-02-04 08:37:13', 8, '2026-02-04 08:43:00', '2026-02-04 08:44:00', 1, 0, '2026-02-04 01:37:13', '2026-02-04 02:04:55', NULL),
	(163, 'TCK-158', 203, NULL, 12, NULL, 'Azrin', 'waiting', NULL, 'Modem wifi lost kedip merah', NULL, NULL, NULL, '2026-02-04 08:57:24', 0, NULL, NULL, NULL, 0, '2026-02-04 01:57:24', '2026-02-04 01:57:24', NULL),
	(164, 'TCK-164', 174, 18, 11, NULL, 'Hosea', 'feedback', 'high', 'Printer kotor', NULL, 'membersikan roller printer agar tidak kotor lagi saat print', NULL, '2026-02-06 10:29:27', 15, '2026-02-06 10:45:00', '2026-02-06 10:50:00', 5, 0, '2026-02-06 03:29:27', '2026-02-09 03:47:51', NULL),
	(169, 'TCK-165', 186, 24, 1, NULL, 'Silvia Febriani', 'feedback', 'medium', 'Hapus surat jalan di no DO260201347 PC-2300589 LAURENSIA OCTAVIANI. Barang retur batal pesan', NULL, 'hapus DO DO260201347 sesuai request user', NULL, '2026-02-06 11:09:52', 0, '2026-02-06 11:10:00', '2026-02-06 11:12:00', 2, 0, '2026-02-06 04:09:52', '2026-02-07 02:18:29', NULL),
	(170, 'TCK-170', 186, 24, 4, NULL, 'Silvia Febriani', 'feedback', 'medium', 'Hapus FRP No. FRP-GSG-26-00011', NULL, 'mengubah status pada FRP menjadi Reject karena FRP tersebut di batalkan', NULL, '2026-02-06 13:26:33', 10, '2026-02-06 13:37:00', '2026-02-06 13:39:00', 2, 0, '2026-02-06 06:26:33', '2026-02-07 02:18:21', NULL),
	(171, 'TCK-171', 177, 24, 6, NULL, 'Rodo', 'resolved', 'medium', 'Format aplikasi printer error', NULL, 'Convert kedalam pdf sebelum di print agar kop surat dan hasil print menjadi borderless', NULL, '2026-02-06 16:02:28', 62, '2026-02-06 15:00:00', '2026-02-06 16:25:00', 85, 0, '2026-02-06 09:02:28', '2026-02-06 09:27:31', NULL),
	(172, 'TCK-172', 213, NULL, 12, NULL, 'Nurfathan', 'void', NULL, 'Jaringan lantai 3 lambat', NULL, NULL, 'Testing', '2026-02-06 16:51:22', NULL, NULL, NULL, NULL, 0, '2026-02-06 09:51:22', '2026-02-07 07:27:16', NULL),
	(173, 'TCK-173', 186, 24, 1, NULL, 'Egy Irsandy', 'feedback', 'high', 'Hapus DO toko rumah qty DO260201438', NULL, 'hapus surat DO di netsuite sesuai request user', NULL, '2026-02-07 09:18:58', 1441, '2026-02-08 09:20:00', '2026-02-08 09:23:00', 3, 0, '2026-02-07 02:18:58', '2026-02-11 03:58:03', NULL),
	(174, 'TCK-174', 207, NULL, 13, NULL, 'sinta', 'waiting', NULL, 'wlan tidak terkoneksi untuk pc di area outbound', NULL, NULL, NULL, '2026-02-08 15:24:41', NULL, NULL, NULL, NULL, 0, '2026-02-08 08:24:41', '2026-02-08 08:24:41', NULL),
	(175, 'TCK-175', 207, NULL, 13, NULL, 'sinta adawiyah', 'waiting', NULL, 'wlan tidak dapat koneksi di pc outbound', NULL, NULL, NULL, '2026-02-08 15:25:59', NULL, NULL, NULL, NULL, 0, '2026-02-08 08:25:59', '2026-02-08 08:25:59', NULL),
	(176, 'TCK-176', 174, 24, 11, NULL, 'Delon', 'feedback', 'low', 'Printer kotor', NULL, 'dibersihkan bagian besi pemanas printer hingga bersih dari bubuk toner yg menempel', NULL, '2026-02-09 10:48:09', 11, '2026-02-09 11:00:00', '2026-02-09 11:15:00', 15, 0, '2026-02-09 03:48:09', '2026-02-09 04:47:28', NULL),
	(177, 'TCK-177', 176, 24, 6, NULL, 'Milazania', 'feedback', 'medium', 'SKU produk tidak ada di web pilar', NULL, 'sudah di tambahkan ke pilarweb, tetapi ketika user membuat PB dan di cek database, item sudah ada, sehingga item yg baru dibuat dihapus kembali supaya tidak double', NULL, '2026-02-09 11:00:56', 9, '2026-02-09 11:10:00', '2026-02-09 11:20:00', 10, 0, '2026-02-09 04:00:56', '2026-02-10 06:34:46', NULL),
	(178, 'TCK-178', 174, 24, 11, NULL, 'Shoona Kabila Mahaaba', 'feedback', 'low', 'Minta Tinta Untuk Printer LQ-310', NULL, 'memberikan pita/ribbon printer dot matrix Epson LQ 310', NULL, '2026-02-09 11:48:23', 121, '2026-02-09 13:50:00', '2026-02-09 13:51:00', 1, 0, '2026-02-09 04:48:23', '2026-02-23 02:17:20', NULL),
	(179, 'TCK-179', 170, 24, 1, NULL, 'YOSE', 'feedback', 'low', 'team ops salah report jd harus revisi cn-nya', NULL, 'hapus CN netsuite sesuai request tim finance (yose)', NULL, '2026-02-09 14:29:41', 84, '2026-02-09 15:54:00', '2026-02-09 15:56:00', 2, 0, '2026-02-09 07:29:41', '2026-02-19 09:34:56', NULL),
	(192, 'TCK-192', 176, 24, 1, NULL, 'Jeanever', 'feedback', 'medium', 'Buat Report SOPO baru Dengan tambahan tanggal PO dan Expected Date', NULL, 'menambahkan date dan receive by di report terkait dan sudah di konfirmasi ke user', NULL, '2026-02-10 13:50:59', 138, '2026-02-10 16:09:00', '2026-02-10 16:24:00', 15, 0, '2026-02-10 06:50:59', '2026-02-12 04:50:11', NULL),
	(193, 'TCK-193', 176, NULL, 6, NULL, 'Awaliah', 'waiting', NULL, 'Gsheet OPOC database and Shipping Plan', NULL, NULL, NULL, '2026-02-10 14:36:46', NULL, NULL, NULL, NULL, 0, '2026-02-10 07:36:46', '2026-02-10 07:36:46', NULL),
	(194, 'TCK-194', 186, 24, 1, NULL, 'Egy Irsandy', 'feedback', 'medium', 'hapus DO260201572 jangan di closed', NULL, 'mengubah diskon menjadi rebate, dan menyesuaikan nominal rebate sesuai request user', NULL, '2026-02-11 10:58:25', 1396, '2026-02-12 10:15:00', '2026-02-12 10:17:00', 2, 0, '2026-02-11 03:58:25', '2026-02-12 08:32:42', NULL),
	(195, 'TCK-195', 176, 24, 6, NULL, 'Ernest', 'feedback', 'low', 'pembuatan email group untuk admin buyer import', NULL, 'membuat group email @piagam.id - email group baru buyer@piagam.id ( member group : umma@piagam.id dan admproduct.piagam@gmail.com)', NULL, '2026-02-12 11:51:14', 3, '2026-02-12 11:48:00', '2026-02-12 11:50:00', 2, 0, '2026-02-12 04:51:14', '2026-02-12 06:16:28', NULL),
	(198, 'TCK-196', 186, NULL, 1, NULL, 'Egy Irsandy', 'waiting', NULL, 'DO260201620 Hapus DO jangan di closed makasih', NULL, NULL, NULL, '2026-02-12 15:33:23', NULL, NULL, NULL, NULL, 0, '2026-02-12 08:33:23', '2026-02-12 08:33:23', NULL),
	(199, 'TCK-199', 186, NULL, 1, NULL, 'Egy Irsandy', 'waiting', NULL, 'hapus Do toko batal order DO260201569', NULL, NULL, NULL, '2026-02-13 08:34:45', NULL, NULL, NULL, NULL, 0, '2026-02-13 01:34:45', '2026-02-13 01:34:45', NULL),
	(200, 'TCK-200', 175, NULL, 8, NULL, 'Galang', 'waiting', NULL, 'Install Gdrive ke desktop & aktivasi setting ukuran A5 untuk kebutuhan print', NULL, NULL, NULL, '2026-02-13 14:50:54', NULL, NULL, NULL, NULL, 0, '2026-02-13 07:50:54', '2026-02-13 07:50:54', NULL),
	(201, 'TCK-201', 184, NULL, 6, NULL, 'Nafizka Nisa', 'waiting', NULL, 'Setting program Wincode', NULL, NULL, NULL, '2026-02-18 08:56:13', NULL, NULL, NULL, NULL, 0, '2026-02-18 01:56:13', '2026-02-18 01:56:13', NULL),
	(202, 'TCK-202', 203, NULL, 13, NULL, 'Faizal Bastian', 'waiting', NULL, 'Kuota Indihome Telaga Bestari Habis', NULL, NULL, NULL, '2026-02-18 10:49:52', NULL, NULL, NULL, NULL, 0, '2026-02-18 03:49:52', '2026-02-18 03:49:52', NULL),
	(203, 'TCK-203', 186, NULL, 1, NULL, 'EGY IRSANDY', 'waiting', NULL, 'RAW 32', NULL, NULL, NULL, '2026-02-18 11:04:11', NULL, NULL, NULL, NULL, 0, '2026-02-18 04:04:11', '2026-02-18 04:04:11', NULL),
	(204, 'TCK-204', 203, NULL, 4, NULL, 'Faizal Bastian', 'waiting', NULL, 'Revisi FRP ( Departemen Berubah dari GOTO Store menjadi GOTO GT )', NULL, NULL, NULL, '2026-02-18 11:28:37', NULL, NULL, NULL, NULL, 0, '2026-02-18 04:28:37', '2026-02-18 04:28:37', NULL),
	(205, 'TCK-205', 186, NULL, 1, NULL, 'EGY IRSANDY', 'waiting', NULL, 'RAW DATA 742 - PENAMBAHAN DATA PADA RAW', NULL, NULL, NULL, '2026-02-19 09:59:32', NULL, NULL, NULL, NULL, 0, '2026-02-19 02:59:32', '2026-02-19 02:59:32', NULL),
	(206, 'TCK-206', 186, NULL, 1, NULL, 'wahyuni', 'waiting', NULL, 'hapus DO260201794, so mau di revisi', NULL, NULL, NULL, '2026-02-19 11:22:49', NULL, NULL, NULL, NULL, 0, '2026-02-19 04:22:49', '2026-02-19 04:22:49', NULL),
	(207, 'TCK-207', 170, NULL, 1, NULL, 'Yosefhin', 'waiting', NULL, 'request hapus cn karena salah data', NULL, NULL, NULL, '2026-02-19 16:35:37', NULL, NULL, NULL, NULL, 0, '2026-02-19 09:35:37', '2026-02-19 09:35:37', NULL),
	(208, 'TCK-208', 175, NULL, 8, NULL, 'Galang', 'waiting', NULL, 'Request batre AA untuk mouse laptop', NULL, NULL, NULL, '2026-02-20 14:01:47', NULL, NULL, NULL, NULL, 0, '2026-02-20 07:01:47', '2026-02-20 07:01:47', NULL),
	(209, 'TCK-209', 186, NULL, 1, NULL, 'EGY IRSANDY', 'waiting', NULL, 'SI260201665 TOLONG HAPUS SI SO DO SUDAH ACC FINANCE', NULL, NULL, NULL, '2026-02-20 14:44:53', NULL, NULL, NULL, NULL, 0, '2026-02-20 07:44:53', '2026-02-20 07:44:53', NULL),
	(210, 'TCK-210', 186, NULL, 1, NULL, 'wahyuni', 'waiting', NULL, 'CUSTOMER REVISI ORDERAN , HAPUS NO.DO260201869, DO260201871, DO260201870', NULL, NULL, NULL, '2026-02-23 09:04:10', NULL, NULL, NULL, NULL, 0, '2026-02-23 02:04:10', '2026-02-23 02:04:10', NULL),
	(211, 'TCK-211', 174, 18, 11, NULL, 'Dika pratama', 'feedback', 'high', 'Ganti toner printer', NULL, 'menganti toner karena toner habis', NULL, '2026-02-23 09:18:19', 11803, '2026-03-03 14:02:00', '2026-03-03 14:08:00', 6, 0, '2026-02-23 02:18:19', '2026-03-11 03:32:25', NULL),
	(212, 'TCK-212', 174, NULL, 1, NULL, 'Delon', 'waiting', NULL, 'Inclusive price "yes" namun harga yang di netsuite exclude ppn', NULL, NULL, NULL, '2026-02-24 10:23:45', NULL, NULL, NULL, NULL, 0, '2026-02-24 03:23:45', '2026-02-24 03:23:45', NULL),
	(213, 'TCK-213', 174, 18, 6, NULL, 'Shoona Kabila Mahaaba', 'feedback', 'medium', 'Ubah tampilan WA sender', NULL, 'merubah tampilan lebih modern dan menambahkan periode bulan sebelumnya sama creadit limit per customer', NULL, '2026-02-25 08:49:29', 12984, '2026-03-06 09:14:00', '2026-03-06 09:30:00', 16, 0, '2026-02-25 01:49:29', '2026-03-11 03:32:18', NULL),
	(214, 'TCK-214', 170, 18, 8, NULL, 'Yose', 'resolved', 'medium', 'Sound tidak keluar', NULL, 'Driver ke disabled', NULL, '2026-02-25 08:58:57', 17280, '2026-03-09 08:59:00', '2026-03-09 09:12:00', 13, 0, '2026-02-25 01:58:57', '2026-03-10 02:04:24', NULL),
	(215, 'TCK-215', 175, 18, 8, NULL, 'Faris', 'resolved', 'medium', 'Request Laptop untuk Zoom Meeting webinar Procurement', NULL, 'Lapotp sudah di siapkan', NULL, '2026-02-26 11:26:42', 17128, '2026-03-10 08:55:00', '2026-03-10 09:00:00', 5, 0, '2026-02-26 04:26:42', '2026-03-10 01:59:27', NULL),
	(216, 'TCK-216', 213, 18, 11, NULL, 'nana', 'resolved', 'high', 'printer', NULL, 'Instal  ulang driver printer dcp 720 lantai 3', NULL, '2026-02-26 16:21:57', 10116, '2026-03-05 16:58:00', '2026-03-05 17:10:00', 12, 0, '2026-02-26 09:21:57', '2026-03-10 10:01:20', NULL),
	(217, 'TCK-217', 207, NULL, 4, NULL, 'Istiqma Nurfitriyah Adwili', 'waiting', NULL, 'tanda tangan tidak muncul', NULL, NULL, NULL, '2026-02-26 16:23:49', NULL, NULL, NULL, NULL, 0, '2026-02-26 09:23:49', '2026-02-26 09:25:20', NULL),
	(218, 'TCK-218', 213, NULL, 4, NULL, 'nana', 'waiting', NULL, 'Revisi Nominal', NULL, NULL, NULL, '2026-02-27 10:39:53', NULL, NULL, NULL, NULL, 0, '2026-02-27 03:39:53', '2026-02-27 03:39:53', NULL),
	(219, 'TCK-219', 213, NULL, 4, NULL, 'nana', 'waiting', NULL, 'Revisi nama request', NULL, NULL, NULL, '2026-02-27 10:53:58', NULL, NULL, NULL, NULL, 0, '2026-02-27 03:53:58', '2026-02-27 03:53:58', NULL),
	(220, 'TCK-220', 203, 18, 8, NULL, 'Faizal Bastian', 'feedback', 'high', 'Charger Laptop Ps. Lama dan Bpk. Gandhi rusak tidak nyala', NULL, 'memperbaiki kabel charger yang terputus', NULL, '2026-03-02 11:45:43', 3074, '2026-03-04 15:00:00', '2026-03-04 15:10:00', 10, 0, '2026-03-02 04:45:43', '2026-03-30 01:28:22', NULL),
	(221, 'TCK-221', 174, NULL, 1, NULL, 'Shoona Kabila Mahaaba', 'waiting', NULL, 'Credit limit customer', NULL, NULL, NULL, '2026-03-03 16:45:47', NULL, NULL, NULL, NULL, 0, '2026-03-03 09:45:47', '2026-03-03 09:45:47', NULL),
	(222, 'TCK-222', 170, NULL, 1, NULL, 'Yose', 'waiting', NULL, 'Hapus CN,double', NULL, NULL, NULL, '2026-03-03 16:49:30', NULL, NULL, NULL, NULL, 0, '2026-03-03 09:49:30', '2026-03-03 09:49:30', NULL),
	(223, 'TCK-223', 186, NULL, 1, NULL, 'Silvia Febriani', 'waiting', NULL, 'hapus surat jalan di no DO260302233 CUST00704 SUMBER BAHAGIA, CV. karena 1 psg barang sarung tangan bolong reject', NULL, NULL, NULL, '2026-03-04 13:41:22', NULL, NULL, NULL, NULL, 0, '2026-03-04 06:41:22', '2026-03-04 06:41:22', NULL),
	(224, 'TCK-224', 174, 18, 11, NULL, 'novi (AR)', 'feedback', 'high', 'tidak bisa print', NULL, 'Intstal ulang driver printer', NULL, '2026-03-05 09:57:27', 1133, '2026-03-04 15:04:00', '2026-03-04 15:08:00', 4, 0, '2026-03-05 02:57:27', '2026-03-11 03:30:57', NULL),
	(225, 'TCK-225', 174, NULL, 1, NULL, 'Rahmat (AR)', 'waiting', NULL, 'Menambahkan tampilan tanggal di CRA', NULL, NULL, NULL, '2026-03-05 10:21:57', NULL, NULL, NULL, NULL, 0, '2026-03-05 03:21:57', '2026-03-05 03:21:57', NULL),
	(226, 'TCK-226', 184, NULL, 1, NULL, 'Nurna Bella AP', 'waiting', NULL, 'pembuatan transaksi PO& GR WH', NULL, NULL, NULL, '2026-03-05 10:22:38', NULL, NULL, NULL, NULL, 0, '2026-03-05 03:22:38', '2026-03-05 03:22:38', NULL),
	(227, 'TCK-227', 111, NULL, 11, NULL, 'Neneng Khodijah', 'waiting', NULL, 'Habis tinta printer DCP T420', NULL, NULL, NULL, '2026-03-05 10:44:34', NULL, NULL, NULL, NULL, 0, '2026-03-05 03:44:34', '2026-03-05 03:44:34', NULL),
	(228, 'TCK-228', 176, NULL, 2, NULL, 'Trisha', 'waiting', NULL, 'install accurate', NULL, NULL, NULL, '2026-03-05 14:47:15', NULL, NULL, NULL, NULL, 0, '2026-03-05 07:47:15', '2026-03-05 07:47:15', NULL),
	(229, 'TCK-229', 174, NULL, 11, NULL, 'Andika Pratama', 'waiting', NULL, 'Toner Habis', NULL, NULL, NULL, '2026-03-05 14:48:24', NULL, NULL, NULL, NULL, 0, '2026-03-05 07:48:24', '2026-03-05 07:48:24', NULL),
	(230, 'TCK-230', 184, NULL, 1, NULL, 'Nafizka Nisa', 'waiting', NULL, 'Update Report Detail Penerimaan barang / GR', NULL, NULL, NULL, '2026-03-05 15:32:34', NULL, NULL, NULL, NULL, 0, '2026-03-05 08:32:34', '2026-03-05 08:32:34', NULL),
	(231, 'TCK-231', 184, NULL, 11, NULL, 'Nafizka nisa', 'waiting', NULL, 'Ganti toner dan drum printer Brother HL', NULL, NULL, NULL, '2026-03-05 15:34:30', NULL, NULL, NULL, NULL, 0, '2026-03-05 08:34:30', '2026-03-05 08:34:30', NULL),
	(232, 'TCK-232', 203, NULL, 11, NULL, 'Faizal Bastian', 'waiting', NULL, 'Project Closing Store Menceng', NULL, NULL, NULL, '2026-03-06 14:21:11', NULL, NULL, NULL, NULL, 0, '2026-03-06 07:21:11', '2026-03-06 07:21:11', NULL),
	(233, 'TCK-233', 203, NULL, 11, NULL, 'Faizal Bastian', 'waiting', NULL, 'Project Closing Store Karawaci Pandan Raya', NULL, NULL, NULL, '2026-03-06 14:21:32', NULL, NULL, NULL, NULL, 0, '2026-03-06 07:21:32', '2026-03-06 07:21:32', NULL),
	(234, 'TCK-234', 203, NULL, 11, NULL, 'Faizal Bastian', 'waiting', NULL, 'Project Closing Store Banjar Wijaya', NULL, NULL, NULL, '2026-03-06 14:21:59', NULL, NULL, NULL, NULL, 0, '2026-03-06 07:21:59', '2026-03-06 07:21:59', NULL),
	(235, 'TCK-235', 186, NULL, 1, NULL, 'wahyuni', 'waiting', NULL, 'hapus DO260302436', NULL, NULL, NULL, '2026-03-10 13:47:23', NULL, NULL, NULL, NULL, 0, '2026-03-10 06:47:23', '2026-03-10 06:47:23', NULL),
	(236, 'TCK-236', 174, NULL, 11, NULL, 'Hosea Geraldino', 'waiting', NULL, 'Printer nyangkut', NULL, NULL, NULL, '2026-03-11 10:33:12', NULL, NULL, NULL, NULL, 0, '2026-03-11 03:33:12', '2026-03-11 03:33:12', NULL),
	(237, 'TCK-237', 186, NULL, 1, NULL, 'egy', 'waiting', NULL, 'penambahan limit customer pada data raw 742', NULL, NULL, NULL, '2026-03-11 11:24:48', NULL, NULL, NULL, NULL, 0, '2026-03-11 04:24:48', '2026-03-11 04:24:48', NULL),
	(238, 'TCK-238', 186, NULL, 1, NULL, 'Silvia Febriani', 'waiting', NULL, 'hapus surat jalan no DO260302495 CUST00118 GLISTAGEN, PT  toko batal pesan', NULL, NULL, NULL, '2026-03-11 14:42:01', NULL, NULL, NULL, NULL, 0, '2026-03-11 07:42:01', '2026-03-11 07:42:01', NULL),
	(239, 'TCK-239', 207, NULL, 8, NULL, 'Nurma Dewi Pangestu', 'waiting', NULL, 'Login email piagam user Nurma@piagam.id ke laptop baru dari kantor', NULL, NULL, NULL, '2026-03-13 10:06:27', NULL, NULL, NULL, NULL, 0, '2026-03-13 03:06:27', '2026-03-13 03:06:27', NULL),
	(240, 'TCK-240', 174, NULL, 1, NULL, 'Novi (AR)', 'waiting', NULL, 'Menambahkan tampilan CR di Invoices', NULL, NULL, NULL, '2026-03-13 14:30:14', NULL, NULL, NULL, NULL, 0, '2026-03-13 07:30:14', '2026-03-13 07:30:14', NULL),
	(241, 'TCK-241', 174, NULL, 1, NULL, 'Novi (AR)', 'waiting', NULL, 'Migrasi Data dengan Email Baru', NULL, NULL, NULL, '2026-03-16 08:56:26', NULL, NULL, NULL, NULL, 0, '2026-03-16 01:56:26', '2026-03-16 01:56:26', NULL),
	(242, 'TCK-242', 174, NULL, 1, NULL, 'Novi (AR)', 'waiting', NULL, 'Migrasi Data dengan Email Baru', NULL, NULL, NULL, '2026-03-16 08:56:31', NULL, NULL, NULL, NULL, 0, '2026-03-16 01:56:31', '2026-03-16 01:56:31', NULL),
	(243, 'TCK-243', 186, NULL, 1, NULL, 'Wahyuni', 'waiting', NULL, 'hapus surat jalan no DO260302600 PC-2200372 SAP SAP revisi orderan', NULL, NULL, NULL, '2026-03-16 10:02:45', NULL, NULL, NULL, NULL, 0, '2026-03-16 03:02:45', '2026-03-16 03:02:45', NULL),
	(244, 'TCK-244', 186, NULL, 1, NULL, 'Silvia Febriani', 'waiting', NULL, 'Hapus surat jalan no *DO260302271 PC-2400743 PANDAWA MITRA INDUSTRI, PT* dan *DO260302617 PC-2200370 ATOSINDO MITRA INDUSTRI, PT*', NULL, NULL, NULL, '2026-03-17 08:15:53', NULL, NULL, NULL, NULL, 0, '2026-03-17 01:15:53', '2026-03-17 01:15:53', NULL),
	(245, 'TCK-245', 174, NULL, 1, NULL, 'Kevin Phillips', 'waiting', NULL, 'Perubahan Akun Bank Pembayaran', NULL, NULL, NULL, '2026-03-17 16:52:06', NULL, NULL, NULL, NULL, 0, '2026-03-17 09:52:06', '2026-03-17 09:52:06', NULL),
	(246, 'TCK-246', 207, NULL, 13, NULL, 'sinta adawiyah', 'waiting', NULL, 'akses internet PDA jnt cargo', 'tickets/AN4BUhf4Zu2URfVFheQDLY9Ak7UXli1TW1mVTIHd.jpg', NULL, NULL, '2026-03-25 14:57:53', NULL, NULL, NULL, NULL, 0, '2026-03-25 07:57:54', '2026-03-25 07:57:54', NULL),
	(247, 'TCK-247', 203, NULL, 1, NULL, 'AZRIN', 'waiting', NULL, 'minta akses fitur Inventory Valuation Summary - Store di Netsuite untuk akun Agitta', NULL, NULL, NULL, '2026-03-30 08:29:35', NULL, NULL, NULL, NULL, 0, '2026-03-30 01:29:35', '2026-03-30 01:29:35', NULL),
	(248, 'TCK-248', 185, NULL, 1, NULL, 'parida herlina', 'waiting', NULL, 'menghapus no it IT2601021 IT2601020 IT2601019', NULL, NULL, NULL, '2026-03-30 09:08:28', NULL, NULL, NULL, NULL, 0, '2026-03-30 02:08:28', '2026-03-30 02:08:28', NULL),
	(249, 'TCK-249', 203, NULL, 11, NULL, 'Faizal Bastian', 'waiting', NULL, 'Printer tidak bisa print', NULL, NULL, NULL, '2026-03-30 09:28:47', NULL, NULL, NULL, NULL, 0, '2026-03-30 02:28:47', '2026-03-30 02:28:47', NULL),
	(250, 'TCK-250', 184, NULL, 11, NULL, 'Nafizka Nisa', 'waiting', NULL, 'Permintaan cartridge untuk printer Epson LQ', NULL, NULL, NULL, '2026-03-30 10:00:33', NULL, NULL, NULL, NULL, 0, '2026-03-30 03:00:33', '2026-03-30 03:00:33', NULL),
	(251, 'TCK-251', 184, NULL, 4, NULL, 'M.Ikhsan', 'waiting', NULL, 'Daftar Akun FRP untuk jadi editor', 'tickets/gFHPzwaV0IEU8v9t0VwheKvFNDCDsuNVQUI9DWXm.png', NULL, NULL, '2026-03-30 10:43:51', NULL, NULL, NULL, NULL, 0, '2026-03-30 03:43:51', '2026-03-30 03:43:51', NULL);

-- membuang struktur untuk table api_ticketing.users
CREATE TABLE IF NOT EXISTS `users` (
  `id` bigint unsigned NOT NULL AUTO_INCREMENT,
  `name` varchar(255) CHARACTER SET utf8mb4 COLLATE utf8mb4_unicode_ci NOT NULL,
  `username` varchar(255) CHARACTER SET utf8mb4 COLLATE utf8mb4_unicode_ci NOT NULL,
  `department_id` bigint unsigned DEFAULT NULL,
  `role` enum('admin','user') COLLATE utf8mb4_unicode_ci NOT NULL DEFAULT 'user',
  `email` varchar(255) CHARACTER SET utf8mb4 COLLATE utf8mb4_unicode_ci DEFAULT NULL,
  `password` varchar(255) CHARACTER SET utf8mb4 COLLATE utf8mb4_unicode_ci NOT NULL,
  `phone` varchar(20) CHARACTER SET utf8mb4 COLLATE utf8mb4_unicode_ci DEFAULT NULL,
  `job_position` varchar(100) CHARACTER SET utf8mb4 COLLATE utf8mb4_unicode_ci DEFAULT NULL,
  `status` varchar(100) CHARACTER SET utf8mb4 COLLATE utf8mb4_unicode_ci DEFAULT NULL,
  `remember_token` varchar(100) CHARACTER SET utf8mb4 COLLATE utf8mb4_unicode_ci DEFAULT NULL,
  `created_at` timestamp NULL DEFAULT NULL,
  `updated_at` timestamp NULL DEFAULT NULL,
  `deleted_at` timestamp NULL DEFAULT NULL,
  PRIMARY KEY (`id`) USING BTREE,
  UNIQUE KEY `deleted_at` (`username`) USING BTREE,
  UNIQUE KEY `users_email_unique` (`email`) USING BTREE,
  KEY `users_department_id_foreign` (`department_id`) USING BTREE,
  CONSTRAINT `users_department_id_foreign` FOREIGN KEY (`department_id`) REFERENCES `departments` (`id`) ON DELETE SET NULL ON UPDATE CASCADE,
  CONSTRAINT `users_departments_id_foreign` FOREIGN KEY (`department_id`) REFERENCES `departments` (`id`) ON DELETE SET NULL ON UPDATE CASCADE
) ENGINE=InnoDB AUTO_INCREMENT=217 DEFAULT CHARSET=utf8mb4 COLLATE=utf8mb4_unicode_ci ROW_FORMAT=DYNAMIC;

-- Membuang data untuk tabel api_ticketing.users: ~202 rows (lebih kurang)
INSERT INTO `users` (`id`, `name`, `username`, `department_id`, `role`, `email`, `password`, `phone`, `job_position`, `status`, `remember_token`, `created_at`, `updated_at`, `deleted_at`) VALUES
	(1, 'Abdul Syukur', 'abdul.syukur', 1, 'user', NULL, '$2y$12$GjmX9vNvvTobg95gI60mSOiIDukqZmgQx.tWa63BVQ/u.mGysSgV2', NULL, NULL, 'active', NULL, '2025-12-26 04:30:01', '2025-12-26 04:30:01', NULL),
	(2, 'Achmad Arifin', 'achmad.arifin', 2, 'user', 'arifin@piagam.id', '$2y$12$QjacTGQ4X0sTYl2LYkIOveuOK3dwxOwHGdxyTibqH.1nRy9LdzdLS', NULL, NULL, 'active', NULL, '2025-12-26 04:30:01', '2025-12-26 04:30:01', NULL),
	(3, 'Adam Ardiansyah', 'adam.ardiansyah', 2, 'user', NULL, '$2y$12$LZhUxQIQJqtieSCliQcBp.IftKhvIZIIUhYP6Iptuj/EyF0x1CTYq', NULL, NULL, 'active', NULL, '2025-12-26 04:30:02', '2025-12-26 04:30:02', NULL),
	(4, 'Adelya Yowanda', 'adelya.yowanda', 3, 'user', 'adelya@piagam.id', '$2y$12$tgh924afaz8kk4mA7g/p.O2nF1OQ5OlOuBvMYlKkTFw5W/FrfMq5m', NULL, NULL, 'active', 'DGLhraqJLbGdBRTtcSrkuwCu4DnGnicyJ7BY2pi9HeUXwbLRRPr7uuyICmRy', '2025-12-26 04:30:02', '2025-12-26 04:30:02', NULL),
	(5, 'Adi Prastyo', 'adi.prastyo', 3, 'user', NULL, '$2y$12$h8LMryBr9r1ahTvgl4rqDe4xFiH247MpJW0J1OnjT8eHfqaCt5ug2', NULL, NULL, 'active', NULL, '2025-12-26 04:30:02', '2025-12-26 04:30:02', NULL),
	(6, 'Adi Saputra', 'adi.saputra', 3, 'user', NULL, '$2y$12$5ToRnSudC02Mja9P6VIZ0.81y7.Nxb4itsWfuV2kiu25rL3CLlBl2', NULL, NULL, 'active', NULL, '2025-12-26 04:30:02', '2025-12-26 04:30:02', NULL),
	(7, 'Adi Bima Surahim', 'adi.bima.surahim', 3, 'user', 'bima@piagam.id', '$2y$12$mUciuf7vch.9QrsOsnh40OTM4m6gFEfh220l1cDlOuOXGQiZ75VGW', NULL, NULL, 'active', NULL, '2025-12-26 04:30:02', '2025-12-26 04:30:02', NULL),
	(8, 'Adi Yoga Satrio', 'adi', 3, 'user', 'adi@piagam.id', '$2y$12$D5REhPjC86.Io/hIHzU9f.ttGlFPZYUB119yqdSWBK.m5H7Lx8fLe', NULL, NULL, 'active', NULL, '2025-12-26 04:30:02', '2025-12-26 04:30:02', NULL),
	(9, 'Agam Nur Firdausy', 'agam.nur.firdausy', 4, 'user', 'agam@piagam.id', '$2y$12$OEUm1Ha2tylu96iklKEj9.JYQqUEcV0tQ3YJpbzIf39TW8xzWiKFa', NULL, NULL, 'active', NULL, '2025-12-26 04:30:03', '2025-12-26 04:30:03', NULL),
	(10, 'Agitta Puspitarini', 'agitta.puspitarini', 5, 'user', 'agitta@piagam.id', '$2y$12$GMrhzPfmXhcBgVQQmuDZHOmizLKBVdgFDuLxNmE6en4WmFhxpRODW', NULL, NULL, 'active', NULL, '2025-12-26 04:30:03', '2025-12-26 04:30:03', NULL),
	(11, 'Agus Rifaldi', 'agus.rifaldi', 4, 'user', 'purchase1@piagam.id', '$2y$12$ywPH2DtvzfXdcjzv6SMkvu9w/wtgDbLvrm51vtWarf0W8MEbtVweW', NULL, NULL, 'active', NULL, '2025-12-26 04:30:03', '2025-12-26 04:30:03', NULL),
	(12, 'Agus Supandi', 'agus.supandi', 5, 'user', NULL, '$2y$12$CgccwrKlVrDUZePR72gBjecOhPDiV4agSeUtOEpOunhhp4NWkp1xi', NULL, NULL, 'active', NULL, '2025-12-26 04:30:03', '2025-12-26 04:30:03', NULL),
	(13, 'Ahmad Asnawi', 'ahmad.asnawi', 3, 'user', NULL, '$2y$12$BRGZKKsZZv0Af3AA3UDyxecQhMZR2W8GEUVK4JqEqm9rHzpoPr06G', NULL, NULL, 'active', NULL, '2025-12-26 04:30:03', '2025-12-26 04:30:03', NULL),
	(14, 'Ajeng Devita Anugraini', 'ajeng', 3, 'user', NULL, '$2y$12$rw7G6eZg0lk1P1.Wh00G/eq9wkDPmiE2cpaFp8Atxe7PtocFcuT1e', NULL, NULL, 'active', NULL, '2025-12-26 04:30:03', '2025-12-26 04:30:03', NULL),
	(15, 'Al Fatih Zainul Falah', 'fatih', 6, 'admin', 'fatih@piagam.id', '$2y$12$dPC.cX29LsTFJtevxtMGj.oWYGBhOzAz3u1mF2HR/tZ9hPSdm.lva', NULL, NULL, 'active', '103|OVGMV5kyk3ZeiYogksAbT1fqcV16rnFGTEJxnv3Q994456eb', '2025-12-26 04:30:04', '2026-03-30 03:22:26', NULL),
	(16, 'Andika Pratama', 'andika.pratama', 7, 'user', 'andika@piagam.id', '$2y$12$i7LwYgq8TxH3HrPWX9mu4uuF2BnMt9ThOxuQaCWgF9VR689MrDVgW', NULL, NULL, 'active', NULL, '2025-12-26 04:30:04', '2025-12-26 04:30:04', NULL),
	(17, 'Anggita Putri Susanti', 'anggita.putri.susanti', 2, 'user', NULL, '$2y$12$/5dMxLKZlq1y32lWuzJnre8W/mJSqLjhhBaO0uz560sTvdAPn4m9u', NULL, NULL, 'active', NULL, '2025-12-26 04:30:04', '2025-12-26 04:30:04', NULL),
	(18, 'Apriyanto', 'apriyanto', 6, 'admin', 'apri@piagam.id', '$2y$12$uX3WtGjamX/SedZ/caPX9O88c5m4xuuirWm2wtk667o0apoo/pXAq', NULL, NULL, 'active', '59|5wnjWSV48bID4LMiykkqHrvoo0d44Mzex6yEhyPgcc778975', '2025-12-26 04:30:04', '2026-02-12 04:52:01', NULL),
	(19, 'Asep Ahmad Rohala', 'asep.ahmad.rohala', 3, 'user', 'asep@piagam.id', '$2y$12$L5Guh/UJa29PbeYz6cO2Yu5ZOhx/TBr7MeyIp.yKiSrrCtlbGX9/e', NULL, NULL, 'active', NULL, '2025-12-26 04:30:04', '2025-12-26 04:30:04', NULL),
	(20, 'Audri Amelia Putri', 'audri.amelia.putri', 8, 'user', NULL, '$2y$12$cbi/odjA54bf1Pr65h.6d.AADsgEXfbC64.28kyg35nYn0FZ7uS76', NULL, NULL, 'active', NULL, '2025-12-26 04:30:05', '2025-12-26 04:30:05', NULL),
	(21, 'Azi Fauzi', 'azi.fauzi', 6, 'admin', 'azi@piagam.id', '$2y$12$ngnb0m1g8h53pnmVcrrds.ja19YT5rbz0la3evjOE.ufIoj35GE0G', NULL, NULL, 'active', '33|Quo6cc7dUJrqnq7aiWjGJ8JWLyz5tztLIrTEyXJ41fab9121', '2025-12-26 04:30:05', '2026-02-06 08:06:32', NULL),
	(22, 'Bagas Sarwidianto', 'bagas.sarwidianto', 2, 'user', 'bagas@piagam.id', '$2y$12$gbXk6LbtSutCQrqHtSOIUOyNFJVFshfW4tzerlaA81HykH1AAkESm', NULL, NULL, 'active', NULL, '2025-12-26 04:30:05', '2025-12-26 04:30:05', NULL),
	(23, 'Bagja Hidayat', 'bagja.hidayat', 5, 'user', NULL, '$2y$12$7jrxsdg4K8Nr3nLVgECic.dVesHivOjOJ9OljDu7o1E5f0GLrqsMi', NULL, NULL, 'active', NULL, '2025-12-26 04:30:05', '2025-12-26 04:30:05', NULL),
	(24, 'Bayu Noegroho', 'bayu', 6, 'admin', 'bayu@piagam.id', '$2y$12$57MUPoRBOypqz0NyTrDuAOf.LXlbwLU8oCtluX0rJW1bXxVHasel2', NULL, NULL, 'active', '23|o0hutGwmZewLVdSdDGaQ0Kct7FBlAX2SbCX9gs1V74091938', '2025-12-26 04:30:05', '2026-02-06 03:51:32', NULL),
	(25, 'Bayu Prasetya', 'bayu.prasetya', 9, 'user', 'salesb2b.piagam@gmail.com', '$2y$12$A5mqIuLdxTcKJ7v0SRlIIuMo0OahhW0JL15KbL.GOoofKUJFDqMbC', NULL, NULL, 'active', NULL, '2025-12-26 04:30:05', '2025-12-26 04:30:05', NULL),
	(26, 'Benediktus Gouzali', 'benediktus.gouzali', 11, 'user', 'benediktus@piagam.id', '$2y$12$P.gTG2BjykxPMllkgemhKuCJAZM7O76aZzbAlizKQdp2L464p2aJe', NULL, NULL, 'active', NULL, '2025-12-26 04:30:06', '2025-12-26 04:30:06', NULL),
	(27, 'Benny', 'benny', 10, 'user', NULL, '$2y$12$TDMUA8hltWZTmcgCGy9yr.CCY4MfiAnlEtca889bm8edppA91jLi.', NULL, NULL, 'active', NULL, '2025-12-26 04:30:06', '2025-12-26 04:30:06', NULL),
	(28, 'Bintang Oktarini Anggun', 'bintang.oktarini.anggun', 7, 'user', 'bintang@piagam.id', '$2y$12$BHo9LDVi6K3EslA5SBZXbOweXOcccyhMClsZy54OD6lShgwDNN6Hi', NULL, NULL, 'active', NULL, '2025-12-26 04:30:06', '2025-12-26 04:30:06', NULL),
	(29, 'Cahyaningtyas Merry Nugraheni', 'cahyaningtyas.merry.nugraheni', 1, 'user', 'cahya@piagam.id', '$2y$12$cvC6kV9FJWv6swqUudgkLuXcLjRtp59MMJ1eFi6BVWRNYI4hV5DJu', NULL, NULL, 'active', NULL, '2025-12-26 04:30:06', '2025-12-26 04:30:06', NULL),
	(30, 'Chandra', 'chandra', 10, 'user', 'chandra@piagam.id', '$2y$12$UOnGm8Rn5OJKkW2Q0vdwGuRoLI61zpP8guZjfuMKN9Md4Ipv9Kli.', NULL, NULL, 'active', NULL, '2025-12-26 04:30:06', '2025-12-26 04:30:06', NULL),
	(31, 'Ciptanty Tsaaniatun', 'ciptanty.tsaaniatun', 2, 'user', 'ciptanty@piagam.id', '$2y$12$JJp.QqnDTGYGPABT.iZT9er2wEwVEUpNXbx9xi5FN5tgCgrh8mclS', NULL, NULL, 'active', NULL, '2025-12-26 04:30:06', '2025-12-26 04:30:06', NULL),
	(32, 'Cristianingsih', 'cristianingsih', 3, 'user', NULL, '$2y$12$TfVDqolhkRSNegQSAj1N4en6H4krKLBL/hTY5ytQ6lcoMZo2RuAQW', NULL, NULL, 'active', NULL, '2025-12-26 04:30:07', '2025-12-26 04:30:07', NULL),
	(33, 'Damianus Gouzali', 'damianus.gouzali', 11, 'user', 'damianus@piagam.id', '$2y$12$vYeWjCjzQ5PQSFI7VhbUK.Wui8AdOImMC5/j3qcp4/Tz5Pi4Kji7q', NULL, NULL, 'active', NULL, '2025-12-26 04:30:07', '2025-12-26 04:30:07', NULL),
	(34, 'Danika Sevira Putri Aprilian', 'danika.sevira.putri.aprilian', 3, 'user', NULL, '$2y$12$tROSmBrXurNmHuxI5Z5xQOkepZplD3q9D8df9IrT21qDDExqWenke', NULL, NULL, 'active', NULL, '2025-12-26 04:30:07', '2025-12-26 04:30:07', NULL),
	(35, 'Dedy Supriadi', 'dedy.supriadi', 5, 'user', NULL, '$2y$12$YSif6tOVr/BRz5/ByyGvy.75MfY7uWDWSf7TOiU9k94EVKkG0bjyO', NULL, NULL, 'active', NULL, '2025-12-26 04:30:07', '2025-12-26 04:30:07', NULL),
	(36, 'Delon Yahya', 'delon.yahya', 7, 'user', 'delon@piagam.id', '$2y$12$1V1ig3RhVRxLnb4w0oQFKu9dXPb2LZAtfDfx9PYkeHeYKcC/L5cJS', NULL, NULL, 'active', NULL, '2025-12-26 04:30:07', '2025-12-26 04:30:07', NULL),
	(37, 'Deni Setiawan', 'deni.setiawan', 5, 'user', NULL, '$2y$12$LvfpQ09kqaPY/EoexSVqaexA9sE6YEZgxlehVY6EUSnEgi4/kXBJy', NULL, NULL, 'active', NULL, '2025-12-26 04:30:07', '2025-12-26 04:30:07', NULL),
	(38, 'Denny Kurniawan', 'denny.kurniawan', 10, 'user', 'denny@piagam.id', '$2y$12$9YCQuNxJPsE5wdfvN3mgOuTb9MZl/oRclYV8PQZ8XBTESGwiV.nVu', NULL, NULL, 'active', NULL, '2025-12-26 04:30:08', '2025-12-26 04:30:08', NULL),
	(39, 'Dessy Manurung', 'dessy.manurung', 4, 'user', 'dessy@piagam.id', '$2y$12$HTqfDQUR4uO43QFS5osnZO2gfMeRs6AqAcAJgrnq0u7H2uSWb8.9G', NULL, NULL, 'active', NULL, '2025-12-26 04:30:08', '2025-12-26 04:30:08', NULL),
	(40, 'Dewi Indrianti', 'dewi.indrianti', 13, 'user', NULL, '$2y$12$pjq/f6vszLS8On258jNIZOeJV0/oIKGEdgWDwj0i0rNslEJwJJKdK', NULL, NULL, 'active', NULL, '2025-12-26 04:30:08', '2025-12-26 04:30:08', NULL),
	(41, 'Dian Gunawan', 'dian.gunawan', 5, 'user', NULL, '$2y$12$nZiqOstrXhwxtFf/jPA6Eu.MP7YriaVJZ.PyhhY19jiwzlYgcagAK', NULL, NULL, 'active', NULL, '2025-12-26 04:30:08', '2025-12-26 04:30:08', NULL),
	(42, 'Diyah Puji', 'diyah.puji', 3, 'user', NULL, '$2y$12$YtXjGxY/gLRlvI8Ccohuder5dU22R9.0PZQa5qiIlyiJAa7fkEDQC', NULL, NULL, 'active', NULL, '2025-12-26 04:30:08', '2025-12-26 04:30:08', NULL),
	(43, 'Doni', 'doni', 5, 'user', NULL, '$2y$12$j/KdBux0nKw1FJ4PQk8JC.ogP2GS2UELaRXTdWVEWY60y5jLy0Fki', NULL, NULL, 'active', NULL, '2025-12-26 04:30:08', '2025-12-26 04:30:08', NULL),
	(44, 'Edi Siswanto', 'edi', 9, 'user', NULL, '$2y$12$.oDBTCDCi1J6UF61.tZcCekeScxgBaolcK0SQlCSMyQCXtg/pGGHu', NULL, NULL, 'active', NULL, '2025-12-26 04:30:09', '2025-12-26 04:30:09', NULL),
	(45, 'Ega Listiani', 'ega.listiani', 3, 'user', NULL, '$2y$12$RfGpdhT5fUzyFhKvTrRsROQ5ripvz3MHmssDS.UW7I3g9VbeCq.BC', NULL, NULL, 'active', NULL, '2025-12-26 04:30:09', '2025-12-26 04:30:09', NULL),
	(46, 'Egy Irsandy', 'egy.irsandy', 10, 'user', 'egy.irsandi@piagam.id', '$2y$12$B74AsT06yAOXuQheOaG.xO3f/zw6kcMwx6d7kdPgCT.OjsjTUCGcG', NULL, NULL, 'active', NULL, '2025-12-26 04:30:09', '2025-12-26 04:30:09', NULL),
	(47, 'Elvira Indri Safitri', 'elvira.indri.safitri', 1, 'user', 'elvira@piagam.id', '$2y$12$vcaHx1B4sQYyYNQtPWDXtuDcCSZwvwcvIXZVs9964s2kZ2ViDlU8K', NULL, NULL, 'active', NULL, '2025-12-26 04:30:09', '2025-12-26 04:30:09', NULL),
	(48, 'Ema Sugi Yanah', 'ema.sugi.yanah', 7, 'user', 'ema@piagam.id', '$2y$12$6K4SGWB..by0.50UxtG.LOqYASpQn0Sc4kd3ZNP3pkRKPSSenouu2', NULL, NULL, 'active', NULL, '2025-12-26 04:30:09', '2025-12-26 04:30:09', NULL),
	(49, 'Ernest Hianto', 'ernest.hianto', 4, 'user', 'ernest@piagam.id', '$2y$12$OsZAoBhlugSGHCvVmt6bwOsBouqYVAR59IDlOwpEIbvY6XxhqLY9G', NULL, NULL, 'active', NULL, '2025-12-26 04:30:10', '2025-12-26 04:30:10', NULL),
	(50, 'Faizal Bastian Razaq', 'faizal.bastian.razaq', 8, 'user', 'faizal@piagam.id', '$2y$12$1g4OeiK0Cz6IjfOFYdufCetYYaxXxr5kpxYOtTYc5bJ5DtCxohWtG', NULL, NULL, 'active', NULL, '2025-12-26 04:30:10', '2025-12-26 04:30:10', NULL),
	(51, 'FARAH INDRIYANI', 'farah', 1, 'user', NULL, '$2y$12$yx.X2.YjMK33wEbiezpIiuiQT9Vzal.Tr5tGLI0EyNCmfr1Qg6nS2', NULL, NULL, 'active', NULL, '2025-12-26 04:30:10', '2025-12-26 04:30:10', NULL),
	(52, 'Fathur Rohman', 'fathur.rohman', 5, 'user', NULL, '$2y$12$.Rjc89T/FLPzrgODIqnYUubTOHXMGfASrHGUVI.FSjlrx9ul3lctO', NULL, NULL, 'active', NULL, '2025-12-26 04:30:10', '2025-12-26 04:30:10', NULL),
	(53, 'Fatimah Raudhatul Jannah', 'fatimah.raudhatul.jannah', 1, 'user', NULL, '$2y$12$tuBB.hJZturZQiYzfAEuAenHUka.6yXKepcDwpUSVUFca0lpgiNyW', NULL, NULL, 'active', NULL, '2025-12-26 04:30:10', '2025-12-26 04:30:10', NULL),
	(54, 'Fitri Febri Susanti', 'fitri.febri.susanti', 14, 'user', NULL, '$2y$12$HenEd2ZE0GJ16XBp2x7Rq.BS/MpijiSZFKOvWjkyzk.s6TxDfN67O', NULL, NULL, 'active', NULL, '2025-12-26 04:30:10', '2025-12-26 04:30:10', NULL),
	(55, 'Fitriyani', 'fitriyani', 3, 'user', NULL, '$2y$12$VyvjC78yxUOKc9gVTinH.eEJnera74sK5GP8ejJGPqtXTFVIQ.Ce6', NULL, NULL, 'active', NULL, '2025-12-26 04:30:11', '2025-12-26 04:30:11', NULL),
	(56, 'Frisilia Ichma Sevia', 'frisilia.ichma.sevia', 3, 'user', NULL, '$2y$12$qW6izqxyRq6Gi7sQQe7u2uB5UPLlPThck6LF7k/w2BXDq1H.AC0Tu', NULL, NULL, 'active', NULL, '2025-12-26 04:30:11', '2025-12-26 04:30:11', NULL),
	(57, 'Hani Apriani', 'hani.apriani', 2, 'user', NULL, '$2y$12$4Fvxq4Ooc.DtcL/dorEQGOmV3fIUSCS/Qm3jZioFX3.XbaVi.z/p2', NULL, NULL, 'active', NULL, '2025-12-26 04:30:11', '2025-12-26 04:30:11', NULL),
	(58, 'Hendri', 'hendri', 10, 'user', NULL, '$2y$12$eYHQdVwkS.tOK5RyEiuSbeq4XGjaUS9NBoHTsSB80pTbE7kBV5kQO', NULL, NULL, 'active', NULL, '2025-12-26 04:30:11', '2025-12-26 04:30:11', NULL),
	(59, 'Heni Widianti', 'heni.widianti', 3, 'user', 'heni@piagam.id', '$2y$12$1WPUDu2Vy4xJuOMr6GVaCO5CU7jxMcCdjtcISzCEX6LSTy2pkc5mq', NULL, NULL, 'active', NULL, '2025-12-26 04:30:11', '2025-12-26 04:30:11', NULL),
	(60, 'Herianto', 'herianto', 10, 'user', NULL, '$2y$12$/mDqnctzxItNe6sPcHal1Opi9tKJ4p0tu5b9jUtS/Tg3LZumAaVw.', NULL, NULL, 'active', NULL, '2025-12-26 04:30:11', '2025-12-26 04:30:11', NULL),
	(61, 'Hermanus Chrestofel M', 'hermanus.chrestofel.m', 9, 'user', NULL, '$2y$12$GDQZTKak4AdfuXTcJ3VprOodBBqQaO9qZR0J/60pG93WTbLCKSYsi', NULL, NULL, 'active', NULL, '2025-12-26 04:30:12', '2025-12-26 04:30:12', NULL),
	(62, 'Herrafika Kusumahati', 'herrafika.kusumahati', 3, 'user', NULL, '$2y$12$mVO3iA57oGMhyuDgQxauTuFTsOd9RhnvUOVLLi6SLL7YRwinrqGPG', NULL, NULL, 'active', NULL, '2025-12-26 04:30:12', '2025-12-26 04:30:12', NULL),
	(63, 'Hikma Alfaja Apriyani', 'hikma.alfaja.apriyani', 3, 'user', NULL, '$2y$12$F2UVqPC3vRdJbe88A5nhZuxpl2h3Te.u6HxF18W2US7t1n66m3cYy', NULL, NULL, 'active', NULL, '2025-12-26 04:30:12', '2025-12-26 04:30:12', NULL),
	(64, 'Hosea Geraldino', 'hosea.geraldino', 7, 'user', 'hosea@piagam.id', '$2y$12$aAmXbivbNmxOdLsVtzz4henrzeyno/Q7LXiHercPvZohtCrf7ghXu', NULL, NULL, 'active', NULL, '2025-12-26 04:30:12', '2025-12-26 04:30:12', NULL),
	(65, 'Ikhsan HL', 'ikhsan.hl', 5, 'user', NULL, '$2y$12$QDzYt19jDQQIOVFpamVqj.wSUC.x.NZyTvE9YnHPkkgkQJz2l6M..', NULL, NULL, 'active', NULL, '2025-12-26 04:30:12', '2025-12-26 04:30:12', NULL),
	(66, 'Intang Citra Amanda', 'intang.citra.amanda', 3, 'user', NULL, '$2y$12$5Q6XHijrWelq1fflRvXbiezqxVs3o430CVOGU2PNJ/DMv6mdVd1LO', NULL, NULL, 'active', NULL, '2025-12-26 04:30:12', '2025-12-26 04:30:12', NULL),
	(67, 'Istiqma Nurfitriyah Adwili', 'istiqma.nurfitriyah.adwili', 3, 'user', 'istiqma@piagam.id', '$2y$12$FwQTGV.2OjpWpoFP7Dl8IemUFtHmduiZe5.Ss3WIq2HtzSpbN6DcS', NULL, NULL, 'active', '81|J4ZzXdUcEGycUDcNCanQVzMTTcL4NiycU8Ol3ACVa89e2c5e', '2025-12-26 04:30:13', '2026-02-26 09:19:50', NULL),
	(68, 'Iswandi Syahputra', 'iswandi.syahputra', 3, 'user', NULL, '$2y$12$NOqkVmxY8PLJD3D9Cwcf6uOocgMRb5ae3Q//YsiGuq2.cEdupgg8m', NULL, NULL, 'active', NULL, '2025-12-26 04:30:13', '2025-12-26 04:30:13', NULL),
	(69, 'Ivon Yuanita Miharja', 'ivon.yuanita.miharja', 12, 'user', 'ivon@piagam.id', '$2y$12$iUqj.xatUh/WWLNa1/SVAuZXCbJQNYORXAVJkMMiJh/nXlvaYCewu', NULL, NULL, 'active', '75|J1qPEF7d21lCJng5hIUIfcNCWFeIscQmVSEFR0kq4caeb2c8', '2025-12-26 04:30:13', '2026-02-23 02:27:18', NULL),
	(70, 'Jeanever', 'jeanever', 4, 'user', 'jeanever@piagam.id', '$2y$12$Uezq2V.LEhyIs3QDE5XREusrz4Ud7Ort7FwIWBMaLJdaa7Gxch/q.', NULL, NULL, 'active', NULL, '2025-12-26 04:30:13', '2025-12-26 04:30:13', NULL),
	(71, 'Johan Setyo Utomo', 'johan.setyo.utomo', 8, 'user', 'johan@piagam.id', '$2y$12$PhWgNieqmS6dvKvQsfjHpey3aYdDL11TzWmfNjVD.t2niAtN4p3ti', NULL, NULL, 'active', NULL, '2025-12-26 04:30:13', '2025-12-26 04:30:13', NULL),
	(72, 'Jumri', 'jumri', 5, 'user', NULL, '$2y$12$J5LOzEGekzGGBBvHgJVLF.8gYlRkti4fzIa.KRigdmKkkendIMNvq', NULL, NULL, 'active', NULL, '2025-12-26 04:30:13', '2025-12-26 04:30:13', NULL),
	(73, 'Karmuji', 'karmuji', 1, 'user', NULL, '$2y$12$hZxDrZcv5JDUR2iwwlAHJObQD47Wprd0Ml3Jg7lLXlRfHP/m2.eii', NULL, NULL, 'active', NULL, '2025-12-26 04:30:14', '2025-12-26 04:30:14', NULL),
	(74, 'Karna Illahi', 'karna.illahi', 13, 'user', NULL, '$2y$12$samt3hzHrlEZbBlPuICr3emggBOW.Cdg4KYXFCsS77SQtAXN3yT9G', NULL, NULL, 'active', NULL, '2025-12-26 04:30:14', '2025-12-26 04:30:14', NULL),
	(75, 'Katherine', 'katherine', 4, 'user', 'katherine@piagam.id', '$2y$12$TqqFw3whll7KHCG1zFSGtOVkCCm4ZUnAwPOWlkU6szmGEBzLfDUYi', NULL, NULL, 'active', NULL, '2025-12-26 04:30:14', '2025-12-26 04:30:14', NULL),
	(76, 'Ketty', 'ketty', 7, 'user', 'ketty@piagam.id', '$2y$12$3fWfBophfRQGAFUq9hTwQOEjX69WwG3gijZZQNz5H3lYWkI0A3CeC', NULL, NULL, 'active', NULL, '2025-12-26 04:30:14', '2025-12-26 04:30:14', NULL),
	(77, 'Kevin Phillips', 'kevin.phillips', 7, 'user', 'kevin@piagam.id', '$2y$12$jSIsLieLYzAFWeht9AuZnuzm0JXXU5Mapzo6hkFKOUfO8sNgVFeze', NULL, NULL, 'active', NULL, '2025-12-26 04:30:14', '2025-12-26 04:30:14', NULL),
	(78, 'Khaerunisa', 'khaerunisa', 3, 'user', NULL, '$2y$12$5AMvz0HKTLED2gpj6BAVwe5VZbfsOg3E3yVuj4lBJfznNV9cILiUa', NULL, NULL, 'active', NULL, '2025-12-26 04:30:15', '2025-12-26 04:30:15', NULL),
	(79, 'Khuzaima Desri Rahmadhani', 'khuzaima.desri.rahmadhani', 4, 'user', NULL, '$2y$12$ctMGJnrRHRHeS4xlagJBwOnK.mzQ6Wh3Y6PVVpnzqOxBA4Bdaz8Hy', NULL, NULL, 'active', NULL, '2025-12-26 04:30:15', '2025-12-26 04:30:15', NULL),
	(80, 'Linda', 'linda', 5, 'user', 'linda@piagam.id', '$2y$12$sN.iCr7r2TdDliazxs6sLO/kmgOqGNHu1CCnGdezV2hx7yOmilOn2', NULL, NULL, 'active', NULL, '2025-12-26 04:30:15', '2025-12-26 04:30:15', NULL),
	(81, 'Lisianty Gouzali', 'lisianty.gouzali', 11, 'user', 'lisianty@hotmail.com', '$2y$12$STNzWHHrwbSZy9E.gdQWa.T2iX1R5pnrfyj7P89COVArIfv6pwyym', NULL, NULL, 'active', NULL, '2025-12-26 04:30:15', '2025-12-26 04:30:15', NULL),
	(82, 'Loransjia Milazania Ongso', 'loransjia.milazania.ongso', 4, 'user', 'mila@piagam.id', '$2y$12$bvJRaU4tNVhO0nJslWEJKe7c64/OP2XXCWgTGGe.yDlkS54zXXJea', NULL, NULL, 'active', NULL, '2025-12-26 04:30:15', '2025-12-26 04:30:15', NULL),
	(83, 'M.Rizky Fahrizal Lubis', 'm.rizky.fahrizal.lubis', 3, 'user', 'rizky@piagam.id', '$2y$12$ocShcAxlcVmcxAoi4hLPhuJjfvaF1wPmT3cT4mAzQ3GBpzhZOeGoe', NULL, NULL, 'active', 'fLqwf3jXbO7l4RyMYfxwkK9cKwxFsVXWo7LZsqwbZrjMDaSDS45Zx8IXwBIQ', '2025-12-26 04:30:15', '2025-12-26 04:30:15', NULL),
	(84, 'Marhatun Awaliah', 'marhatun.awaliah', 4, 'user', 'awaliah@piagam.id', '$2y$12$l4.jrR5RXcLVoTVLSk3.GOqjYqGZnosDnwb./lqB44LkAk2urPYwe', NULL, NULL, 'active', NULL, '2025-12-26 04:30:16', '2025-12-26 04:30:16', NULL),
	(85, 'Masriati Indah Yani', 'masriati.indah.yani', 3, 'user', NULL, '$2y$12$eleo1OBiNr0UNLz6q0QLW.m5ljwdZXulqBbzPndx7t7IhX1N8AZzu', NULL, NULL, 'active', NULL, '2025-12-26 04:30:16', '2025-12-26 04:30:16', NULL),
	(86, 'Matno Roso Gesang', 'matno.roso.gesang', 3, 'user', NULL, '$2y$12$z9mZ9YIBUHDcQejhNyY9M.6pkJcxG5HcBngujpBRKzV2.4sf.5ZRe', NULL, NULL, 'active', NULL, '2025-12-26 04:30:16', '2025-12-26 04:30:16', NULL),
	(87, 'Maulana Sidik', 'maulana.sidik', 5, 'user', NULL, '$2y$12$pWfT4GzrC4dM2RbaApghTO/2A.vC202fzcZ9AoySapwsKF2NHiMTO', NULL, NULL, 'active', NULL, '2025-12-26 04:30:16', '2025-12-26 04:30:16', NULL),
	(88, 'Melawati', 'melawati', 4, 'user', NULL, '$2y$12$q3Ti0OBrQ84UjAA2TGcfouRlJPlhe4aytWIuNgBeqyBTA1oNWke5S', NULL, NULL, 'active', NULL, '2025-12-26 04:30:16', '2025-12-26 04:30:16', NULL),
	(89, 'Millenido Kresna Sejati', 'millenido.kresna.sejati', 3, 'user', NULL, '$2y$12$woajx.WdD1vMlEa7oiX1MuCWeluNw4I08qvcx/hh2Eg.GfJYBiGka', NULL, NULL, 'active', NULL, '2025-12-26 04:30:16', '2025-12-26 04:30:16', NULL),
	(90, 'Miswan', 'miswan', 5, 'user', NULL, '$2y$12$kaRaKUQu46CSFl1eB63akuJGAbB/r1vCV/T7kYkHPO/qaTrLBAjvO', NULL, NULL, 'active', NULL, '2025-12-26 04:30:17', '2025-12-26 04:30:17', NULL),
	(91, 'Mohamad Bahudin', 'mohamad.bahudin', 10, 'user', NULL, '$2y$12$FAv4qZpKIG3IOki10/qtO.tK66d9Db0PN6xclX7Wyb2ljU68jd3Le', NULL, NULL, 'active', NULL, '2025-12-26 04:30:17', '2025-12-26 04:30:17', NULL),
	(92, 'Mohammad Fadly V\'Delon Syam', 'vdelon', 1, 'user', NULL, '$2y$12$YnCGdS0PTih9e2Z3d5gSnenII0Et9YfvSH5arAADfWy3GaFGP6gbi', NULL, NULL, 'active', NULL, '2025-12-26 04:30:17', '2025-12-26 04:30:17', NULL),
	(93, 'Muchammad Fajaryadi', 'muchammad.fajaryadi', 13, 'user', NULL, '$2y$12$npx3esmgn9O0x5m2EoW0eeXt1E0d9OKM6Whfcw0yls0ILCQeBbZxq', NULL, NULL, 'active', NULL, '2025-12-26 04:30:17', '2025-12-26 04:30:17', NULL),
	(94, 'Muhamad Asep Hafidzul Umam', 'muhamad.asep.hafidzul.umam', 1, 'user', 'umam@piagam.id', '$2y$12$8uhD2Xz7nS0atIBjfh5nEO9JWP3VrZfvctm.c1XfOQ9QufhrYZvaK', NULL, NULL, 'active', NULL, '2025-12-26 04:30:17', '2025-12-26 04:30:17', NULL),
	(95, 'Muhamad Ali', 'muhamad.ali', 3, 'user', 'm.ali@piagam.id', '$2y$12$EE0YM2td9wHn5K7Y3I0rGu2/Y7YBm54Ok/LnVUtjXbGnzCN5UUFYu', NULL, NULL, 'active', NULL, '2025-12-26 04:30:17', '2025-12-26 04:30:17', NULL),
	(96, 'Muhamad Azrin', 'muhamad.azrin', 8, 'user', 'azrin@piagam.id', '$2y$12$T.MaKPs6.8NoP2d5Se/nN.SxNaciTZm3AjsMg2OTt6YCEJcMLrsdG', NULL, NULL, 'active', NULL, '2025-12-26 04:30:18', '2025-12-26 04:30:18', NULL),
	(97, 'Muhamad Nurkhoirullah', 'muhamad.nurkhoirullah', 3, 'user', NULL, '$2y$12$ZGW9atRmCedF.m8XqRvhmubytHu/H8ukXXylkXe3YjaGQh9vuqhbS', NULL, NULL, 'active', NULL, '2025-12-26 04:30:18', '2025-12-26 04:30:18', NULL),
	(98, 'Muhamad Hafiz', 'muhamad.hafiz', 3, 'user', NULL, '$2y$12$WuHiSdY520Tvwuu/diRYNOybCKjjH.2f0x0.EMov3lLLQOehjCTWu', NULL, NULL, 'active', NULL, '2025-12-26 04:30:18', '2025-12-26 04:30:18', NULL),
	(99, 'Muhamad Rifky Setiawan', 'muhamad.rifky.setiawan', 3, 'user', NULL, '$2y$12$lsHsDjt62DDjYv4Rr97Iy.MdYgDH0O8Gp.A1ickmjqQlmF99jj5m2', NULL, NULL, 'active', NULL, '2025-12-26 04:30:18', '2025-12-26 04:30:18', NULL),
	(100, 'Muhammad Rizky', 'muhammad.rizky', 8, 'user', 'm.rizky@piagam.id', '$2y$12$z.sPiaAURAckJkKBMF1.2eJVZxVylSG3NmR.MHYQoiKOPyzMFP3wW', NULL, NULL, 'active', NULL, '2025-12-26 04:30:18', '2025-12-26 04:30:18', NULL),
	(101, 'Muhammad Hisyam Ramdhani', 'muhammad.hisyam.ramdhani', 3, 'user', NULL, '$2y$12$IB733QSOvurfdSf.O8g4aOGXDBfyN55fPNTcBDwcRaQffMvC7xD/O', NULL, NULL, 'active', NULL, '2025-12-26 04:30:18', '2025-12-26 04:30:18', NULL),
	(102, 'Muhammad Salman Alfarisi', 'muhammad.salman.alfarisi', 1, 'user', NULL, '$2y$12$EfFVka/KtGzVeWeNRvd2N.Du6sLV/oy904eNLp9qC6vGmNKOMIgCO', NULL, NULL, 'active', NULL, '2025-12-26 04:30:19', '2025-12-26 04:30:19', NULL),
	(103, 'Muhammad Nurfathan Athaillah Humaedi', 'nurfathan', 6, 'admin', NULL, '$2y$12$4nuak30EVL2N6Dh0tQO0renH1WDsJlSiBoOX8zXjaM25/5pYVpmAS', NULL, NULL, 'active', '100|VRzs6OyqdSqsX8lqurBgia9hep3wWTMPVXgtLvlCef1e107a', '2025-12-26 04:30:19', '2026-03-27 06:26:46', NULL),
	(104, 'Mulyasi Rahardja', 'mulyasi.rahardja', 7, 'user', 'mulyasi@piagam.id', '$2y$12$CnPywBJHdr8dgZT38Va.WO455oZvWYlcW4oMQX4bZfpOkFw7cG5ii', NULL, NULL, 'active', NULL, '2025-12-26 04:30:19', '2025-12-26 04:30:19', NULL),
	(105, 'Nabila Nur Fauziah', 'nabila', 2, 'user', 'nabila@piagam.id', '$2y$12$fjtFgBGsyLBO/o/rHqijeesE5Nd1tp8shQFBFCB5sXV7x57JKqS8i', NULL, NULL, 'active', NULL, '2025-12-26 04:30:19', '2025-12-26 04:30:19', NULL),
	(106, 'Nadia Salsabila', 'nadia', 3, 'user', 'nadia@piagam.id', '$2y$12$CSUgKrnyaOXM5N7EUF5Qie59L9ch0.ockHP90j.fU/7az.6W5fKRe', NULL, NULL, 'active', NULL, '2025-12-26 04:30:19', '2025-12-26 04:30:19', NULL),
	(107, 'Nafizka Nisa Azzahra', 'nafizka.nisa.azzahra', 5, 'user', 'admin.gt@piagam.id', '$2y$12$rjogtEhvSpZnwPa716Kf2.AI26zMeWFJk0/dFFG5pBHNKMCY9tPGC', NULL, NULL, 'active', NULL, '2025-12-26 04:30:20', '2025-12-26 04:30:20', NULL),
	(108, 'Nanda Wahyuni', 'nanda.wahyuni', 3, 'user', NULL, '$2y$12$1RcVpR4PZ9oyQ7JrTtl8Gu1BAGY7Azz2OyKTQClwBs3ehdRZ6dWsy', NULL, NULL, 'active', NULL, '2025-12-26 04:30:20', '2025-12-26 04:30:20', NULL),
	(109, 'Nasywa Isbah Hidayah', 'nasywa.isbah.hidayah', 4, 'user', NULL, '$2y$12$pGNjJ/kuCk0UTzIQkfcZseGbG.MqoylrXezkxh7SG9SBhw9X//ycO', NULL, NULL, 'active', NULL, '2025-12-26 04:30:20', '2025-12-26 04:30:20', NULL),
	(110, 'Nawawi', 'nawawi', 8, 'user', 'nawawi@piagam.id', '$2y$12$XgnwvZ9lkAHmg7rjupzXyeaGAdeMtdsPOQvMpRitfPtVvjSKjGfPm', NULL, NULL, 'active', NULL, '2025-12-26 04:30:20', '2025-12-26 04:30:20', NULL),
	(111, 'Neneng Khodijah', 'neneng.khodijah', 7, 'user', 'neneng@piagam.id', '$2y$12$FikLQpsZSZBeXYIotw81R.mmaAlio7H2s3J8FGOZGYjZ8wAu1HJ7O', NULL, NULL, 'active', '87|YU7oJsIuSmxsVgxBQ8x3eHsCJuNJHAdS8FhjsX1T430503b4', '2025-12-26 04:30:20', '2026-03-05 03:43:26', NULL),
	(112, 'Nurhadi Umar', 'nurhadi.umar', 9, 'user', 'nurhadi@piagam.id', '$2y$12$PjA8sF8tqyc8n3QWTqsDM.wmm.2F0IBu4H79jWaxWpXKGDIl4E/va', NULL, NULL, 'active', NULL, '2025-12-26 04:30:20', '2025-12-26 04:30:20', NULL),
	(113, 'Nurhidayat Kamil Pratama', 'nurhidayat', 3, 'user', 'nurhidayat@piagam.id', '$2y$12$XT32fmXd9nnRtalfYXFBsewcWJMlgnZSekrsB6yWIstdWGVn7kaPG', NULL, NULL, 'active', NULL, '2025-12-26 04:30:21', '2025-12-26 04:30:21', NULL),
	(114, 'Nurma Dewi Pangestu', 'nurma.dewi.pangestu', 3, 'user', 'Nurma@piagam.id', '$2y$12$zTVmyINr5R6rrGJo1HRmh.1cTRFfb6mjrHr.FhYjYidHCKVbyor26', NULL, NULL, 'active', NULL, '2025-12-26 04:30:21', '2025-12-26 04:30:21', NULL),
	(115, 'Nurna Bella AP', 'nurna.bella.ap', 5, 'user', 'anggi@piagam.id', '$2y$12$aEVExuyk/ifxaHJ4N.5asOdk0Ps6TMIYn9CGPMYRWe.We9qRbPtPm', NULL, NULL, 'active', NULL, '2025-12-26 04:30:21', '2025-12-26 04:30:21', NULL),
	(116, 'Nurul Hidayah', 'nurul.hidayah', 3, 'user', NULL, '$2y$12$9zvG2c1oTxUKSIg2P55B7etlNTqWS/IauVIFPoOL0SpLHKJoIQbfS', NULL, NULL, 'active', NULL, '2025-12-26 04:30:21', '2025-12-26 04:30:21', NULL),
	(117, 'Pairan', 'pairan', 7, 'user', NULL, '$2y$12$TBuAwERtHTmHrjqkwAoANO8NS0q4nmRgSQhA5GE8reAN2mmue.95q', NULL, NULL, 'active', NULL, '2025-12-26 04:30:21', '2025-12-26 04:30:21', NULL),
	(118, 'Prayugo Pangestu', 'prayugo.pangestu', 10, 'user', NULL, '$2y$12$d2ONzpZSjrfqIC6exvFye.PvNr0PmGDUXFJx.EMAGD3MkGqTw1Hzu', NULL, NULL, 'active', NULL, '2025-12-26 04:30:21', '2025-12-26 04:30:21', NULL),
	(119, 'Rafli Al Qadri', 'rafli', 1, 'user', NULL, '$2y$12$dkvCa65ymZ4B7Lfh/OPoOe8CzAMm3Qd/KLDQC7XfG7gnqF8qcyQTu', NULL, NULL, 'active', NULL, '2025-12-26 04:30:22', '2025-12-26 04:30:22', NULL),
	(120, 'Rahmansyah', 'rahmansyah', 7, 'user', NULL, '$2y$12$UIzu.K7Rdqb22ULcg/fvmObfQXQzD67FhdWkW8uHCJ1dJQHx0qMem', NULL, NULL, 'active', NULL, '2025-12-26 04:30:22', '2025-12-26 04:30:22', NULL),
	(121, 'Rahmat Helan', 'rahmat.helan', 7, 'user', 'rahmat@piagam.id', '$2y$12$rIWIYn4CSi36l/mnPNA.kenweziSUWYOvIJEARpqhqn2K6PDK.iC6', NULL, NULL, 'active', NULL, '2025-12-26 04:30:22', '2025-12-26 04:30:22', NULL),
	(122, 'Rangga Dwiekie Phrabaswara', 'rangga', 4, 'user', NULL, '$2y$12$p0t4NXpF1Ce/XRDTRxeZRONwWnhJJi9TgfretTp5fsszXL.AdqDkK', NULL, NULL, 'active', NULL, '2025-12-26 04:30:22', '2025-12-26 04:30:22', NULL),
	(123, 'Rara Azzahra', 'rara.azzahra', 3, 'user', NULL, '$2y$12$VEnlVtNsYmBxG67S1noY6OlEzUlKV2i30PEmFLrQBIds3eElMLUjK', NULL, NULL, 'active', NULL, '2025-12-26 04:30:22', '2025-12-26 04:30:22', NULL),
	(124, 'Ray Christian Perangin-angin', 'ray.christian.perangin-angin', 2, 'user', 'ray.cp@piagam.id', '$2y$12$5rehpR0onEnQlhOu6bpAR.68GL2.yc0jeqwIVkthl.8ZOliYorP4G', NULL, NULL, 'active', NULL, '2025-12-26 04:30:22', '2025-12-26 04:30:22', NULL),
	(125, 'Raziz Gandi', 'raziz.gandi', 8, 'user', 'raziz@piagam.id', '$2y$12$Wr73ez8mh8s0DxCNuQhO2ODZIoNeNgKbC1.nFTJEsupNDJAVs/TmO', NULL, NULL, 'active', NULL, '2025-12-26 04:30:23', '2025-12-26 04:30:23', NULL),
	(126, 'Refi Indriyani', 'refi', 3, 'user', 'refi@piagam.id', '$2y$12$FpovCUypc.dHIWdmXe1AdeNHHr2q3llOP/iAqGx5Pcw8/vEiAXqou', NULL, NULL, 'active', NULL, '2025-12-26 04:30:23', '2025-12-26 04:30:23', NULL),
	(127, 'Renaldy Alfarizi', 'renaldy.alfarizi', 1, 'user', 'renaldy@piagam.id', '$2y$12$NT28BtDWwVVzzgJlECmFNOk199jgIrFOC5CFI4dmsZ93D3Cq/LMpu', NULL, NULL, 'active', NULL, '2025-12-26 04:30:23', '2025-12-26 04:30:23', NULL),
	(128, 'Rendi Mustapa', 'rendi.mustapa', 3, 'user', NULL, '$2y$12$01KrruZVtDl.paxqVPaBGuQ3fQcDoDOEQYSa72QmX0STDodIy0/Wm', NULL, NULL, 'active', NULL, '2025-12-26 04:30:23', '2025-12-26 04:30:23', NULL),
	(129, 'REZA PRASASTI', 'reza', 1, 'user', NULL, '$2y$12$7.efcwxzttoVc5mNCSc9EewtXwg.OJvBXLtTPBrhsYNIu3tKqxnCa', NULL, NULL, 'active', NULL, '2025-12-26 04:30:23', '2025-12-26 04:30:23', NULL),
	(130, 'Rifky Fajriansyah', 'rifky.fajriansyah', 2, 'user', 'rifky@piagam.id', '$2y$12$gx6cUSytds1kEUyIYA0BNuy8Dv63W.z65kPUiZcZhKNp.VFmrPIhq', NULL, NULL, 'active', NULL, '2025-12-26 04:30:23', '2025-12-26 04:30:23', NULL),
	(131, 'Riko Muhammad Rizki', 'riko.muhammad.rizki', 3, 'user', NULL, '$2y$12$I50f/oVdvAgW0t0M9ESKy.m4gCAbpCaRcfiT5qaOhCrEibGUKN7ru', NULL, NULL, 'active', NULL, '2025-12-26 04:30:24', '2025-12-26 04:30:24', NULL),
	(132, 'Rina Rahayu', 'rina.rahayu', 7, 'user', 'rina@piagam.id', '$2y$12$XZgqXnhzG8K.MZrhw.UMpOT.0W6QFca3HbZroSMGlZ8u.5vzRx7/e', NULL, NULL, 'active', NULL, '2025-12-26 04:30:24', '2025-12-26 04:30:24', NULL),
	(133, 'Rinovi Septiar', 'rinovi.septiar', 14, 'user', 'septiar@piagam.id', '$2y$12$2QX6tmCVAp0Law2GRlB3oeAW1G5vCvaqbmKtQhJq81Y/SUmO1O9nW', NULL, NULL, 'active', NULL, '2025-12-26 04:30:24', '2025-12-26 04:30:24', NULL),
	(134, 'Rivaldo Ryos Hutapea', 'rivaldo.ryos.hutapea', 12, 'user', NULL, '$2y$12$JWIpGX2bBzK2RF2TATWEPuLoRNXFaGSWSjE5FE7A0f.CzGvKnu0CO', NULL, NULL, 'active', NULL, '2025-12-26 04:30:24', '2026-01-05 02:39:56', NULL),
	(135, 'Rizqi Armanda', 'rizqi.armanda', 4, 'user', 'rizqi@piagam.id', '$2y$12$BGtRUGBx.yd2dMT1LtpdVOFUmhF9W/SmyxI.2i0LvgtJcafI5J1Sy', NULL, NULL, 'active', NULL, '2025-12-26 04:30:24', '2025-12-26 04:30:24', NULL),
	(136, 'Rodo Evan Bonatua', 'rodo', 12, 'user', 'legal02@piagam.id', '$2y$12$xPcYgtJAGDy7e8n4moiMH.rXmX7lyOtRmfzm/LycXe6ZcQj895yKC', NULL, NULL, 'active', NULL, '2025-12-26 04:30:25', '2025-12-26 04:30:25', NULL),
	(137, 'Ropitasari', 'ropitasari', 14, 'user', 'ropitasari@piagam.id', '$2y$12$smwwHjNbyuQOPjJ7qJf5I.IpggsPbaJ0XV4FyEKXlaQb/chfd.m0W', NULL, NULL, 'active', NULL, '2025-12-26 04:30:25', '2025-12-26 04:30:25', NULL),
	(138, 'Rosanna Mulak Roha Simanjorang', 'rosanna.mulak.roha.simanjorang', 3, 'user', NULL, '$2y$12$iCbxCPskPn8iBqNcPuln1.TnDqijW2b0ykcFdbMaUX1IYx/iqwQjG', NULL, NULL, 'active', NULL, '2025-12-26 04:30:25', '2025-12-26 04:30:25', NULL),
	(139, 'Ryan Gagas Setiyanto', 'ryan', 9, 'user', 'piagam.b2b@gmail.com', '$2y$12$rYJ6xTKezD0jQh9F8RVixOjmqhVD2JSJCp8U9gNiGsy7M17wCbh7y', NULL, NULL, 'active', NULL, '2025-12-26 04:30:25', '2025-12-26 04:30:25', NULL),
	(140, 'Sahrul Ramadan', 'sahrul.ramadan', 3, 'user', NULL, '$2y$12$14YYZTXGAO9PeK0CBOJuf.rJr1NkTTu4iwT4uc3P0WFZXGfVwEny2', NULL, NULL, 'active', NULL, '2025-12-26 04:30:25', '2025-12-26 04:30:25', NULL),
	(141, 'Sandy Aprianto', 'sandy.aprianto', 3, 'user', 'sandy@piagam.id', '$2y$12$wkO/Zm2Lof6gyfhx3/UJmuJ5VKO4pA3KsH3rWYiXaNe2uWYm7AelK', NULL, NULL, 'active', NULL, '2025-12-26 04:30:25', '2025-12-26 04:30:25', NULL),
	(142, 'Sarah Fadhilah', 'sarah.fadhilah', 3, 'user', 'sarah@piagam.id', '$2y$12$OEQZzvqp73fWReXK2woDYejtOJMApmEzbM3RH/aXhQRkGDI1rEWiq', NULL, NULL, 'active', NULL, '2025-12-26 04:30:26', '2025-12-26 04:30:26', NULL),
	(143, 'Sefril Hidayat', 'sefril.hidayat', 8, 'user', NULL, '$2y$12$cZrsb4uiUj.Z3NfLezZVaehghAuUseh.G/aHPbShgjUgj.37bSwPa', NULL, NULL, 'active', NULL, '2025-12-26 04:30:26', '2025-12-26 04:30:26', NULL),
	(144, 'Shoona Kabila Mahaaba', 'shoona.kabila.mahaaba', 7, 'user', 'shoona@piagam.id', '$2y$12$NJSlv5Fxu32ebVkAV5SMXujCX/.hbY25Y2QM3lyxi8MEr8XsvHvaO', NULL, NULL, 'active', NULL, '2025-12-26 04:30:26', '2025-12-26 04:30:26', NULL),
	(145, 'Silvia Febriani', 'silvia.febriani', 10, 'user', 'silvia@piagam.id', '$2y$12$tCdUF6Uq0/v4DWAL8G5/KOIXR32kmONJAZddkKaHW0u7SpkYaarbK', NULL, NULL, 'active', NULL, '2025-12-26 04:30:26', '2025-12-26 04:30:26', NULL),
	(146, 'Simon Gunawan Gouzali', 'simon.gunawan.gouzali', 11, 'user', 'simon@piagam.id', '$2y$12$rXD6YjO9JA0s2amSWVXEme/Qqw7v1t987utUgsh485hFNh0ij7tUW', NULL, NULL, 'active', NULL, '2025-12-26 04:30:26', '2025-12-26 04:30:26', NULL),
	(147, 'Siska Amelia', 'siska.amelia', 3, 'user', 'siska@piagam.id', '$2y$12$fG2FUsqLq46Ehvsk75O3Lud/Piq67j.nkuFcyQo5TRf/icdGW8rCy', NULL, NULL, 'active', NULL, '2025-12-26 04:30:26', '2025-12-26 04:30:26', NULL),
	(148, 'Siti Rifdatul Adawiyah', 'siti.rifdatul.adawiyah', 3, 'user', 'rifda@piagam.id', '$2y$12$t9fSCBOu5P3038sgcuRxfO5f.bA5U6Ptihi/oAZc3RYzEfF7YNT.6', NULL, NULL, 'active', NULL, '2025-12-26 04:30:27', '2025-12-26 04:30:27', NULL),
	(149, 'Suheri', 'suheri', 5, 'user', NULL, '$2y$12$r5cXvwr5dhV/AKmbtgSJ7O0R3EawFpVZg/.5uU/wYU1G0VbdpRSgG', NULL, NULL, 'active', NULL, '2025-12-26 04:30:27', '2025-12-26 04:30:27', NULL),
	(150, 'Supply Chain Group', 'supply.chain.group', 5, 'user', 'supplychain.operational@piagam.id', '$2y$12$vpiERiAyiaBimDfstcypt.kNaYVGUtCA1/m4q1mdORZOaVm.it57W', NULL, NULL, 'active', NULL, '2025-12-26 04:30:27', '2025-12-26 04:30:27', NULL),
	(151, 'Suwanto', 'suwanto', 5, 'user', NULL, '$2y$12$EqkqdYJ7b2PCP/6OJMqap.K9mYuuTzsT74.5eI4YObRKqW2VRfYX6', NULL, NULL, 'active', NULL, '2025-12-26 04:30:27', '2025-12-26 04:30:27', NULL),
	(152, 'Syahrul Hadiana', 'syahrul.hadiana', 13, 'user', NULL, '$2y$12$83Cv2LsOZOVu8c/v1Yt5Kuj5gJGaH5ANUybAalvTQMgtCyaggivHu', NULL, NULL, 'active', NULL, '2025-12-26 04:30:27', '2025-12-26 04:30:27', NULL),
	(153, 'Tabita Maharani Wijaya', 'tabita', 2, 'user', NULL, '$2y$12$.Pg.H6/O6r/9n8z9C3pTF.B0M/Ajn6lMMB58YLKOr7E0A31Tq/S/O', NULL, NULL, 'active', NULL, '2025-12-26 04:30:27', '2025-12-26 04:30:27', NULL),
	(154, 'Tamat Sodikin', 'tamat.sodikin', 5, 'user', NULL, '$2y$12$8l61dgYvaT3GO2sl6sjOxucPvuXBUGaOw4Stoxdm7/IsL0ktEkKqS', NULL, NULL, 'active', NULL, '2025-12-26 04:30:28', '2025-12-26 04:30:28', NULL),
	(155, 'Tiara Nur Azizah', 'tiara.nur.azizah', 5, 'user', 'tiara@piagam.id', '$2y$12$2jq1v0vCtJawJUyDGylQ8edMOATd5H4AJ7mmzIB09h8Iwzhyl3Zo6', NULL, NULL, 'active', NULL, '2025-12-26 04:30:28', '2025-12-26 04:30:28', NULL),
	(156, 'Timothy Muryo Wiyoso', 'timothy.muryo.wiyoso', 7, 'user', 'timothy@piagam.id', '$2y$12$7zTQluClGdiMnoJ44pV/JebZrXlxvHqttw5hTf0depGxqjCRidZL.', NULL, NULL, 'active', NULL, '2025-12-26 04:30:28', '2025-12-26 04:30:28', NULL),
	(157, 'Tri Ardiyansyah', 'tri.ardiyansyah', 3, 'user', NULL, '$2y$12$7f12Hl1EF1OrFNTL4kjFRe8Pj3bB7klkMAllWg75ftFChO4VvVNvy', NULL, NULL, 'active', NULL, '2025-12-26 04:30:28', '2025-12-26 04:30:28', NULL),
	(158, 'Trijuariyogo', 'trijuariyogo', 3, 'user', 'trijuariyogo@piagam.id', '$2y$12$DxqFLy.qW2RrStgEhi.7c.x15oY5q62eO23TVv0UQv.ZLZTY1UY8u', NULL, NULL, 'active', NULL, '2025-12-26 04:30:28', '2025-12-26 04:30:28', NULL),
	(159, 'Trinita', 'trinita', 5, 'user', 'dc.admin@piagam.id', '$2y$12$d9Rl9l8JY.LPErOL6j4USe4dniecvyJCRT8NtpYWZ2kaysCDPLCmy', NULL, NULL, 'active', NULL, '2025-12-26 04:30:28', '2025-12-26 04:30:28', NULL),
	(160, 'Trisha', 'trisha', 4, 'user', NULL, '$2y$12$XrtclLbt626v2aVTnM16mOnc7LQp1Bu3DXuUyKInrH.vXyStX30Wu', NULL, NULL, 'active', NULL, '2025-12-26 04:30:29', '2025-12-26 04:30:29', NULL),
	(161, 'Tugino', 'tugino', 1, 'user', NULL, '$2y$12$jPYqHSJ2jkMUe5obEbgLF.BF42uPLT9rD2CFlLpNTSJgyp7fqQ3g6', NULL, NULL, 'active', NULL, '2025-12-26 04:30:29', '2025-12-26 04:30:29', NULL),
	(162, 'Tuti Hidayah', 'tuti.hidayah', 7, 'user', 'tuti.hidayah@piagam.id', '$2y$12$7EtxuHi2DFO2bU0Ukb7il.TogDQgCSQLML/vE/jbfVsHzxGypYH0C', NULL, NULL, 'active', NULL, '2025-12-26 04:30:29', '2025-12-26 04:30:29', NULL),
	(163, 'Ujang Soparudin', 'ujang.soparudin', 7, 'user', NULL, '$2y$12$lZMyTN20/J2MEqm23wtkUuIxmPrOAapQzYoYY/m7ZzeLQjuo11Uc.', NULL, NULL, 'active', NULL, '2025-12-26 04:30:29', '2025-12-26 04:30:29', NULL),
	(164, 'Umar Sahid', 'umar.sahid', 5, 'user', NULL, '$2y$12$52oLkzHQnxdg3WxERmaqvOCHCAGn6SUF7ENjAX.yBhmVRvonpmyhm', NULL, NULL, 'active', NULL, '2025-12-26 04:30:29', '2025-12-26 04:30:29', NULL),
	(165, 'Wahyuni', 'wahyuni', 10, 'user', 'admin.sales@piagam.id', '$2y$12$R9bmpfYJ/zMnn.RI.KePludF/NsV8WShNuw8GzbFxtjJydtsUUx/G', NULL, NULL, 'active', NULL, '2025-12-26 04:30:30', '2025-12-26 04:30:30', NULL),
	(166, 'Wandi Prawisnu Simanullang', 'wandi.prawisnu.simanullang', 2, 'user', 'wandi@piagam.id', '$2y$12$j4vTvcBRbeWwSRQIhAk44OYED1bfHbNcRXwgEbL/q7LGGp9Lq7A/G', NULL, NULL, 'active', NULL, '2025-12-26 04:30:30', '2025-12-26 04:30:30', NULL),
	(167, 'Warsito', 'warsito', 8, 'user', 'storegoto.coordinator@piagam.id', '$2y$12$YaXC7MCl1ZcrwqZ9tuiHdOxtv4Pt58.dalyTZ3yMwDxyoTt4EU1oe', NULL, NULL, 'active', NULL, '2025-12-26 04:30:30', '2025-12-26 04:30:30', NULL),
	(168, 'Wawan Ridwan', 'wawan.ridwan', 3, 'user', NULL, '$2y$12$ZdsDJrbcETKgxE8ZzLkhs.q8yq2M7cvvLNxSW2.Wb8pmlFaACkDKa', NULL, NULL, 'active', NULL, '2025-12-26 04:30:30', '2025-12-26 04:30:30', NULL),
	(169, 'Yopy Chandra', 'yopy.chandra', 5, 'user', NULL, '$2y$12$AY5B7Y4AJH6Q4OhW2R3FUe.hd1yh4s6rl84li4IkCqKiP2JyHu1EG', NULL, NULL, 'active', NULL, '2025-12-26 04:30:30', '2025-12-26 04:30:30', NULL),
	(170, 'Yosefhin Tesalonika', 'yosefhin.tesalonika', 7, 'user', 'yose@piagam.id', '$2y$12$yJ2NEZBTR9DCHO.txvW0q.ujQYC9l23uh7Y34S2sbo5OP6Vvl50Wi', NULL, NULL, 'active', '51|KFkCPOCfKDk2GUrwCBpbDJ5nk5d2MkGH1I4k1hTLeedac345', '2025-12-26 04:30:30', '2026-02-09 07:28:57', NULL),
	(173, 'Yulliemty', 'yuli', 6, 'admin', 'it@piagam.id', '$2y$12$BINSAWQ4TxQ2kgpiB3N4BeysSYKS1.Tg59cmrHGmQJXwM7rBQjoku', NULL, NULL, 'active', '85|18wVkKYAh8u36cqvYf3AMBT6MCbcSMwllqVygHxj4f845498', '2026-01-05 02:24:30', '2026-03-03 07:03:22', NULL),
	(174, 'Finance', 'finance', 7, 'user', 'finance@piagam.id', '$2y$12$MXxuuT/.1oFDE3QfZCoux.QV4L5kAqK8i8C92dPO5vhva5k/JaWWC', NULL, NULL, 'active', '96|xewfdGwZwoec9tlBShjah4YuiYZegWwoVcvDYq5838e8b6a2', '2026-01-05 02:26:50', '2026-03-17 09:51:40', NULL),
	(175, 'Human Capital & General Affair', 'hcga', 1, 'user', 'hcga@piagam.id', '$2y$12$D5hlYVRuE7S8ztb6ew3nX.qNSqsoDAg1sDbJcODWKesZo17Y4/y6a', NULL, NULL, 'active', '80|7rCGcQaeiV5iLWJvr66LckXJCPBhnLmmBQlcfbHIf20dc17b', '2026-01-05 02:28:04', '2026-02-26 04:20:32', NULL),
	(176, 'Product', 'product', 4, 'user', 'product@piagam.id', '$2y$12$7aJw2vfk.nM7Il8zue7iUeYWXADHx6HfJ8YFiEkQNnN3Zp5et5q0u', NULL, NULL, 'active', '88|PvDB6Pv35GtfS8JPL8tIs7W4EYN3HV3cr1oHbgqy7719e9a2', '2026-01-05 02:33:17', '2026-03-05 07:46:23', NULL),
	(177, 'Legal', 'legal', 12, 'user', 'legal@piagam.id', '$2y$12$Rj6SFzRkHoqY4kFqsMYZmeg4vbOaIc30KDdPGp0T4nSP9onfGqnOO', NULL, NULL, 'active', '78|l723mqhRoyE78OqUwJMqqDlCTMvA4T9iyt9u9bSDa3344f88', '2026-01-05 02:39:13', '2026-02-23 04:42:03', NULL),
	(183, 'Marketing', 'marketing', 2, 'user', 'marketing@piagam.id', '$2y$12$3Im.nK6iP5viscK3UsuXFunbw7Uklwup/tEvZIS/txoNRbfShp6J6', NULL, NULL, 'active', NULL, '2026-01-05 02:44:57', '2026-01-05 02:44:57', NULL),
	(184, 'Warehouse Gosave', 'wh.gosave', 5, 'user', NULL, '$2y$12$xKiM7JF/AoEntEA66W4HBOEHsGhMZJmZM91KsC1ERFAkrpi1bFUXm', NULL, NULL, 'active', '104|M49oxVwpZrPviFzqeZ1KGbqO3K1rjjVJSGCilXLZ51730e2a', '2026-01-05 02:49:24', '2026-03-30 03:37:04', NULL),
	(185, 'Warehouse GOTO', 'wh.goto', 28, 'user', NULL, '$2y$12$OgIogcpt57BgmshvPc6DaOUs.fBUyd1GhWk9/Ce0U/VDBElIxR/9a', NULL, NULL, 'active', '102|PKGx51d7U7bbbFeBlSvB4DJrojj8KLzA8Hhlrxcocce2d495', '2026-01-05 03:18:52', '2026-03-30 02:06:56', NULL),
	(186, 'Gosave GT', 'gosave.gt', 10, 'user', NULL, '$2y$12$vVR34GG/En2CW8UCkFEUJ.BLg7Je6i6xufDk1Q58glCE5X1WXvgwi', NULL, NULL, 'active', '95|JVIkttBAx1AFUnxFSpr6fVm79Ogi5yIKqYX25ymf98ef1e4d', '2026-01-05 03:23:20', '2026-03-17 01:07:31', NULL),
	(187, 'Gosave B2B', 'gosave.b2b', 9, 'user', NULL, '$2y$12$Ixr5jt7PSDlzPKGYJwIFmehTwPgYiAb8qjXmbnqo3XDL3us6Xqrle', NULL, NULL, 'active', NULL, '2026-01-05 03:24:02', '2026-01-05 03:24:02', NULL),
	(188, 'Gosave E-Commerce', 'gosave.ecom', 29, 'user', NULL, '$2y$12$XxNRa3h8Vt2cKGq/ppBipeEObVfFvospFqcl.HbZMIjp/0MFha80e', NULL, NULL, 'active', '9ZyFn7kitbZydPmLhaTlw1TaALvYbojY9UKSogUD8xo680CroR8flwFlFSH5', '2026-01-05 03:29:51', '2026-01-05 03:32:08', NULL),
	(190, 'GOTO Store Pasar Lama', 'store1', 8, 'user', NULL, '$2y$12$BBK5D3e9CANMqzknkpCumOTjIl3AyNFXCQaFG8kujGLEfiSWi6Dhe', NULL, NULL, 'active', 'irrpne9uTFyXeXQdD0JOuaSBhoUPVvwQUUBb4UOafRHDgN7TkY2llyGyqioU', '2026-01-05 03:34:41', '2026-01-05 03:34:41', NULL),
	(191, 'GOTO Store Poris', 'store2', 16, 'user', NULL, '$2y$12$GbSsaRRkZLlwLdRFZxm4.uzHGsALmF2Li2D0I.LeIGXOq2oJRQluK', NULL, NULL, 'active', NULL, '2026-01-05 03:35:27', '2026-01-05 03:35:27', NULL),
	(192, 'GOTO Store Kalideres', 'store3', 17, 'user', NULL, '$2y$12$fPcWgkP4D3uyxvuaJn6X8eBpov9DQYvJbs7zy/kn3ATI2MkPxRknm', NULL, NULL, 'active', NULL, '2026-01-05 03:36:14', '2026-01-05 03:36:14', NULL),
	(193, 'GOTO Store Banjar Wijaya', 'store4', 18, 'user', NULL, '$2y$12$kybvNB7IMJBThBf0E9E/CObGeFdgmakBePfbEwPEtCzmU9A/Ypyti', NULL, NULL, 'active', '03RzTn4ltc4QN4K40cegkW9RKXDbv8itZxJx8cXXVrghbHfmAj8St0WLie2x', '2026-01-05 03:40:42', '2026-01-05 03:40:42', NULL),
	(194, 'GOTO Store Talaga Bestari', 'store5', 19, 'user', NULL, '$2y$12$hEVrp4UMlCZrEILq7uVUZuXNVfUFz2pfKG4FWwtonY5PRHstB2wzC', NULL, NULL, 'active', NULL, '2026-01-05 03:42:43', '2026-01-05 03:42:43', NULL),
	(195, 'GOTO Store Karawaci', 'store6', 20, 'user', NULL, '$2y$12$IzQABtxQiTh0nYUjPlZKB.ZF16fBWlQT.lKoCm8N9yQxZj68jupcq', NULL, NULL, 'active', NULL, '2026-01-05 03:44:42', '2026-01-05 03:44:42', NULL),
	(196, 'GOTO Store Karawaci 2', 'store7', 21, 'user', NULL, '$2y$12$HkGeBJZbbDherhbDbuGU5O1A/sEz4xBlip5WsJJb1dVeqn0SlhdGu', NULL, NULL, 'active', NULL, '2026-01-05 03:46:27', '2026-01-05 03:46:27', NULL),
	(197, 'GOTO Store Ciledug', 'store8', 22, 'user', NULL, '$2y$12$0ODEs/npMvJ/GotFQdK7pucu0uxoK.cSBcsf.uSgfjyT2MzutaWQe', NULL, NULL, 'active', 'r4joU3ZNFhGiRubVrxXCRo8VbJPwFbTsGjqTenH0RzmwZ5UP0nXb4wud4GMy', '2026-01-05 03:47:19', '2026-01-05 03:47:19', NULL),
	(198, 'GOTO Store Kelapa Dua', 'store 10', 23, 'user', NULL, '$2y$12$TZQBLE4W0WswARqk1woHo./tWOAwbXo7kLSU8rU4E.tVgInxircDK', NULL, NULL, 'active', NULL, '2026-01-05 03:50:48', '2026-01-05 03:50:48', NULL),
	(199, 'GOTO Store Sepatan', 'store11', 24, 'user', NULL, '$2y$12$/6f57ccx8W5EDaCM16VHL.hFEj5uF8dVA.gBLC1o5thyEUk9wIZEm', NULL, NULL, 'active', NULL, '2026-01-05 03:51:24', '2026-01-05 03:51:24', NULL),
	(200, 'GOTO Store Pamulang', 'store12', 25, 'user', NULL, '$2y$12$vzt78Cs16742R7m57T4EnOXd43Nya2mDYMXaSfxH9QiKuuQ84Zb3G', NULL, NULL, 'active', NULL, '2026-01-05 03:52:00', '2026-01-05 03:52:00', NULL),
	(201, 'GOTO Store Ciledug Indah', 'store13', 26, 'user', NULL, '$2y$12$kQptijlDxUUXlEp5b9NycuNAYYw8lMlu3B4LWqy.0aUf3qfhHj0Ge', NULL, NULL, 'active', NULL, '2026-01-05 03:52:42', '2026-01-05 03:52:42', NULL),
	(202, 'GOTO Store Dasana Indah', 'store14', 27, 'user', NULL, '$2y$12$zXnBvLot1ynRTvumXkTqHOxcF4NYWy1ljvTLvqeAKQZH81kN4M3l.', NULL, NULL, 'active', NULL, '2026-01-05 03:53:25', '2026-01-05 03:53:25', NULL),
	(203, 'GOTO Store HO', 'store.ho', 30, 'user', NULL, '$2y$12$oyJ2VzKHkXgc2kAnJ/ziNemRnmkljYGUvj1z1TVSJLtIXdLC.FWg2', NULL, NULL, 'active', '101|T8zeCFyBuyBPTwrQq5ht2P3PRPfSqRKZMWeJ3YHSb0ea57c0', '2026-01-05 07:35:56', '2026-03-30 01:27:57', NULL),
	(207, 'GOTO E-Commerce', 'goto.ecom', 3, 'user', NULL, '$2y$12$P4S6svtE2QhGpOkQky2Ss.udd5HJ7EJAlAvefn/8tOe8WIcXpGIny', NULL, NULL, 'active', '98|Q4mDvcNKfSQPWbfbTugfrnLL5NiRdq8BxwdrauiU56439c2c', '2026-01-05 07:42:47', '2026-03-25 07:54:16', NULL),
	(208, 'Pilkada', 'pilkada', 14, 'user', NULL, '$2y$12$z/MrKO0GxNp/K33Ue5778ujo/WvSozSo1rqaagoMaegk/As4vCJxe', NULL, NULL, 'active', NULL, '2026-01-09 04:28:58', '2026-01-09 04:28:58', NULL),
	(209, 'GOTO GT', 'goto.gt', 30, 'user', NULL, '$2y$12$g.Jowj6xalPmiJSULirPx.hlj0pYuUs2mXldy66kglAzIy2yxY0j2', NULL, NULL, 'active', NULL, '2026-01-13 08:45:20', '2026-01-13 08:45:20', NULL),
	(212, 'M Ali', 'm.ali', 11, 'user', NULL, '$2y$12$RfSLYeSV3UMl.BuZupc.YeUDlJ/b8JFLICIh.neUKMf0D13FXUiAe', NULL, NULL, 'active', NULL, '2026-01-13 08:49:22', '2026-01-13 08:49:22', NULL),
	(213, 'Pikasa', 'pikasa', 13, 'user', NULL, '$2y$12$Ts3ZpFWKb1/uU6sLSrMn4.hxguZotXGDpeeDoSlGO2y5BSlCV0Skq', NULL, NULL, 'active', '83|jyzUjGia435R96o7Tn4q2I4Dl8OZqUvWAAPBCHvS5447faa4', '2026-01-30 09:24:05', '2026-02-26 09:21:38', NULL),
	(214, 'testing', 'test', 1, 'user', 'test@gmail', '$2y$12$Y7sSNbIOxriecB5TDvdSZOo3PcRJg3edhnj3pWpR3jFg5DvHSt28K', NULL, NULL, 'active', '19|m7bkigVZrbolnVkaIQpyBkp6UsHyIedHKqTq4yea98a3f811', '2026-02-06 03:42:11', '2026-02-06 03:42:41', NULL),
	(215, 'Bayu Noegroho', 'bayu.noegroho', 6, 'user', 'bayu@piagam.com', '$2y$12$ViZ7brHI1oghWOPS5EiwOuvWywdkJIoD3Ng0.TCGRYC15VR7.ufdy', NULL, NULL, 'active', '24|Vqb931B3bFB8wnxoew61yrchhG2BmAYQZo04GGoX24d6d650', '2026-02-06 03:50:23', '2026-02-06 03:51:47', NULL),
	(216, 'Gotostore sepatan', 'Gotostore11', 24, 'user', 'gotostore11.operasional@piagam.id', '$2y$12$kArDBEDwNIOYXHvwLjkFqumuTv5Z5X9vm4AR2QRpt2fDk6pyDQgii', NULL, NULL, 'inactive', NULL, '2026-03-13 01:25:56', '2026-03-13 01:25:56', NULL);

/*!40103 SET TIME_ZONE=IFNULL(@OLD_TIME_ZONE, 'system') */;
/*!40101 SET SQL_MODE=IFNULL(@OLD_SQL_MODE, '') */;
/*!40014 SET FOREIGN_KEY_CHECKS=IFNULL(@OLD_FOREIGN_KEY_CHECKS, 1) */;
/*!40101 SET CHARACTER_SET_CLIENT=@OLD_CHARACTER_SET_CLIENT */;
/*!40111 SET SQL_NOTES=IFNULL(@OLD_SQL_NOTES, 1) */;
